lane,stage,fold,target_variant,feature_variant,outlier_policy,imputation,synthesis,model,config_key,status,error,n_train,n_test,n_features,balanced_accuracy,accuracy,f1_weighted,f1_macro,precision_weighted,precision_macro,recall_weighted,recall_macro,roc_auc,pr_auc,sensitivity,specificity,ordinal_mae,adjacent_error_rate,distant_error_rate,recall_class_0,recall_class_1,recall_class_2,recall_class_3
strict,final_5x2,0,mayo_4class,drop_gt70_missing,none,pmm,tvae,stacking,mayo_4class|drop_gt70_missing|none|pmm|tvae|stacking,ok,,252,126,47,0.3500997291758161,0.31746031746031744,0.2955808259729656,0.3031833095619611,0.36129822914769455,0.3367626120215528,0.31746031746031744,0.3500997291758161,,,,,1.0555555555555556,0.42857142857142855,0.25396825396825395,0.4782608695652174,0.125,0.20454545454545456,0.5925925925925926
strict,final_5x2,0,mayo_4class,drop_gt70_missing,none,pmm,tvae,catboost,mayo_4class|drop_gt70_missing|none|pmm|tvae|catboost,ok,,252,126,47,0.31554219733567557,0.35714285714285715,0.3241864245548844,0.2960372913946974,0.32679043839758126,0.3091856060606061,0.35714285714285715,0.31554219733567557,,,,,0.8809523809523809,0.4523809523809524,0.19047619047619047,0.13043478260869565,0.125,0.6363636363636364,0.37037037037037035
strict,final_5x2,0,mayo_4class,drop_gt70_missing,none,gain,none,rf,mayo_4class|drop_gt70_missing|none|gain|none|rf,ok,,126,126,47,0.3502060917142439,0.3888888888888889,0.3636684767951067,0.336509839045336,0.35562164221414805,0.3394894040385844,0.3888888888888889,0.3502060917142439,,,,,0.8492063492063492,0.4126984126984127,0.1984126984126984,0.08695652173913043,0.21875,0.6136363636363636,0.48148148148148145
strict,final_5x2,0,mayo_4class,drop_gt70_missing,none,gain,none,stacking,mayo_4class|drop_gt70_missing|none|gain|none|stacking,ok,,126,126,47,0.3851524758454106,0.36507936507936506,0.35843827721134935,0.36513663863822804,0.3774514850985439,0.36723370429252783,0.36507936507936506,0.3851524758454106,,,,,0.9365079365079365,0.40476190476190477,0.23015873015873015,0.391304347826087,0.34375,0.25,0.5555555555555556
strict,final_5x2,0,mayo_4class,all,none,mean,none,stacking,mayo_4class|all|none|mean|none|stacking,ok,,126,126,55,0.29646213036158686,0.2698412698412698,0.2463406052076003,0.25701970443349753,0.2909716818072613,0.2775196501611596,0.2698412698412698,0.29646213036158686,,,,,1.0793650793650793,0.47619047619047616,0.25396825396825395,0.2608695652173913,0.21875,0.11363636363636363,0.5925925925925926
strict,final_5x2,0,mayo_4class,all,none,mean,tvae,stacking,mayo_4class|all|none|mean|tvae|stacking,ok,,252,126,55,0.34642050029278293,0.30952380952380953,0.2608354681391567,0.28665256416116275,0.3366925090981695,0.3269689822755861,0.30952380952380953,0.34642050029278293,,,,,0.9841269841269841,0.46825396825396826,0.2222222222222222,0.30434782608695654,0.40625,0.045454545454545456,0.6296296296296297
strict,final_5x2,0,mayo_4class,drop_gt70_missing,none,pmm,none,rf,mayo_4class|drop_gt70_missing|none|pmm|none|rf,ok,,126,126,47,0.3454506569316352,0.38095238095238093,0.35434452788603005,0.33073294492415756,0.3490606647982847,0.33500129634430903,0.38095238095238093,0.3454506569316352,,,,,0.8650793650793651,0.4126984126984127,0.20634920634920634,0.13043478260869565,0.15625,0.6136363636363636,0.48148148148148145
strict,final_5x2,0,mayo_4class,all,none,mean,none,rf,mayo_4class|all|none|mean|none|rf,ok,,126,126,55,0.369051703630508,0.40476190476190477,0.3895179662971668,0.3634565994193404,0.38680014211774644,0.3699153055051422,0.40476190476190477,0.369051703630508,,,,,0.8809523809523809,0.3492063492063492,0.24603174603174602,0.17391304347826086,0.28125,0.6136363636363636,0.4074074074074074
strict,final_5x2,0,mayo_4class,drop_gt70_missing,none,mice,none,stacking,mayo_4class|drop_gt70_missing|none|mice|none|stacking,ok,,126,126,47,0.31038876079636946,0.2777777777777778,0.2513744679158213,0.2683583959899749,0.27777164256756093,0.2739351422387137,0.2777777777777778,0.31038876079636946,,,,,1.0634920634920635,0.49206349206349204,0.23015873015873015,0.34782608695652173,0.1875,0.11363636363636363,0.5925925925925926
strict,final_5x2,0,mayo_4class,drop_gt70_missing,none,mean,none,stacking,mayo_4class|drop_gt70_missing|none|mean|none|stacking,ok,,126,126,47,0.3084833845703411,0.29365079365079366,0.28544769631990724,0.2872988505747126,0.3107121053549625,0.29716117216117216,0.29365079365079366,0.3084833845703411,,,,,1.0396825396825398,0.46825396825396826,0.23809523809523808,0.2608695652173913,0.25,0.20454545454545456,0.5185185185185185
strict,final_5x2,0,mayo_4class,all,none,softimpute,tvae,stacking,mayo_4class|all|none|softimpute|tvae|stacking,ok,,252,126,55,0.35131317706045967,0.3492063492063492,0.34262125676894484,0.3392799631930067,0.35000000000000003,0.3424242424242424,0.3492063492063492,0.35131317706045967,,,,,0.9285714285714286,0.4444444444444444,0.20634920634920634,0.30434782608695654,0.21875,0.36363636363636365,0.5185185185185185
strict,final_5x2,0,mayo_4class,drop_gt70_missing,none,pmm,none,stacking,mayo_4class|drop_gt70_missing|none|pmm|none|stacking,ok,,126,126,47,0.3640355090762699,0.3333333333333333,0.3171185140722956,0.3328518907563025,0.3380095965461819,0.3345609294161123,0.3333333333333333,0.3640355090762699,,,,,0.9841269841269841,0.4365079365079365,0.23015873015873015,0.43478260869565216,0.34375,0.1590909090909091,0.5185185185185185
strict,final_5x2,0,mayo_4class,all,none,mean,none,catboost,mayo_4class|all|none|mean|none|catboost,ok,,126,126,55,0.359029607670912,0.3968253968253968,0.3845685216463205,0.356487617379458,0.38078231292517006,0.3619047619047619,0.3968253968253968,0.359029607670912,,,,,0.8968253968253969,0.373015873015873,0.23015873015873015,0.17391304347826086,0.375,0.5909090909090909,0.2962962962962963
strict,final_5x2,1,mayo_4class,drop_gt70_missing,none,pmm,tvae,stacking,mayo_4class|drop_gt70_missing|none|pmm|tvae|stacking,ok,,252,126,47,0.34618506493506496,0.29365079365079366,0.238192297088647,0.27246126720936337,0.20871087537754204,0.23512148512148512,0.29365079365079366,0.34618506493506496,,,,,1.126984126984127,0.3888888888888889,0.31746031746031744,0.5454545454545454,0.375,0.0,0.4642857142857143
strict,final_5x2,1,mayo_4class,drop_gt70_missing,none,pmm,tvae,catboost,mayo_4class|drop_gt70_missing|none|pmm|tvae|catboost,ok,,252,126,47,0.33867694805194803,0.35714285714285715,0.3591914258580925,0.3423076923076923,0.3626743626743627,0.3474967061923584,0.35714285714285715,0.33867694805194803,,,,,0.9126984126984127,0.42857142857142855,0.21428571428571427,0.18181818181818182,0.3125,0.4318181818181818,0.42857142857142855
strict,final_5x2,1,mayo_4class,drop_gt70_missing,none,gain,none,rf,mayo_4class|drop_gt70_missing|none|gain|none|rf,ok,,126,126,47,0.3149350649350649,0.36507936507936506,0.34261824413967057,0.3099214639495384,0.3723145614449962,0.3558591770548292,0.36507936507936506,0.3149350649350649,,,,,0.8650793650793651,0.4444444444444444,0.19047619047619047,0.13636363636363635,0.25,0.6590909090909091,0.21428571428571427
strict,final_5x2,1,mayo_4class,drop_gt70_missing,none,gain,none,stacking,mayo_4class|drop_gt70_missing|none|gain|none|stacking,ok,,126,126,47,0.2775974025974026,0.24603174603174602,0.22646788924685107,0.24097787013989364,0.2859231297365171,0.2725956179303035,0.24603174603174602,0.2775974025974026,,,,,1.2063492063492063,0.3888888888888889,0.36507936507936506,0.36363636363636365,0.25,0.06818181818181818,0.42857142857142855
strict,final_5x2,1,mayo_4class,all,none,mean,none,stacking,mayo_4class|all|none|mean|none|stacking,ok,,126,126,55,0.34659090909090906,0.30158730158730157,0.2749391998514805,0.29637426900584796,0.317139631856613,0.31352685050798257,0.30158730158730157,0.34659090909090906,,,,,1.1111111111111112,0.35714285714285715,0.3412698412698413,0.5454545454545454,0.25,0.09090909090909091,0.5
strict,final_5x2,1,mayo_4class,all,none,mean,tvae,stacking,mayo_4class|all|none|mean|tvae|stacking,ok,,252,126,55,0.38788555194805197,0.3253968253968254,0.2580549408668496,0.2964185881864678,0.22810666513025862,0.25623109497882635,0.3253968253968254,0.38788555194805197,,,,,1.0873015873015872,0.3492063492063492,0.3253968253968254,0.6363636363636364,0.34375,0.0,0.5714285714285714
strict,final_5x2,1,mayo_4class,drop_gt70_missing,none,pmm,none,rf,mayo_4class|drop_gt70_missing|none|pmm|none|rf,ok,,126,126,47,0.3699269480519481,0.4126984126984127,0.39421141192462233,0.36343043058472435,0.44021153996523454,0.42620705443981305,0.4126984126984127,0.3699269480519481,,,,,0.8015873015873016,0.4126984126984127,0.1746031746031746,0.22727272727272727,0.4375,0.6363636363636364,0.17857142857142858
strict,final_5x2,1,mayo_4class,all,none,mean,none,rf,mayo_4class|all|none|mean|none|rf,ok,,126,126,55,0.3783482142857143,0.4126984126984127,0.4090437168544021,0.3829570751064653,0.42224906156794706,0.40540902595856154,0.4126984126984127,0.3783482142857143,,,,,0.8492063492063492,0.373015873015873,0.21428571428571427,0.18181818181818182,0.40625,0.5681818181818182,0.35714285714285715
strict,final_5x2,1,mayo_4class,drop_gt70_missing,none,mice,none,stacking,mayo_4class|drop_gt70_missing|none|mice|none|stacking,ok,,126,126,47,0.35978084415584416,0.30158730158730157,0.23912771467119295,0.27748910595377985,0.20488345488345489,0.23423423423423423,0.30158730158730157,0.35978084415584416,,,,,1.0873015873015872,0.3968253968253968,0.30158730158730157,0.5909090909090909,0.3125,0.0,0.5357142857142857
strict,final_5x2,1,mayo_4class,drop_gt70_missing,none,mean,none,stacking,mayo_4class|drop_gt70_missing|none|mean|none|stacking,ok,,126,126,47,0.3198051948051948,0.2777777777777778,0.2576317955328476,0.27731850721808116,0.28883534895439655,0.2912766053391053,0.2777777777777778,0.3198051948051948,,,,,1.119047619047619,0.38095238095238093,0.3412698412698413,0.5454545454545454,0.25,0.09090909090909091,0.39285714285714285
strict,final_5x2,1,mayo_4class,all,none,softimpute,tvae,stacking,mayo_4class|all|none|softimpute|tvae|stacking,ok,,252,126,55,0.320211038961039,0.2698412698412698,0.2065100957576647,0.23683677400499498,0.24962414575941144,0.250265334504465,0.2698412698412698,0.320211038961039,,,,,1.1111111111111112,0.4365079365079365,0.29365079365079366,0.45454545454545453,0.125,0.022727272727272728,0.6785714285714286
strict,final_5x2,1,mayo_4class,drop_gt70_missing,none,pmm,none,stacking,mayo_4class|drop_gt70_missing|none|pmm|none|stacking,ok,,126,126,47,0.41112012987012986,0.3492063492063492,0.3025168979506879,0.3407387893689263,0.3314565720408034,0.34075794100964263,0.3492063492063492,0.41112012987012986,,,,,0.9603174603174603,0.3968253968253968,0.25396825396825395,0.7727272727272727,0.375,0.06818181818181818,0.42857142857142855
strict,final_5x2,1,mayo_4class,all,none,mean,none,catboost,mayo_4class|all|none|mean|none|catboost,ok,,126,126,55,0.3050933441558441,0.3333333333333333,0.3357914124553931,0.30708043366786314,0.3430999894414528,0.31402439024390244,0.3333333333333333,0.3050933441558441,,,,,0.9920634920634921,0.3968253968253968,0.2698412698412698,0.13636363636363635,0.34375,0.45454545454545453,0.2857142857142857
strict,final_5x2,2,mayo_4class,drop_gt70_missing,none,pmm,tvae,stacking,mayo_4class|drop_gt70_missing|none|pmm|tvae|stacking,ok,,252,126,47,0.3476739770897379,0.30952380952380953,0.28178316160772304,0.3022295321637427,0.47240537240537245,0.4251602564102564,0.30952380952380953,0.3476739770897379,,,,,1.0714285714285714,0.4126984126984127,0.2777777777777778,0.43478260869565216,0.40625,0.06818181818181818,0.48148148148148145
strict,final_5x2,2,mayo_4class,drop_gt70_missing,none,pmm,tvae,catboost,mayo_4class|drop_gt70_missing|none|pmm|tvae|catboost,ok,,252,126,47,0.3351243412384716,0.35714285714285715,0.35901576945391384,0.3409834366664264,0.3720948536128547,0.35799856136621716,0.35714285714285715,0.3351243412384716,,,,,0.9761904761904762,0.35714285714285715,0.2857142857142857,0.21739130434782608,0.3125,0.4772727272727273,0.3333333333333333
strict,final_5x2,2,mayo_4class,drop_gt70_missing,none,gain,none,rf,mayo_4class|drop_gt70_missing|none|gain|none|rf,ok,,126,126,47,0.34681850204948034,0.38095238095238093,0.3704858244194382,0.3468127741189972,0.38277643032311964,0.36672750424448214,0.38095238095238093,0.34681850204948034,,,,,0.9126984126984127,0.36507936507936506,0.25396825396825395,0.13043478260869565,0.28125,0.5681818181818182,0.4074074074074074
strict,final_5x2,2,mayo_4class,drop_gt70_missing,none,gain,none,stacking,mayo_4class|drop_gt70_missing|none|gain|none|stacking,ok,,126,126,47,0.2981833735909823,0.2619047619047619,0.2130963261398044,0.2409714061887975,0.18024657310371597,0.20286357786357784,0.2619047619047619,0.2981833735909823,,,,,1.0873015873015872,0.4603174603174603,0.2777777777777778,0.34782608695652173,0.4375,0.0,0.4074074074074074
strict,final_5x2,2,mayo_4class,all,none,mean,none,stacking,mayo_4class|all|none|mean|none|stacking,ok,,126,126,55,0.38345067523056653,0.3492063492063492,0.3388739049996657,0.348447495709159,0.3872486640343783,0.3748439060939061,0.3492063492063492,0.38345067523056653,,,,,1.007936507936508,0.3412698412698413,0.30952380952380953,0.6521739130434783,0.34375,0.20454545454545456,0.3333333333333333
strict,final_5x2,2,mayo_4class,all,none,mean,tvae,stacking,mayo_4class|all|none|mean|tvae|stacking,ok,,252,126,55,0.3994851138193529,0.3492063492063492,0.2992429800400815,0.3300349262305784,0.5792472833289161,0.5116728509585653,0.3492063492063492,0.3994851138193529,,,,,0.9841269841269841,0.3888888888888889,0.2619047619047619,0.5652173913043478,0.46875,0.045454545454545456,0.5185185185185185
strict,final_5x2,2,mayo_4class,drop_gt70_missing,none,pmm,none,rf,mayo_4class|drop_gt70_missing|none|pmm|none|rf,ok,,126,126,47,0.35436223649538867,0.3968253968253968,0.382319560028818,0.3527687797915092,0.39047264071981586,0.37440560263653483,0.3968253968253968,0.35436223649538867,,,,,0.8492063492063492,0.38095238095238093,0.2222222222222222,0.08695652173913043,0.40625,0.5909090909090909,0.3333333333333333
strict,final_5x2,2,mayo_4class,all,none,mean,none,rf,mayo_4class|all|none|mean|none|rf,ok,,126,126,55,0.3227554073342117,0.36507936507936506,0.3453520123064695,0.3200352286392649,0.35816271758300744,0.3471316425120773,0.36507936507936506,0.3227554073342117,,,,,0.9365079365079365,0.36507936507936506,0.2698412698412698,0.17391304347826086,0.28125,0.6136363636363636,0.2222222222222222
strict,final_5x2,2,mayo_4class,drop_gt70_missing,none,mice,none,stacking,mayo_4class|drop_gt70_missing|none|mice|none|stacking,ok,,126,126,47,0.42838827587468886,0.3968253968253968,0.3884855946021396,0.39703701152592186,0.45622897904681586,0.43120058507273873,0.3968253968253968,0.42838827587468886,,,,,0.9206349206349206,0.3333333333333333,0.2698412698412698,0.5217391304347826,0.46875,0.20454545454545456,0.5185185185185185
strict,final_5x2,2,mayo_4class,drop_gt70_missing,none,mean,none,stacking,mayo_4class|drop_gt70_missing|none|mean|none|stacking,ok,,126,126,47,0.39901391633728583,0.3492063492063492,0.32457095592031415,0.3419904685706335,0.41277593179767097,0.3968816509577379,0.3492063492063492,0.39901391633728583,,,,,1.0476190476190477,0.31746031746031744,0.3333333333333333,0.782608695652174,0.34375,0.13636363636363635,0.3333333333333333
strict,final_5x2,2,mayo_4class,all,none,softimpute,tvae,stacking,mayo_4class|all|none|softimpute|tvae|stacking,ok,,252,126,55,0.29620708900600207,0.25396825396825395,0.231470163823105,0.25557040998217473,0.2766997149737088,0.27951437752134345,0.25396825396825395,0.29620708900600207,,,,,1.1031746031746033,0.4444444444444444,0.30158730158730157,0.5217391304347826,0.1875,0.06818181818181818,0.4074074074074074
strict,final_5x2,2,mayo_4class,drop_gt70_missing,none,pmm,none,stacking,mayo_4class|drop_gt70_missing|none|pmm|none|stacking,ok,,126,126,47,0.35974784072610155,0.31746031746031744,0.2685339223782881,0.29842743853236503,0.28809523809523807,0.29621212121212126,0.31746031746031744,0.35974784072610155,,,,,1.0158730158730158,0.4126984126984127,0.2698412698412698,0.43478260869565216,0.5,0.022727272727272728,0.48148148148148145
strict,final_5x2,2,mayo_4class,all,none,mean,none,catboost,mayo_4class|all|none|mean|none|catboost,ok,,126,126,55,0.3359455057824623,0.36507936507936506,0.3546698451460356,0.3332105092974659,0.3574314574314574,0.3440052700922266,0.36507936507936506,0.3359455057824623,,,,,0.9603174603174603,0.3492063492063492,0.2857142857142857,0.2608695652173913,0.375,0.5227272727272727,0.18518518518518517
strict,final_5x2,3,mayo_4class,drop_gt70_missing,none,pmm,tvae,stacking,mayo_4class|drop_gt70_missing|none|pmm|tvae|stacking,ok,,252,126,47,0.31523944805194803,0.2777777777777778,0.23036976308138432,0.2537853653102039,0.2705551356345007,0.2671093374218374,0.2777777777777778,0.31523944805194803,,,,,1.0634920634920635,0.4523809523809524,0.2698412698412698,0.3181818181818182,0.21875,0.045454545454545456,0.6785714285714286
strict,final_5x2,3,mayo_4class,drop_gt70_missing,none,pmm,tvae,catboost,mayo_4class|drop_gt70_missing|none|pmm|tvae|catboost,ok,,252,126,47,0.3398944805194805,0.36507936507936506,0.3480767154236542,0.3274463631606489,0.3445101497389079,0.3281123560535325,0.36507936507936506,0.3398944805194805,,,,,0.8968253968253969,0.4126984126984127,0.2222222222222222,0.13636363636363635,0.1875,0.5,0.5357142857142857
strict,final_5x2,3,mayo_4class,drop_gt70_missing,none,gain,none,rf,mayo_4class|drop_gt70_missing|none|gain|none|rf,ok,,126,126,47,0.348924512987013,0.3888888888888889,0.3563415255741309,0.3333887055691567,0.3497595651348944,0.339952176335517,0.3888888888888889,0.348924512987013,,,,,0.8492063492063492,0.42063492063492064,0.19047619047619047,0.22727272727272727,0.09375,0.6818181818181818,0.39285714285714285
strict,final_5x2,3,mayo_4class,drop_gt70_missing,none,gain,none,stacking,mayo_4class|drop_gt70_missing|none|gain|none|stacking,ok,,126,126,47,0.3445616883116883,0.3333333333333333,0.3199475421697644,0.3212250712250712,0.3244990303813833,0.31622788975730154,0.3333333333333333,0.3445616883116883,,,,,0.9841269841269841,0.42857142857142855,0.23809523809523808,0.36363636363636365,0.125,0.3181818181818182,0.5714285714285714
strict,final_5x2,3,mayo_4class,all,none,mean,none,stacking,mayo_4class|all|none|mean|none|stacking,ok,,126,126,55,0.3664772727272727,0.3333333333333333,0.28518740829665196,0.3038165266106443,0.3635320133015985,0.3462867777383906,0.3333333333333333,0.3664772727272727,,,,,1.007936507936508,0.4126984126984127,0.25396825396825395,0.2727272727272727,0.375,0.06818181818181818,0.75
strict,final_5x2,3,mayo_4class,all,none,mean,tvae,stacking,mayo_4class|all|none|mean|tvae|stacking,ok,,252,126,55,0.3518668831168831,0.30952380952380953,0.23683660730209685,0.2695024077046549,0.1983277359559595,0.2257293963506215,0.30952380952380953,0.3518668831168831,,,,,1.0238095238095237,0.42857142857142855,0.2619047619047619,0.3181818181818182,0.375,0.0,0.7142857142857143
strict,final_5x2,3,mayo_4class,drop_gt70_missing,none,pmm,none,rf,mayo_4class|drop_gt70_missing|none|pmm|none|rf,ok,,126,126,47,0.3410105519480519,0.38095238095238093,0.35500731886696796,0.3347143499775079,0.3614306328592043,0.3576298701298702,0.38095238095238093,0.3410105519480519,,,,,0.8253968253968254,0.4365079365079365,0.18253968253968253,0.22727272727272727,0.15625,0.6590909090909091,0.32142857142857145
strict,final_5x2,3,mayo_4class,all,none,mean,none,rf,mayo_4class|all|none|mean|none|rf,ok,,126,126,55,0.3507508116883117,0.38095238095238093,0.360016864591385,0.3425479586817511,0.36118115828706965,0.35419232348111657,0.38095238095238093,0.3507508116883117,,,,,0.8492063492063492,0.4126984126984127,0.20634920634920634,0.22727272727272727,0.15625,0.5909090909090909,0.42857142857142855
strict,final_5x2,3,mayo_4class,drop_gt70_missing,none,mice,none,stacking,mayo_4class|drop_gt70_missing|none|mice|none|stacking,ok,,126,126,47,0.37357954545454547,0.3333333333333333,0.286084424273033,0.30815616845028615,0.3732048374905517,0.35714285714285715,0.3333333333333333,0.37357954545454547,,,,,1.0396825396825398,0.373015873015873,0.29365079365079366,0.36363636363636365,0.3125,0.06818181818181818,0.75
strict,final_5x2,3,mayo_4class,drop_gt70_missing,none,mean,none,stacking,mayo_4class|drop_gt70_missing|none|mean|none|stacking,ok,,126,126,47,0.3664772727272727,0.3253968253968254,0.2604087699739874,0.28856187290969904,0.3846801346801347,0.36174242424242425,0.3253968253968254,0.3664772727272727,,,,,1.0317460317460319,0.3968253968253968,0.2777777777777778,0.3181818181818182,0.375,0.022727272727272728,0.75
strict,final_5x2,3,mayo_4class,all,none,softimpute,tvae,stacking,mayo_4class|all|none|softimpute|tvae|stacking,ok,,252,126,55,0.32771915584415584,0.31746031746031744,0.29388435850034833,0.29434170448562813,0.30682138313931,0.2974798825769012,0.31746031746031744,0.32771915584415584,,,,,0.9841269841269841,0.4444444444444444,0.23809523809523808,0.18181818181818182,0.1875,0.22727272727272727,0.7142857142857143
strict,final_5x2,3,mayo_4class,drop_gt70_missing,none,pmm,none,stacking,mayo_4class|drop_gt70_missing|none|pmm|none|stacking,ok,,126,126,47,0.33309659090909094,0.30952380952380953,0.2776747298698686,0.2852118930564628,0.3214959370131784,0.30416114058355437,0.30952380952380953,0.33309659090909094,,,,,1.0,0.4603174603174603,0.23015873015873015,0.22727272727272727,0.21875,0.13636363636363635,0.75
strict,final_5x2,3,mayo_4class,all,none,mean,none,catboost,mayo_4class|all|none|mean|none|catboost,ok,,126,126,55,0.3226461038961039,0.3492063492063492,0.3307331821617536,0.31380952380952376,0.32801582482821096,0.3182680631451123,0.3492063492063492,0.3226461038961039,,,,,0.8809523809523809,0.4523809523809524,0.1984126984126984,0.22727272727272727,0.125,0.5454545454545454,0.39285714285714285
strict,final_5x2,4,mayo_4class,drop_gt70_missing,none,pmm,tvae,stacking,mayo_4class|drop_gt70_missing|none|pmm|tvae|stacking,ok,,252,126,47,0.3445242735324257,0.3333333333333333,0.27985580557009127,0.28381562881562883,0.41890367258014316,0.3727532679738562,0.3333333333333333,0.3445242735324257,,,,,0.8809523809523809,0.47619047619047616,0.19047619047619047,0.08695652173913043,0.71875,0.09090909090909091,0.48148148148148145
strict,final_5x2,4,mayo_4class,drop_gt70_missing,none,pmm,tvae,catboost,mayo_4class|drop_gt70_missing|none|pmm|tvae|catboost,ok,,252,126,47,0.3574982158541941,0.373015873015873,0.3624339484804601,0.3495365100016263,0.3707598015051431,0.3648550724637681,0.373015873015873,0.3574982158541941,,,,,0.8174603174603174,0.4444444444444444,0.18253968253968253,0.13043478260869565,0.46875,0.38636363636363635,0.4444444444444444
strict,final_5x2,4,mayo_4class,drop_gt70_missing,none,gain,none,rf,mayo_4class|drop_gt70_missing|none|gain|none|rf,ok,,126,126,47,0.35446745535060753,0.3888888888888889,0.3675871481416129,0.34477315565138544,0.3664908724432534,0.3544823232323232,0.3888888888888889,0.35446745535060753,,,,,0.8174603174603174,0.42857142857142855,0.18253968253968253,0.08695652173913043,0.28125,0.5681818181818182,0.48148148148148145
strict,final_5x2,4,mayo_4class,drop_gt70_missing,none,gain,none,stacking,mayo_4class|drop_gt70_missing|none|gain|none|stacking,ok,,126,126,47,0.35309961023276243,0.36507936507936506,0.36307343450200597,0.34258234971550194,0.3729462545252019,0.34319796217321963,0.36507936507936506,0.35309961023276243,,,,,0.9761904761904762,0.373015873015873,0.2619047619047619,0.08695652173913043,0.40625,0.36363636363636365,0.5555555555555556
strict,final_5x2,4,mayo_4class,all,none,mean,none,stacking,mayo_4class|all|none|mean|none|stacking,ok,,126,126,55,0.34863581466842336,0.3333333333333333,0.338112181243275,0.33849406219675615,0.3732495018209304,0.35676406926406923,0.3333333333333333,0.34863581466842336,,,,,1.0238095238095237,0.3888888888888889,0.2777777777777778,0.34782608695652173,0.375,0.22727272727272727,0.4444444444444444
strict,final_5x2,4,mayo_4class,all,none,mean,tvae,stacking,mayo_4class|all|none|mean|tvae|stacking,ok,,252,126,55,0.35303785133948173,0.3253968253968254,0.2725824909804885,0.2918871126787272,0.4339859875574162,0.39228479853479853,0.3253968253968254,0.35303785133948173,,,,,0.9365079365079365,0.4444444444444444,0.23015873015873015,0.21739130434782608,0.59375,0.045454545454545456,0.5555555555555556
strict,final_5x2,4,mayo_4class,drop_gt70_missing,none,pmm,none,rf,mayo_4class|drop_gt70_missing|none|pmm|none|rf,ok,,126,126,47,0.38337061740594347,0.4126984126984127,0.3899868968834487,0.36178814002089865,0.38605661903004096,0.3624204042081949,0.4126984126984127,0.38337061740594347,,,,,0.753968253968254,0.42857142857142855,0.15873015873015872,0.043478260869565216,0.53125,0.4772727272727273,0.48148148148148145
strict,final_5x2,4,mayo_4class,all,none,mean,none,rf,mayo_4class|all|none|mean|none|rf,ok,,126,126,55,0.3748741948470209,0.40476190476190477,0.38035498093051356,0.35619619411000847,0.36993365247333504,0.35423280423280423,0.40476190476190477,0.3748741948470209,,,,,0.8095238095238095,0.3968253968253968,0.1984126984126984,0.043478260869565216,0.4375,0.5,0.5185185185185185
strict,final_5x2,4,mayo_4class,drop_gt70_missing,none,mice,none,stacking,mayo_4class|drop_gt70_missing|none|mice|none|stacking,ok,,126,126,47,0.33451933282096324,0.3333333333333333,0.3352859662383472,0.3271825396825397,0.353867874753422,0.3332209944052049,0.3333333333333333,0.33451933282096324,,,,,0.9047619047619048,0.46825396825396826,0.1984126984126984,0.21739130434782608,0.34375,0.29545454545454547,0.48148148148148145
strict,final_5x2,4,mayo_4class,drop_gt70_missing,none,mean,none,stacking,mayo_4class|drop_gt70_missing|none|mean|none|stacking,ok,,126,126,47,0.34751957985653636,0.3412698412698413,0.3435985153392415,0.33761159213973546,0.3708528411364545,0.3481775210084034,0.3412698412698413,0.34751957985653636,,,,,0.9365079365079365,0.42857142857142855,0.23015873015873015,0.2608695652173913,0.375,0.2727272727272727,0.48148148148148145
strict,final_5x2,4,mayo_4class,all,none,softimpute,tvae,stacking,mayo_4class|all|none|softimpute|tvae|stacking,ok,,252,126,55,0.33722299992680427,0.31746031746031744,0.28979982797716786,0.3008674234311416,0.3223867509581796,0.31298746787877224,0.31746031746031744,0.33722299992680427,,,,,0.8412698412698413,0.5396825396825397,0.14285714285714285,0.17391304347826086,0.46875,0.11363636363636363,0.5925925925925926
strict,final_5x2,4,mayo_4class,drop_gt70_missing,none,pmm,none,stacking,mayo_4class|drop_gt70_missing|none|pmm|none|stacking,ok,,126,126,47,0.344118265993266,0.35714285714285715,0.3242445102910219,0.3036001117396466,0.3193121693121693,0.28888888888888886,0.35714285714285715,0.344118265993266,,,,,0.8174603174603174,0.47619047619047616,0.16666666666666666,0.0,0.5625,0.29545454545454547,0.5185185185185185
strict,final_5x2,4,mayo_4class,all,none,mean,none,catboost,mayo_4class|all|none|mean|none|catboost,ok,,126,126,55,0.3108222167325428,0.3492063492063492,0.33101768659944764,0.30382786762503744,0.3267104332772535,0.3094278033794163,0.3492063492063492,0.3108222167325428,,,,,0.8333333333333334,0.48412698412698413,0.16666666666666666,0.043478260869565216,0.34375,0.5227272727272727,0.3333333333333333
strict,final_5x2,5,mayo_4class,drop_gt70_missing,none,pmm,tvae,stacking,mayo_4class|drop_gt70_missing|none|pmm|tvae|stacking,ok,,252,126,47,0.33056006493506496,0.29365079365079366,0.2384191771946874,0.2662337662337662,0.25578231292517006,0.2631519274376417,0.29365079365079366,0.33056006493506496,,,,,1.0317460317460319,0.4523809523809524,0.25396825396825395,0.2727272727272727,0.3125,0.022727272727272728,0.7142857142857143
strict,final_5x2,5,mayo_4class,drop_gt70_missing,none,pmm,tvae,catboost,mayo_4class|drop_gt70_missing|none|pmm|tvae|catboost,ok,,252,126,47,0.34283685064935066,0.373015873015873,0.36212634599612037,0.3421075348378345,0.37334357611909835,0.3608959044941181,0.373015873015873,0.34283685064935066,,,,,0.8809523809523809,0.4126984126984127,0.21428571428571427,0.22727272727272727,0.21875,0.5681818181818182,0.35714285714285715
strict,final_5x2,5,mayo_4class,drop_gt70_missing,none,gain,none,rf,mayo_4class|drop_gt70_missing|none|gain|none|rf,ok,,126,126,47,0.33735795454545453,0.36507936507936506,0.3582066976266761,0.3388898069349197,0.3810229276895944,0.3705555555555555,0.36507936507936506,0.33735795454545453,,,,,0.8492063492063492,0.4365079365079365,0.1984126984126984,0.2727272727272727,0.28125,0.5454545454545454,0.25
strict,final_5x2,5,mayo_4class,drop_gt70_missing,none,gain,none,stacking,mayo_4class|drop_gt70_missing|none|gain|none|stacking,ok,,126,126,47,0.401075487012987,0.3888888888888889,0.3891218971098725,0.3886962760212576,0.4145611677042067,0.39731058998302204,0.3888888888888889,0.401075487012987,,,,,0.8492063492063492,0.3968253968253968,0.21428571428571427,0.3181818181818182,0.40625,0.2727272727272727,0.6071428571428571
strict,final_5x2,5,mayo_4class,all,none,mean,none,stacking,mayo_4class|all|none|mean|none|stacking,ok,,126,126,55,0.3251826298701299,0.30158730158730157,0.2738764832300482,0.28492700564287987,0.31508662950743327,0.3012062799296842,0.30158730158730157,0.3251826298701299,,,,,0.9841269841269841,0.48412698412698413,0.21428571428571427,0.22727272727272727,0.28125,0.11363636363636363,0.6785714285714286
strict,final_5x2,5,mayo_4class,all,none,mean,tvae,stacking,mayo_4class|all|none|mean|tvae|stacking,ok,,252,126,55,0.33756087662337664,0.30158730158730157,0.25554122511569316,0.2781009200690052,0.4203738232881805,0.37935812622921505,0.30158730158730157,0.33756087662337664,,,,,1.0555555555555556,0.42063492063492064,0.2777777777777778,0.3181818181818182,0.34375,0.045454545454545456,0.6428571428571429
strict,final_5x2,5,mayo_4class,drop_gt70_missing,none,pmm,none,rf,mayo_4class|drop_gt70_missing|none|pmm|none|rf,ok,,126,126,47,0.351663961038961,0.3888888888888889,0.3808809880773899,0.35448752896279134,0.3918599918599918,0.37494172494172495,0.3888888888888889,0.351663961038961,,,,,0.8412698412698413,0.42063492063492064,0.19047619047619047,0.18181818181818182,0.3125,0.5909090909090909,0.32142857142857145
strict,final_5x2,5,mayo_4class,all,none,mean,none,rf,mayo_4class|all|none|mean|none|rf,ok,,126,126,55,0.3397930194805195,0.38095238095238093,0.3665436505413618,0.33662343442049714,0.3866709422264978,0.36682299182299183,0.38095238095238093,0.3397930194805195,,,,,0.873015873015873,0.40476190476190477,0.21428571428571427,0.22727272727272727,0.28125,0.6363636363636364,0.21428571428571427
strict,final_5x2,5,mayo_4class,drop_gt70_missing,none,mice,none,stacking,mayo_4class|drop_gt70_missing|none|mice|none|stacking,ok,,126,126,47,0.3144277597402597,0.2777777777777778,0.24603174603174602,0.26964285714285713,0.26511540288630076,0.26856663718118823,0.2777777777777778,0.3144277597402597,,,,,1.0317460317460319,0.47619047619047616,0.24603174603174602,0.36363636363636365,0.21875,0.06818181818181818,0.6071428571428571
strict,final_5x2,5,mayo_4class,drop_gt70_missing,none,mean,none,stacking,mayo_4class|drop_gt70_missing|none|mean|none|stacking,ok,,126,126,47,0.32984983766233766,0.2857142857142857,0.23136021872863977,0.2612759170653908,0.23983979556734977,0.2499355005159959,0.2857142857142857,0.32984983766233766,,,,,1.0476190476190477,0.4523809523809524,0.2619047619047619,0.36363636363636365,0.21875,0.022727272727272728,0.7142857142857143
strict,final_5x2,5,mayo_4class,all,none,softimpute,tvae,stacking,mayo_4class|all|none|softimpute|tvae|stacking,ok,,252,126,55,0.38058035714285715,0.38095238095238093,0.346333736220994,0.3349327678081334,0.38902048055563115,0.35380100530746156,0.38095238095238093,0.38058035714285715,,,,,0.9047619047619048,0.3888888888888889,0.23015873015873015,0.045454545454545456,0.59375,0.20454545454545456,0.6785714285714286
strict,final_5x2,5,mayo_4class,drop_gt70_missing,none,pmm,none,stacking,mayo_4class|drop_gt70_missing|none|pmm|none|stacking,ok,,126,126,47,0.341213474025974,0.30952380952380953,0.27639528929851515,0.2905425219941349,0.3404965404965405,0.3211538461538461,0.30952380952380953,0.341213474025974,,,,,1.0317460317460319,0.42857142857142855,0.2619047619047619,0.3181818181818182,0.21875,0.11363636363636363,0.7142857142857143
strict,final_5x2,5,mayo_4class,all,none,mean,none,catboost,mayo_4class|all|none|mean|none|catboost,ok,,126,126,55,0.2897727272727273,0.30952380952380953,0.3083850934243668,0.2930589957007483,0.3215271321631638,0.3115906936186151,0.30952380952380953,0.2897727272727273,,,,,0.9285714285714286,0.46825396825396826,0.2222222222222222,0.22727272727272727,0.25,0.4318181818181818,0.25
strict,final_5x2,6,mayo_4class,drop_gt70_missing,none,pmm,tvae,stacking,mayo_4class|drop_gt70_missing|none|pmm|tvae|stacking,ok,,252,126,47,0.31891148806909675,0.2777777777777778,0.23279245320061648,0.2630179344465059,0.25365878699212036,0.2621737121737122,0.2777777777777778,0.31891148806909675,,,,,1.0238095238095237,0.4603174603174603,0.2619047619047619,0.34782608695652173,0.3125,0.022727272727272728,0.5925925925925926
strict,final_5x2,6,mayo_4class,drop_gt70_missing,none,pmm,tvae,catboost,mayo_4class|drop_gt70_missing|none|pmm|tvae|catboost,ok,,252,126,47,0.2980552810715854,0.30952380952380953,0.30579756051654244,0.2971377012436132,0.30369740488788105,0.29811507936507936,0.30952380952380953,0.2980552810715854,,,,,0.9285714285714286,0.47619047619047616,0.21428571428571427,0.17391304347826086,0.1875,0.38636363636363635,0.4444444444444444
strict,final_5x2,6,mayo_4class,drop_gt70_missing,none,gain,none,rf,mayo_4class|drop_gt70_missing|none|gain|none|rf,ok,,126,126,47,0.3497611989459815,0.38095238095238093,0.3559743109432551,0.33775282688326164,0.3909432133409928,0.38170705668837407,0.38095238095238093,0.3497611989459815,,,,,0.8571428571428571,0.40476190476190477,0.21428571428571427,0.30434782608695654,0.125,0.6363636363636364,0.3333333333333333
strict,final_5x2,6,mayo_4class,drop_gt70_missing,none,gain,none,stacking,mayo_4class|drop_gt70_missing|none|gain|none|stacking,ok,,126,126,47,0.31771633911579567,0.30952380952380953,0.30753920130587603,0.30595688267589793,0.3189853719265484,0.30794340463458114,0.30952380952380953,0.31771633911579567,,,,,1.0634920634920635,0.38095238095238093,0.30952380952380953,0.2608695652173913,0.21875,0.2727272727272727,0.5185185185185185
strict,final_5x2,6,mayo_4class,all,none,mean,none,stacking,mayo_4class|all|none|mean|none|stacking,ok,,126,126,55,0.35827820780266434,0.3333333333333333,0.3129204863262492,0.32409856715477875,0.35781916737927194,0.34226050880014297,0.3333333333333333,0.35827820780266434,,,,,0.9444444444444444,0.4365079365079365,0.23015873015873015,0.2608695652173913,0.40625,0.13636363636363635,0.6296296296296297
strict,final_5x2,6,mayo_4class,all,none,mean,tvae,stacking,mayo_4class|all|none|mean|tvae|stacking,ok,,252,126,55,0.37324215890791973,0.3333333333333333,0.28812673217435125,0.31626984126984126,0.39775872396236744,0.3797576447625244,0.3333333333333333,0.37324215890791973,,,,,0.9444444444444444,0.42857142857142855,0.23809523809523808,0.43478260869565216,0.53125,0.045454545454545456,0.48148148148148145
strict,final_5x2,6,mayo_4class,drop_gt70_missing,none,pmm,none,rf,mayo_4class|drop_gt70_missing|none|pmm|none|rf,ok,,126,126,47,0.33848562618943057,0.373015873015873,0.3583278529952527,0.3355773235377414,0.3656213226879022,0.3515945661254586,0.373015873015873,0.33848562618943057,,,,,0.8650793650793651,0.40476190476190477,0.2222222222222222,0.17391304347826086,0.21875,0.5909090909090909,0.37037037037037035
strict,final_5x2,6,mayo_4class,all,none,mean,none,rf,mayo_4class|all|none|mean|none|rf,ok,,126,126,55,0.3528274136290441,0.3888888888888889,0.37675931669970186,0.3533864083023575,0.3828577336641853,0.37033016266887236,0.3888888888888889,0.3528274136290441,,,,,0.8492063492063492,0.3888888888888889,0.2222222222222222,0.21739130434782608,0.34375,0.5909090909090909,0.25925925925925924
strict,final_5x2,6,mayo_4class,drop_gt70_missing,none,mice,none,stacking,mayo_4class|drop_gt70_missing|none|mice|none|stacking,ok,,126,126,47,0.4043194627433758,0.35714285714285715,0.3211900324682279,0.3515712357817621,0.34271532955743483,0.3487936316883685,0.35714285714285715,0.4043194627433758,,,,,0.8809523809523809,0.42857142857142855,0.21428571428571427,0.5217391304347826,0.375,0.09090909090909091,0.6296296296296297
strict,final_5x2,6,mayo_4class,drop_gt70_missing,none,mean,none,stacking,mayo_4class|drop_gt70_missing|none|mean|none|stacking,ok,,126,126,47,0.33527302005562876,0.30158730158730157,0.28141285839849134,0.3014972851310612,0.28825803825803825,0.2956730769230769,0.30158730158730157,0.33527302005562876,,,,,0.9841269841269841,0.4523809523809524,0.24603174603174602,0.34782608695652173,0.25,0.11363636363636363,0.6296296296296297
strict,final_5x2,6,mayo_4class,all,none,softimpute,tvae,stacking,mayo_4class|all|none|softimpute|tvae|stacking,ok,,252,126,55,0.3563991362904406,0.3412698412698413,0.3200706883059096,0.32845307449087535,0.3515522813768428,0.34416533758639023,0.3412698412698413,0.3563991362904406,,,,,0.8650793650793651,0.47619047619047616,0.18253968253968253,0.17391304347826086,0.5,0.1590909090909091,0.5925925925925926
strict,final_5x2,6,mayo_4class,drop_gt70_missing,none,pmm,none,stacking,mayo_4class|drop_gt70_missing|none|pmm|none|stacking,ok,,126,126,47,0.3654559636217245,0.3412698412698413,0.33749485457265344,0.34305819101834284,0.39254492587825923,0.36895645645645647,0.3412698412698413,0.3654559636217245,,,,,0.9523809523809523,0.40476190476190477,0.25396825396825395,0.43478260869565216,0.28125,0.22727272727272727,0.5185185185185185
strict,final_5x2,6,mayo_4class,all,none,mean,none,catboost,mayo_4class|all|none|mean|none|catboost,ok,,126,126,55,0.3058677810715854,0.31746031746031744,0.31506286862243443,0.30650431983610976,0.31542531542531543,0.30950390189520627,0.31746031746031744,0.3058677810715854,,,,,0.9126984126984127,0.48412698412698413,0.1984126984126984,0.17391304347826086,0.21875,0.38636363636363635,0.4444444444444444
strict,final_5x2,7,mayo_4class,drop_gt70_missing,none,pmm,tvae,stacking,mayo_4class|drop_gt70_missing|none|pmm|tvae|stacking,ok,,252,126,47,0.36363636363636365,0.31746031746031744,0.2644483004016375,0.2912394388298003,0.30282969063456866,0.30374168514412414,0.31746031746031744,0.36363636363636365,,,,,1.0396825396825398,0.40476190476190477,0.2777777777777778,0.4090909090909091,0.25,0.045454545454545456,0.75
strict,final_5x2,7,mayo_4class,drop_gt70_missing,none,pmm,tvae,catboost,mayo_4class|drop_gt70_missing|none|pmm|tvae|catboost,ok,,252,126,47,0.3041801948051948,0.3412698412698413,0.32103437921319156,0.29873082928338,0.33146985289842434,0.32831959706959707,0.3412698412698413,0.3041801948051948,,,,,0.8571428571428571,0.46825396825396826,0.19047619047619047,0.09090909090909091,0.1875,0.5454545454545454,0.39285714285714285
strict,final_5x2,7,mayo_4class,drop_gt70_missing,none,gain,none,rf,mayo_4class|drop_gt70_missing|none|gain|none|rf,ok,,126,126,47,0.3235592532467533,0.373015873015873,0.3449480032310512,0.31429054242504784,0.3566729107101778,0.3478778467908903,0.373015873015873,0.3235592532467533,,,,,0.7936507936507936,0.48412698412698413,0.14285714285714285,0.09090909090909091,0.28125,0.6363636363636364,0.2857142857142857
strict,final_5x2,7,mayo_4class,drop_gt70_missing,none,gain,none,stacking,mayo_4class|drop_gt70_missing|none|gain|none|stacking,ok,,126,126,47,0.3352272727272727,0.3492063492063492,0.3416213641995488,0.32911263666412405,0.33991181657848324,0.3293055555555555,0.3492063492063492,0.3352272727272727,,,,,0.8888888888888888,0.4444444444444444,0.20634920634920634,0.18181818181818182,0.25,0.4090909090909091,0.5
strict,final_5x2,7,mayo_4class,all,none,mean,none,stacking,mayo_4class|all|none|mean|none|stacking,ok,,126,126,55,0.3355316558441559,0.3492063492063492,0.34098569221659203,0.3327681193502501,0.3418741171682348,0.3402677224736048,0.3492063492063492,0.3355316558441559,,,,,0.8809523809523809,0.4365079365079365,0.21428571428571427,0.22727272727272727,0.21875,0.4318181818181818,0.4642857142857143
strict,final_5x2,7,mayo_4class,all,none,mean,tvae,stacking,mayo_4class|all|none|mean|tvae|stacking,ok,,252,126,55,0.35582386363636365,0.3253968253968254,0.2909792165453752,0.30512747471870105,0.3326649958228906,0.3217348927875244,0.3253968253968254,0.35582386363636365,,,,,0.9682539682539683,0.4365079365079365,0.23809523809523808,0.3181818181818182,0.21875,0.13636363636363635,0.75
strict,final_5x2,7,mayo_4class,drop_gt70_missing,none,pmm,none,rf,mayo_4class|drop_gt70_missing|none|pmm|none|rf,ok,,126,126,47,0.3605925324675325,0.40476190476190477,0.3854371536813502,0.3639025887967789,0.4446221644857621,0.4638675760159136,0.40476190476190477,0.3605925324675325,,,,,0.7301587301587301,0.47619047619047616,0.11904761904761904,0.13636363636363635,0.3125,0.6363636363636364,0.35714285714285715
strict,final_5x2,7,mayo_4class,all,none,mean,none,rf,mayo_4class|all|none|mean|none|rf,ok,,126,126,55,0.32325487012987014,0.36507936507936506,0.3440916645285365,0.3173773117809815,0.35079526208558465,0.341571734716896,0.36507936507936506,0.32325487012987014,,,,,0.8333333333333334,0.4603174603174603,0.1746031746031746,0.09090909090909091,0.3125,0.5681818181818182,0.32142857142857145
strict,final_5x2,7,mayo_4class,drop_gt70_missing,none,mice,none,stacking,mayo_4class|drop_gt70_missing|none|mice|none|stacking,ok,,126,126,47,0.3860592532467533,0.38095238095238093,0.37674714873464893,0.3763128861889723,0.37946737946737946,0.37378724878724884,0.38095238095238093,0.3860592532467533,,,,,0.8650793650793651,0.42063492063492064,0.1984126984126984,0.36363636363636365,0.28125,0.36363636363636365,0.5357142857142857
strict,final_5x2,7,mayo_4class,drop_gt70_missing,none,mean,none,stacking,mayo_4class|drop_gt70_missing|none|mean|none|stacking,ok,,126,126,47,0.3483157467532467,0.36507936507936506,0.35127893679664113,0.3421573056914557,0.34966448379012044,0.3471632710809281,0.36507936507936506,0.3483157467532467,,,,,0.8650793650793651,0.42857142857142855,0.20634920634920634,0.2727272727272727,0.15625,0.5,0.4642857142857143
strict,final_5x2,7,mayo_4class,all,none,softimpute,tvae,stacking,mayo_4class|all|none|softimpute|tvae|stacking,ok,,252,126,55,0.3311688311688312,0.29365079365079366,0.247364841450863,0.2577881348042638,0.2752481733434114,0.25794784580498864,0.29365079365079366,0.3311688311688312,,,,,1.1111111111111112,0.3968253968253968,0.30952380952380953,0.5,0.0,0.18181818181818182,0.6428571428571429
strict,final_5x2,7,mayo_4class,drop_gt70_missing,none,pmm,none,stacking,mayo_4class|drop_gt70_missing|none|pmm|none|stacking,ok,,126,126,47,0.3015422077922078,0.2777777777777778,0.23605221135391632,0.24602513998496017,0.2589796063167711,0.2499896232439336,0.2777777777777778,0.3015422077922078,,,,,1.007936507936508,0.5,0.2222222222222222,0.18181818181818182,0.125,0.11363636363636363,0.7857142857142857
strict,final_5x2,7,mayo_4class,all,none,mean,none,catboost,mayo_4class|all|none|mean|none|catboost,ok,,126,126,55,0.2870332792207792,0.30952380952380953,0.30276297892425696,0.2885781129649509,0.30460708421299554,0.298743842364532,0.30952380952380953,0.2870332792207792,,,,,0.9047619047619048,0.5079365079365079,0.18253968253968253,0.13636363636363635,0.28125,0.4090909090909091,0.32142857142857145
strict,final_5x2,8,mayo_4class,drop_gt70_missing,none,pmm,tvae,stacking,mayo_4class|drop_gt70_missing|none|pmm|tvae|stacking,ok,,252,126,48,0.3664612611623481,0.31746031746031744,0.2722727711329535,0.3049616606797458,0.43667128219973744,0.4041602578187944,0.31746031746031744,0.3664612611623481,,,,,0.9603174603174603,0.46825396825396826,0.21428571428571427,0.4782608695652174,0.3125,0.045454545454545456,0.6296296296296297
strict,final_5x2,8,mayo_4class,drop_gt70_missing,none,pmm,tvae,catboost,mayo_4class|drop_gt70_missing|none|pmm|tvae|catboost,ok,,252,126,48,0.371605548235983,0.36507936507936506,0.36565153193060174,0.36802325581395345,0.3700173115841318,0.369247311827957,0.36507936507936506,0.371605548235983,,,,,0.8888888888888888,0.4126984126984127,0.2222222222222222,0.391304347826087,0.25,0.36363636363636365,0.48148148148148145
strict,final_5x2,8,mayo_4class,drop_gt70_missing,none,gain,none,rf,mayo_4class|drop_gt70_missing|none|gain|none|rf,ok,,126,126,48,0.3919070688771775,0.4126984126984127,0.4108759226101098,0.39560645057878707,0.4278258463879379,0.41946623093681923,0.4126984126984127,0.3919070688771775,,,,,0.8015873015873016,0.40476190476190477,0.18253968253968253,0.34782608695652173,0.28125,0.5681818181818182,0.37037037037037035
strict,final_5x2,8,mayo_4class,drop_gt70_missing,none,gain,none,stacking,mayo_4class|drop_gt70_missing|none|gain|none|stacking,ok,,126,126,48,0.38995708900600207,0.373015873015873,0.3736213899479206,0.3776295133437991,0.3937908496732026,0.3886554621848739,0.373015873015873,0.38995708900600207,,,,,0.8809523809523809,0.4365079365079365,0.19047619047619047,0.5217391304347826,0.3125,0.3181818181818182,0.4074074074074074
strict,final_5x2,8,mayo_4class,all,none,mean,none,stacking,mayo_4class|all|none|mean|none|stacking,ok,,126,126,55,0.3408724930464061,0.3253968253968254,0.3241227490276262,0.32298138678283955,0.3511005586655705,0.3371462855505408,0.3253968253968254,0.3408724930464061,,,,,1.0,0.40476190476190477,0.2698412698412698,0.5217391304347826,0.25,0.29545454545454547,0.2962962962962963
strict,final_5x2,8,mayo_4class,all,none,mean,tvae,stacking,mayo_4class|all|none|mean|tvae|stacking,ok,,252,126,55,0.3396361714975845,0.2857142857142857,0.22434393303958522,0.2612597547380156,0.1904982772329711,0.21869202226345086,0.2857142857142857,0.3396361714975845,,,,,1.126984126984127,0.3968253968253968,0.31746031746031744,0.5217391304347826,0.28125,0.0,0.5555555555555556
strict,final_5x2,8,mayo_4class,drop_gt70_missing,none,pmm,none,rf,mayo_4class|drop_gt70_missing|none|pmm|none|rf,ok,,126,126,48,0.31427614002342263,0.31746031746031744,0.32439097079627566,0.3199954498070724,0.33919918844730873,0.33515037593984964,0.31746031746031744,0.31427614002342263,,,,,0.9285714285714286,0.47619047619047616,0.20634920634920634,0.30434782608695654,0.21875,0.36363636363636365,0.37037037037037035
strict,final_5x2,8,mayo_4class,all,none,mean,none,rf,mayo_4class|all|none|mean|none|rf,ok,,126,126,55,0.3881306269213878,0.3888888888888889,0.3888411047688552,0.3857416529830323,0.39796895076398187,0.39461806309632397,0.3888888888888889,0.3881306269213878,,,,,0.8412698412698413,0.4126984126984127,0.1984126984126984,0.43478260869565216,0.21875,0.45454545454545453,0.4444444444444444
strict,final_5x2,8,mayo_4class,drop_gt70_missing,none,mice,none,stacking,mayo_4class|drop_gt70_missing|none|mice|none|stacking,ok,,126,126,48,0.3607005288391158,0.3333333333333333,0.3264826728280118,0.3400998287385999,0.3383626561133336,0.34022131887985546,0.3333333333333333,0.3607005288391158,,,,,0.9682539682539683,0.42063492063492064,0.24603174603174602,0.4782608695652174,0.21875,0.22727272727272727,0.5185185185185185
strict,final_5x2,8,mayo_4class,drop_gt70_missing,none,mean,none,stacking,mayo_4class|drop_gt70_missing|none|mean|none|stacking,ok,,126,126,48,0.35794425230566534,0.3412698412698413,0.3400901416596544,0.3418695310416763,0.36286075036075033,0.3538352272727273,0.3412698412698413,0.35794425230566534,,,,,0.9682539682539683,0.4126984126984127,0.24603174603174602,0.5217391304347826,0.28125,0.29545454545454547,0.3333333333333333
strict,final_5x2,8,mayo_4class,all,none,softimpute,tvae,stacking,mayo_4class|all|none|softimpute|tvae|stacking,ok,,252,126,55,0.456254117259552,0.42857142857142855,0.41001763697598514,0.42675906095211313,0.44957452678040916,0.44334893048128343,0.42857142857142855,0.456254117259552,,,,,0.8015873015873016,0.38095238095238093,0.19047619047619047,0.391304347826087,0.5625,0.20454545454545456,0.6666666666666666
strict,final_5x2,8,mayo_4class,drop_gt70_missing,none,pmm,none,stacking,mayo_4class|drop_gt70_missing|none|pmm|none|stacking,ok,,126,126,48,0.39120484738691264,0.3492063492063492,0.33352488251388046,0.34920380488651004,0.4230523940345369,0.39714972527472525,0.3492063492063492,0.39120484738691264,,,,,0.9444444444444444,0.40476190476190477,0.24603174603174602,0.6086956521739131,0.21875,0.18181818181818182,0.5555555555555556
strict,final_5x2,8,mayo_4class,all,none,mean,none,catboost,mayo_4class|all|none|mean|none|catboost,ok,,126,126,55,0.3358517237593325,0.3333333333333333,0.33821241676663366,0.3359878148959474,0.34831935375413636,0.3423738851727982,0.3333333333333333,0.3358517237593325,,,,,0.9047619047619048,0.46825396825396826,0.1984126984126984,0.34782608695652173,0.1875,0.36363636363636365,0.4444444444444444
strict,final_5x2,9,mayo_4class,drop_gt70_missing,none,pmm,tvae,stacking,mayo_4class|drop_gt70_missing|none|pmm|tvae|stacking,ok,,252,126,47,0.4102069805194805,0.36507936507936506,0.2947622748701152,0.32921515662516826,0.3233914053426249,0.332177700348432,0.36507936507936506,0.4102069805194805,,,,,0.9444444444444444,0.38095238095238093,0.25396825396825395,0.36363636363636365,0.46875,0.022727272727272728,0.7857142857142857
strict,final_5x2,9,mayo_4class,drop_gt70_missing,none,pmm,tvae,catboost,mayo_4class|drop_gt70_missing|none|pmm|tvae|catboost,ok,,252,126,47,0.30489042207792205,0.30952380952380953,0.30859201918315216,0.3106013957307061,0.3163863615476518,0.3277088502894955,0.30952380952380953,0.30489042207792205,,,,,0.8968253968253969,0.5317460317460317,0.15873015873015872,0.22727272727272727,0.28125,0.3181818181818182,0.39285714285714285
strict,final_5x2,9,mayo_4class,drop_gt70_missing,none,gain,none,rf,mayo_4class|drop_gt70_missing|none|gain|none|rf,ok,,126,126,47,0.3933644480519481,0.42063492063492064,0.41005163017741636,0.3955813578455088,0.41947366208683645,0.41560147632253897,0.42063492063492064,0.3933644480519481,,,,,0.8174603174603174,0.38095238095238093,0.1984126984126984,0.2727272727272727,0.28125,0.5909090909090909,0.42857142857142855
strict,final_5x2,9,mayo_4class,drop_gt70_missing,none,gain,none,stacking,mayo_4class|drop_gt70_missing|none|gain|none|stacking,ok,,126,126,47,0.3418222402597403,0.3253968253968254,0.298651575149271,0.3028845246587182,0.37980799157269746,0.3564856711915535,0.3253968253968254,0.3418222402597403,,,,,1.0238095238095237,0.40476190476190477,0.2698412698412698,0.18181818181818182,0.40625,0.13636363636363635,0.6428571428571429
strict,final_5x2,9,mayo_4class,all,none,mean,none,stacking,mayo_4class|all|none|mean|none|stacking,ok,,126,126,55,0.3992491883116883,0.35714285714285715,0.30157692706712314,0.32923815359477127,0.3775541013506852,0.3698806288819876,0.35714285714285715,0.3992491883116883,,,,,0.9206349206349206,0.42063492063492064,0.2222222222222222,0.36363636363636365,0.34375,0.06818181818181818,0.8214285714285714
strict,final_5x2,9,mayo_4class,all,none,mean,tvae,stacking,mayo_4class|all|none|mean|tvae|stacking,ok,,252,126,55,0.4144683441558441,0.373015873015873,0.2973617952928298,0.32865900383141766,0.5856150232596222,0.5181445048071156,0.373015873015873,0.4144683441558441,,,,,0.9206349206349206,0.3968253968253968,0.23015873015873015,0.3181818181818182,0.53125,0.022727272727272728,0.7857142857142857
strict,final_5x2,9,mayo_4class,drop_gt70_missing,none,pmm,none,rf,mayo_4class|drop_gt70_missing|none|pmm|none|rf,ok,,126,126,47,0.3729707792207792,0.4126984126984127,0.39674733723631284,0.3778306084695765,0.42773142048504365,0.4362099253403601,0.4126984126984127,0.3729707792207792,,,,,0.8015873015873016,0.4126984126984127,0.1746031746031746,0.18181818181818182,0.375,0.6136363636363636,0.32142857142857145
strict,final_5x2,9,mayo_4class,all,none,mean,none,rf,mayo_4class|all|none|mean|none|rf,ok,,126,126,55,0.4140625,0.42857142857142855,0.42464661154381467,0.41896817770373096,0.43462546308846123,0.4424069022770398,0.42857142857142855,0.4140625,,,,,0.7698412698412699,0.3968253968253968,0.1746031746031746,0.2727272727272727,0.40625,0.4772727272727273,0.5
strict,final_5x2,9,mayo_4class,drop_gt70_missing,none,mice,none,stacking,mayo_4class|drop_gt70_missing|none|mice|none|stacking,ok,,126,126,47,0.3902191558441559,0.3333333333333333,0.2775482690548413,0.30876918834451694,0.3334969914188611,0.33711296722523665,0.3333333333333333,0.3902191558441559,,,,,1.0158730158730158,0.40476190476190477,0.2619047619047619,0.5909090909090909,0.1875,0.06818181818181818,0.7142857142857143
strict,final_5x2,9,mayo_4class,drop_gt70_missing,none,mean,none,stacking,mayo_4class|drop_gt70_missing|none|mean|none|stacking,ok,,126,126,47,0.43547077922077926,0.3888888888888889,0.33893114325966717,0.36645688292469647,0.4094395357121137,0.4002941981390257,0.3888888888888889,0.43547077922077926,,,,,0.9206349206349206,0.35714285714285715,0.25396825396825395,0.45454545454545453,0.375,0.09090909090909091,0.8214285714285714
strict,final_5x2,9,mayo_4class,all,none,softimpute,tvae,stacking,mayo_4class|all|none|softimpute|tvae|stacking,ok,,252,126,55,0.34537337662337664,0.30158730158730157,0.26345426690009716,0.2820455286541127,0.31596050240427137,0.3066970618034448,0.30158730158730157,0.34537337662337664,,,,,1.0793650793650793,0.3968253968253968,0.30158730158730157,0.5,0.125,0.11363636363636363,0.6428571428571429
strict,final_5x2,9,mayo_4class,drop_gt70_missing,none,pmm,none,stacking,mayo_4class|drop_gt70_missing|none|pmm|none|stacking,ok,,126,126,47,0.40980113636363635,0.36507936507936506,0.32183662048055695,0.3491687506604206,0.3732932433166625,0.37202960973452776,0.36507936507936506,0.40980113636363635,,,,,0.9444444444444444,0.36507936507936506,0.2698412698412698,0.45454545454545453,0.34375,0.09090909090909091,0.75
strict,final_5x2,9,mayo_4class,all,none,mean,none,catboost,mayo_4class|all|none|mean|none|catboost,ok,,126,126,55,0.3572443181818182,0.36507936507936506,0.3575462552170627,0.3500064699792961,0.3603282769949437,0.35573313698313697,0.36507936507936506,0.3572443181818182,,,,,0.8650793650793651,0.4523809523809524,0.18253968253968253,0.18181818181818182,0.40625,0.3409090909090909,0.5
strict,final_5x2,0,severity_binary,drop_gt70_missing,none,mean,none,stacking,severity_binary|drop_gt70_missing|none|mean|none|stacking,ok,,126,126,47,0.6365740740740742,0.6507936507936508,0.6475070028011205,0.6376470588235295,0.6472069597069597,0.6418269230769231,0.6507936507936508,0.6365740740740742,0.6836419753086419,0.7291482132710148,0.7361111111111112,0.5370370370370371,,,,0.5370370370370371,0.7361111111111112,,
strict,final_5x2,0,severity_binary,drop_gt70_missing,none,softimpute,none,rf,severity_binary|drop_gt70_missing|none|softimpute|none|rf,ok,,126,126,47,0.6458333333333334,0.6507936507936508,0.6515090543259556,0.6450704225352113,0.6525510204081633,0.6446428571428571,0.6507936507936508,0.6458333333333334,0.6741255144032923,0.7330234207319068,0.6805555555555556,0.6111111111111112,,,,0.6111111111111112,0.6805555555555556,,
strict,final_5x2,0,severity_binary,drop_gt70_missing,none,gain,none,stacking,severity_binary|drop_gt70_missing|none|gain|none|stacking,ok,,126,126,47,0.6550925925925926,0.6587301587301587,0.6597113831156384,0.6538240368027601,0.6614361991936363,0.6533180778032037,0.6587301587301587,0.6550925925925926,0.699074074074074,0.7407638679675193,0.6805555555555556,0.6296296296296297,,,,0.6296296296296297,0.6805555555555556,,
strict,final_5x2,0,severity_binary,all,none,raw,none,catboost,severity_binary|all|none|raw|none|catboost,ok,,126,126,55,0.6875,0.6984126984126984,0.6966884466884466,0.6889293139293139,0.696390977443609,0.6918421052631579,0.6984126984126984,0.6875,0.7165637860082305,0.7433375876540056,0.7638888888888888,0.6111111111111112,,,,0.6111111111111112,0.7638888888888888,,
strict,final_5x2,0,severity_binary,drop_gt70_missing,none,mice,tvae,catboost,severity_binary|drop_gt70_missing|none|mice|tvae|catboost,ok,,252,126,47,0.5879629629629629,0.6031746031746031,0.5994397759103641,0.588235294117647,0.5984432234432235,0.5913461538461539,0.6031746031746031,0.5879629629629629,0.668724279835391,0.7123923222607675,0.6944444444444444,0.48148148148148145,,,,0.48148148148148145,0.6944444444444444,,
strict,final_5x2,0,severity_binary,all,none,mean,none,stacking,severity_binary|all|none|mean|none|stacking,ok,,126,126,55,0.6365740740740742,0.6507936507936508,0.6475070028011205,0.6376470588235295,0.6472069597069597,0.6418269230769231,0.6507936507936508,0.6365740740740742,0.6900720164609053,0.7329670893789453,0.7361111111111112,0.5370370370370371,,,,0.5370370370370371,0.7361111111111112,,
strict,final_5x2,0,severity_binary,drop_gt70_missing,none,pmm,none,stacking,severity_binary|drop_gt70_missing|none|pmm|none|stacking,ok,,126,126,47,0.6944444444444444,0.6984126984126984,0.6990305469178708,0.6934699103713189,0.7000000000000001,0.6928571428571428,0.6984126984126984,0.6944444444444444,0.6957304526748971,0.7458188373159725,0.7222222222222222,0.6666666666666666,,,,0.6666666666666666,0.7222222222222222,,
strict,final_5x2,0,severity_binary,drop_gt70_missing,none,pmm,none,rf,severity_binary|drop_gt70_missing|none|pmm|none|rf,ok,,126,126,47,0.6180555555555556,0.6349206349206349,0.6299248120300752,0.6186842105263157,0.6301242236024845,0.6247282608695652,0.6349206349206349,0.6180555555555556,0.6995884773662552,0.7496431937243191,0.7361111111111112,0.5,,,,0.5,0.7361111111111112,,
strict,final_5x2,0,severity_binary,drop_gt70_missing,none,mean,none,catboost,severity_binary|drop_gt70_missing|none|mean|none|catboost,ok,,126,126,47,0.6574074074074074,0.6666666666666666,0.6658051176014473,0.658051176014474,0.6652806652806654,0.659043659043659,0.6666666666666666,0.6574074074074074,0.6903292181069959,0.7279910705417294,0.7222222222222222,0.5925925925925926,,,,0.5925925925925926,0.7222222222222222,,
strict,final_5x2,0,severity_binary,drop_gt70_missing,none,mice,none,catboost,severity_binary|drop_gt70_missing|none|mice|none|catboost,ok,,126,126,47,0.6782407407407407,0.6825396825396826,0.6831900493872325,0.677336747759283,0.6841836734693877,0.6767857142857143,0.6825396825396826,0.6782407407407407,0.690329218106996,0.7437246328407016,0.7083333333333334,0.6481481481481481,,,,0.6481481481481481,0.7083333333333334,,
strict,final_5x2,0,severity_binary,drop_gt70_missing,none,raw,none,catboost,severity_binary|drop_gt70_missing|none|raw|none|catboost,ok,,126,126,47,0.6643518518518519,0.6746031746031746,0.6732750242954326,0.6653061224489796,0.672717086834734,0.6670588235294117,0.6746031746031746,0.6643518518518519,0.7031893004115226,0.7442775167821049,0.7361111111111112,0.5925925925925926,,,,0.5925925925925926,0.7361111111111112,,
strict,final_5x2,0,severity_binary,all,none,mean,none,catboost,severity_binary|all|none|mean|none|catboost,ok,,126,126,55,0.6574074074074074,0.6666666666666666,0.6658051176014473,0.658051176014474,0.6652806652806654,0.659043659043659,0.6666666666666666,0.6574074074074074,0.6895576131687242,0.729678445596462,0.7222222222222222,0.5925925925925926,,,,0.5925925925925926,0.7222222222222222,,
strict,final_5x2,0,severity_binary,all,none,mean,none,rf,severity_binary|all|none|mean|none|rf,ok,,126,126,55,0.6134259259259259,0.6349206349206349,0.6261446886446886,0.6129807692307693,0.6292517006802721,0.625,0.6349206349206349,0.6134259259259259,0.6895576131687243,0.7318889703634377,0.7638888888888888,0.46296296296296297,,,,0.46296296296296297,0.7638888888888888,,
strict,final_5x2,1,severity_binary,drop_gt70_missing,none,mean,none,stacking,severity_binary|drop_gt70_missing|none|mean|none|stacking,ok,,126,126,47,0.7016645326504481,0.6984126984126984,0.6996333907540586,0.6971920060713381,0.7064751826656588,0.6984126984126984,0.6984126984126984,0.7016645326504481,0.7341869398207426,0.7649479991071426,0.676056338028169,0.7272727272727273,,,,0.7272727272727273,0.676056338028169,,
strict,final_5x2,1,severity_binary,drop_gt70_missing,none,softimpute,none,rf,severity_binary|drop_gt70_missing|none|softimpute|none|rf,ok,,126,126,47,0.633674775928297,0.6587301587301587,0.6432401277121774,0.6301958910654564,0.660405643738977,0.6611111111111111,0.6587301587301587,0.633674775928297,0.7080665813060179,0.7593994335915668,0.8309859154929577,0.43636363636363634,,,,0.43636363636363634,0.8309859154929577,,
strict,final_5x2,1,severity_binary,drop_gt70_missing,none,gain,none,stacking,severity_binary|drop_gt70_missing|none|gain|none|stacking,ok,,126,126,47,0.6764404609475032,0.6746031746031746,0.6759010536788315,0.672934472934473,0.6813516065028162,0.6736391129032258,0.6746031746031746,0.6764404609475032,0.745966709346991,0.7721970979459611,0.6619718309859155,0.6909090909090909,,,,0.6909090909090909,0.6619718309859155,,
strict,final_5x2,1,severity_binary,all,none,raw,none,catboost,severity_binary|all|none|raw|none|catboost,ok,,126,126,55,0.6632522407170294,0.6666666666666666,0.6672619047619047,0.6625,0.6681922196796338,0.6620900076277652,0.6666666666666666,0.6632522407170294,0.7331626120358514,0.7548223509993871,0.6901408450704225,0.6363636363636364,,,,0.6363636363636364,0.6901408450704225,,
strict,final_5x2,1,severity_binary,drop_gt70_missing,none,mice,tvae,catboost,severity_binary|drop_gt70_missing|none|mice|tvae|catboost,ok,,252,126,47,0.611651728553137,0.626984126984127,0.6214809749659923,0.6116975936004196,0.6224810213940649,0.6184782608695653,0.626984126984127,0.611651728553137,0.6599231754161331,0.6904762509838959,0.7323943661971831,0.4909090909090909,,,,0.4909090909090909,0.7323943661971831,,
strict,final_5x2,1,severity_binary,all,none,mean,none,stacking,severity_binary|all|none|mean|none|stacking,ok,,126,126,55,0.7037131882202305,0.6984126984126984,0.6995550745550746,0.6977272727272728,0.7095017914690046,0.7006305170239596,0.6984126984126984,0.7037131882202305,0.7421254801536492,0.761420112618903,0.6619718309859155,0.7454545454545455,,,,0.7454545454545455,0.6619718309859155,,
strict,final_5x2,1,severity_binary,drop_gt70_missing,none,pmm,none,stacking,severity_binary|drop_gt70_missing|none|pmm|none|stacking,ok,,126,126,47,0.6966709346991038,0.6904761904761905,0.6915501800997983,0.6899880133745504,0.7031746031746031,0.693939393939394,0.6904761904761905,0.6966709346991038,0.7521126760563381,0.7679821484809717,0.647887323943662,0.7454545454545455,,,,0.7454545454545455,0.647887323943662,,
strict,final_5x2,1,severity_binary,drop_gt70_missing,none,pmm,none,rf,severity_binary|drop_gt70_missing|none|pmm|none|rf,ok,,126,126,47,0.6843790012804097,0.6904761904761905,0.6901386075698003,0.6847372810675563,0.6898883009994121,0.6851851851851851,0.6904761904761905,0.6843790012804097,0.7516005121638925,0.7740921931789906,0.7323943661971831,0.6363636363636364,,,,0.6363636363636364,0.7323943661971831,,
strict,final_5x2,1,severity_binary,drop_gt70_missing,none,mean,none,catboost,severity_binary|drop_gt70_missing|none|mean|none|catboost,ok,,126,126,47,0.6743918053777209,0.6746031746031746,0.6757391203598757,0.6721040939384322,0.678992303992304,0.671969696969697,0.6746031746031746,0.6743918053777209,0.7244558258642765,0.7551351455897787,0.676056338028169,0.6727272727272727,,,,0.6727272727272727,0.676056338028169,,
strict,final_5x2,1,severity_binary,drop_gt70_missing,none,mice,none,catboost,severity_binary|drop_gt70_missing|none|mice|none|catboost,ok,,126,126,47,0.6864276568501921,0.6904761904761905,0.69077283970901,0.6860264519838988,0.691156462585034,0.6857142857142857,0.6904761904761905,0.6864276568501921,0.7280409731113957,0.7534819231651178,0.7183098591549296,0.6545454545454545,,,,0.6545454545454545,0.7183098591549296,,
strict,final_5x2,1,severity_binary,drop_gt70_missing,none,raw,none,catboost,severity_binary|drop_gt70_missing|none|raw|none|catboost,ok,,126,126,47,0.6661971830985915,0.6746031746031746,0.6734077109197959,0.6670319046084434,0.672982047982048,0.6686590436590436,0.6746031746031746,0.6661971830985915,0.7436619718309858,0.7744556744855238,0.7323943661971831,0.6,,,,0.6,0.7323943661971831,,
strict,final_5x2,1,severity_binary,all,none,mean,none,catboost,severity_binary|all|none|mean|none|catboost,ok,,126,126,55,0.6653008962868118,0.6666666666666666,0.6676837020086448,0.6636155606407322,0.6700396323467408,0.6632937009865925,0.6666666666666666,0.6653008962868118,0.7375160051216388,0.7591549815557995,0.676056338028169,0.6545454545454545,,,,0.6545454545454545,0.676056338028169,,
strict,final_5x2,1,severity_binary,all,none,mean,none,rf,severity_binary|all|none|mean|none|rf,ok,,126,126,55,0.6914212548015365,0.6984126984126984,0.6977145796590241,0.6921296296296297,0.6973706343052427,0.6932023778754199,0.6984126984126984,0.6914212548015365,0.7408450704225352,0.7624769156422071,0.7464788732394366,0.6363636363636364,,,,0.6363636363636364,0.7464788732394366,,
strict,final_5x2,2,severity_binary,drop_gt70_missing,none,mean,none,stacking,severity_binary|drop_gt70_missing|none|mean|none|stacking,ok,,126,126,48,0.6018518518518519,0.6111111111111112,0.6106348694811472,0.6020625201417982,0.6102352028948048,0.6023520289480486,0.6111111111111112,0.6018518518518519,0.635030864197531,0.7099375805107346,0.6666666666666666,0.5370370370370371,,,,0.5370370370370371,0.6666666666666666,,
strict,final_5x2,2,severity_binary,drop_gt70_missing,none,softimpute,none,rf,severity_binary|drop_gt70_missing|none|softimpute|none|rf,ok,,126,126,48,0.5787037037037037,0.6031746031746031,0.5912046477626871,0.5758147050902236,0.5945182724252491,0.588953488372093,0.6031746031746031,0.5787037037037037,0.6422325102880658,0.7149098172888599,0.75,0.4074074074074074,,,,0.4074074074074074,0.75,,
strict,final_5x2,2,severity_binary,drop_gt70_missing,none,gain,none,stacking,severity_binary|drop_gt70_missing|none|gain|none|stacking,ok,,126,126,48,0.6087962962962963,0.6190476190476191,0.6180629915445114,0.6092013440165418,0.6173893673893673,0.6099272349272349,0.6190476190476191,0.6087962962962963,0.6813271604938271,0.7217628018051204,0.6805555555555556,0.5370370370370371,,,,0.5370370370370371,0.6805555555555556,,
strict,final_5x2,2,severity_binary,all,none,raw,none,catboost,severity_binary|all|none|raw|none|catboost,ok,,126,126,55,0.6064814814814814,0.6190476190476191,0.6168696168696168,0.6070686070686071,0.6159398496240602,0.6089473684210527,0.6190476190476191,0.6064814814814814,0.679269547325103,0.7547724975717176,0.6944444444444444,0.5185185185185185,,,,0.5185185185185185,0.6944444444444444,,
strict,final_5x2,2,severity_binary,drop_gt70_missing,none,mice,tvae,catboost,severity_binary|drop_gt70_missing|none|mice|tvae|catboost,ok,,252,126,48,0.6111111111111112,0.6190476190476191,0.6190476190476191,0.6111111111111112,0.6190476190476191,0.6111111111111112,0.6190476190476191,0.6111111111111112,0.6676954732510287,0.7222627522495112,0.6666666666666666,0.5555555555555556,,,,0.5555555555555556,0.6666666666666666,,
strict,final_5x2,2,severity_binary,all,none,mean,none,stacking,severity_binary|all|none|mean|none|stacking,ok,,126,126,55,0.6111111111111112,0.6190476190476191,0.6190476190476191,0.6111111111111112,0.6190476190476191,0.6111111111111112,0.6190476190476191,0.6111111111111112,0.6406893004115226,0.7117200329941387,0.6666666666666666,0.5555555555555556,,,,0.5555555555555556,0.6666666666666666,,
strict,final_5x2,2,severity_binary,drop_gt70_missing,none,pmm,none,stacking,severity_binary|drop_gt70_missing|none|pmm|none|stacking,ok,,126,126,48,0.5949074074074074,0.6111111111111112,0.6066487443446331,0.5951740869451183,0.6059789927282522,0.5993805548074334,0.6111111111111112,0.5949074074074074,0.6599794238683128,0.7299378215817145,0.7083333333333334,0.48148148148148145,,,,0.48148148148148145,0.7083333333333334,,
strict,final_5x2,2,severity_binary,drop_gt70_missing,none,pmm,none,rf,severity_binary|drop_gt70_missing|none|pmm|none|rf,ok,,126,126,48,0.5810185185185186,0.6031746031746031,0.5936355311355312,0.5793269230769231,0.5952380952380952,0.5892857142857143,0.6031746031746031,0.5810185185185186,0.6754115226337448,0.7428861678143859,0.7361111111111112,0.42592592592592593,,,,0.42592592592592593,0.7361111111111112,,
strict,final_5x2,2,severity_binary,drop_gt70_missing,none,mean,none,catboost,severity_binary|drop_gt70_missing|none|mean|none|catboost,ok,,126,126,48,0.5763888888888888,0.5873015873015873,0.5862349075065539,0.5766347893512536,0.5854618354618354,0.5771829521829521,0.5873015873015873,0.5763888888888888,0.6275720164609053,0.7158921288334223,0.6527777777777778,0.5,,,,0.5,0.6527777777777778,,
strict,final_5x2,2,severity_binary,drop_gt70_missing,none,mice,none,catboost,severity_binary|drop_gt70_missing|none|mice|none|catboost,ok,,126,126,48,0.5509259259259259,0.5634920634920635,0.5617103984450923,0.5510204081632653,0.5605602240896358,0.5517647058823529,0.5634920634920635,0.5509259259259259,0.6337448559670782,0.7274557285754688,0.6388888888888888,0.46296296296296297,,,,0.46296296296296297,0.6388888888888888,,
strict,final_5x2,2,severity_binary,drop_gt70_missing,none,raw,none,catboost,severity_binary|drop_gt70_missing|none|raw|none|catboost,ok,,126,126,48,0.5925925925925926,0.6111111111111112,0.6048722519310755,0.5923945335710041,0.6049382716049383,0.5987654320987654,0.6111111111111112,0.5925925925925926,0.6599794238683127,0.7382980238544166,0.7222222222222222,0.46296296296296297,,,,0.46296296296296297,0.7222222222222222,,
strict,final_5x2,2,severity_binary,all,none,mean,none,catboost,severity_binary|all|none|mean|none|catboost,ok,,126,126,55,0.6018518518518519,0.6111111111111112,0.6106348694811472,0.6020625201417982,0.6102352028948048,0.6023520289480486,0.6111111111111112,0.6018518518518519,0.6288580246913581,0.7104180781918594,0.6666666666666666,0.5370370370370371,,,,0.5370370370370371,0.6666666666666666,,
strict,final_5x2,2,severity_binary,all,none,mean,none,rf,severity_binary|all|none|mean|none|rf,ok,,126,126,55,0.5833333333333333,0.6031746031746031,0.5958123509143918,0.5825602968460111,0.5961355717453278,0.5898004434589801,0.6031746031746031,0.5833333333333333,0.6586934156378601,0.7194284310242587,0.7222222222222222,0.4444444444444444,,,,0.4444444444444444,0.7222222222222222,,
strict,final_5x2,3,severity_binary,drop_gt70_missing,none,mean,none,stacking,severity_binary|drop_gt70_missing|none|mean|none|stacking,ok,,126,126,47,0.5966709346991037,0.6031746031746031,0.6031746031746031,0.5966709346991037,0.6031746031746031,0.5966709346991037,0.6031746031746031,0.5966709346991037,0.6471190781049936,0.6978589999377606,0.647887323943662,0.5454545454545454,,,,0.5454545454545454,0.647887323943662,,
strict,final_5x2,3,severity_binary,drop_gt70_missing,none,softimpute,none,rf,severity_binary|drop_gt70_missing|none|softimpute|none|rf,ok,,126,126,47,0.6612035851472471,0.6666666666666666,0.6666666666666666,0.6612035851472471,0.6666666666666666,0.6612035851472471,0.6666666666666666,0.6612035851472471,0.6409731113956466,0.7016238965334114,0.704225352112676,0.6181818181818182,,,,0.6181818181818182,0.704225352112676,,
strict,final_5x2,3,severity_binary,drop_gt70_missing,none,gain,none,stacking,severity_binary|drop_gt70_missing|none|gain|none|stacking,ok,,126,126,47,0.6128040973111395,0.6190476190476191,0.6190476190476191,0.6128040973111395,0.6190476190476191,0.6128040973111395,0.6190476190476191,0.6128040973111395,0.6363636363636364,0.6822236584232075,0.6619718309859155,0.5636363636363636,,,,0.5636363636363636,0.6619718309859155,,
strict,final_5x2,3,severity_binary,all,none,raw,none,catboost,severity_binary|all|none|raw|none|catboost,ok,,126,126,55,0.5955185659411012,0.6111111111111112,0.6053737824113538,0.5951740869451183,0.6059480676328503,0.6013586956521739,0.6111111111111112,0.5955185659411012,0.629449423815621,0.662276544298344,0.7183098591549296,0.4727272727272727,,,,0.4727272727272727,0.7183098591549296,,
strict,final_5x2,3,severity_binary,drop_gt70_missing,none,mice,tvae,catboost,severity_binary|drop_gt70_missing|none|mice|tvae|catboost,ok,,252,126,47,0.5975672215108835,0.6111111111111112,0.6070314140295244,0.5977063921287549,0.6067485754985756,0.6017628205128205,0.6111111111111112,0.5975672215108835,0.6163892445582587,0.666090101966279,0.704225352112676,0.4909090909090909,,,,0.4909090909090909,0.704225352112676,,
strict,final_5x2,3,severity_binary,all,none,mean,none,stacking,severity_binary|all|none|mean|none|stacking,ok,,126,126,55,0.5916773367477592,0.5952380952380952,0.5962431066524783,0.5908830457757688,0.597918477735922,0.5907707910750507,0.5952380952380952,0.5916773367477592,0.6427656850192062,0.6950211378931342,0.6197183098591549,0.5636363636363636,,,,0.5636363636363636,0.6197183098591549,,
strict,final_5x2,3,severity_binary,drop_gt70_missing,none,pmm,none,stacking,severity_binary|drop_gt70_missing|none|pmm|none|stacking,ok,,126,126,47,0.623943661971831,0.626984126984127,0.6279103139738526,0.6229706500286496,0.6295437715316012,0.6227180527383367,0.626984126984127,0.623943661971831,0.6335467349551857,0.6791674225367104,0.647887323943662,0.6,,,,0.6,0.647887323943662,,
strict,final_5x2,3,severity_binary,drop_gt70_missing,none,pmm,none,rf,severity_binary|drop_gt70_missing|none|pmm|none|rf,ok,,126,126,47,0.626888604353393,0.6349206349206349,0.634075543797766,0.6273148148148149,0.6335503616454767,0.6280692685448437,0.6349206349206349,0.626888604353393,0.655313700384123,0.715811176800414,0.6901408450704225,0.5636363636363636,,,,0.5636363636363636,0.6901408450704225,,
strict,final_5x2,3,severity_binary,drop_gt70_missing,none,mean,none,catboost,severity_binary|drop_gt70_missing|none|mean|none|catboost,ok,,126,126,47,0.5946222791293214,0.6031746031746031,0.602256025867137,0.5949074074074074,0.6016402253155936,0.5955027138795554,0.6031746031746031,0.5946222791293214,0.629449423815621,0.6726644931201874,0.6619718309859155,0.5272727272727272,,,,0.5272727272727272,0.6619718309859155,,
strict,final_5x2,3,severity_binary,drop_gt70_missing,none,mice,none,catboost,severity_binary|drop_gt70_missing|none|mice|none|catboost,ok,,126,126,47,0.5775928297055057,0.5793650793650794,0.580833497050571,0.5761345604569978,0.584114959114959,0.5765151515151515,0.5793650793650794,0.5775928297055057,0.6386683738796415,0.707901180667081,0.5915492957746479,0.5636363636363636,,,,0.5636363636363636,0.5915492957746479,,
strict,final_5x2,3,severity_binary,drop_gt70_missing,none,raw,none,catboost,severity_binary|drop_gt70_missing|none|raw|none|catboost,ok,,126,126,47,0.6046094750320102,0.6190476190476191,0.6142670401493932,0.6047058823529412,0.6145332358636965,0.6100188526797738,0.6190476190476191,0.6046094750320102,0.6317541613316262,0.6533817211747993,0.7183098591549296,0.4909090909090909,,,,0.4909090909090909,0.7183098591549296,,
strict,final_5x2,3,severity_binary,all,none,mean,none,catboost,severity_binary|all|none|mean|none|catboost,ok,,126,126,55,0.5784891165172855,0.5873015873015873,0.5863462669018223,0.5787037037037037,0.5856851571506521,0.5792194365469113,0.5873015873015873,0.5784891165172855,0.6256081946222792,0.6772993025925138,0.647887323943662,0.509090909090909,,,,0.509090909090909,0.647887323943662,,
strict,final_5x2,3,severity_binary,all,none,mean,none,rf,severity_binary|all|none|mean|none|rf,ok,,126,126,55,0.6500640204865558,0.6587301587301587,0.6574763797451518,0.6507895584917821,0.6569729069729069,0.6522869022869022,0.6587301587301587,0.6500640204865558,0.6629961587708068,0.7071777438422029,0.7183098591549296,0.5818181818181818,,,,0.5818181818181818,0.7183098591549296,,
strict,final_5x2,4,severity_binary,drop_gt70_missing,none,mean,none,stacking,severity_binary|drop_gt70_missing|none|mean|none|stacking,ok,,126,126,47,0.6574074074074074,0.6666666666666666,0.6658051176014473,0.658051176014474,0.6652806652806654,0.659043659043659,0.6666666666666666,0.6574074074074074,0.7268518518518519,0.7541969910698642,0.7222222222222222,0.5925925925925926,,,,0.5925925925925926,0.7222222222222222,,
strict,final_5x2,4,severity_binary,drop_gt70_missing,none,softimpute,none,rf,severity_binary|drop_gt70_missing|none|softimpute|none|rf,ok,,126,126,47,0.6111111111111112,0.626984126984127,0.6227038976366889,0.6116975936004196,0.6223308068177446,0.6163479666038244,0.626984126984127,0.6111111111111112,0.7019032921810701,0.7372354512672206,0.7222222222222222,0.5,,,,0.5,0.7222222222222222,,
strict,final_5x2,4,severity_binary,drop_gt70_missing,none,gain,none,stacking,severity_binary|drop_gt70_missing|none|gain|none|stacking,ok,,126,126,47,0.6180555555555556,0.626984126984127,0.6265273237880392,0.6183048662584596,0.6261492449137835,0.6186353062806926,0.626984126984127,0.6180555555555556,0.7199074074074074,0.7663616296179083,0.6805555555555556,0.5555555555555556,,,,0.5555555555555556,0.6805555555555556,,
strict,final_5x2,4,severity_binary,all,none,raw,none,catboost,severity_binary|all|none|raw|none|catboost,ok,,126,126,55,0.6412037037037037,0.6587301587301587,0.6532552414905356,0.6423054070112894,0.654673721340388,0.6506172839506172,0.6587301587301587,0.6412037037037037,0.7399691358024691,0.7732233144374697,0.7638888888888888,0.5185185185185185,,,,0.5185185185185185,0.7638888888888888,,
strict,final_5x2,4,severity_binary,drop_gt70_missing,none,mice,tvae,catboost,severity_binary|drop_gt70_missing|none|mice|tvae|catboost,ok,,252,126,47,0.6458333333333333,0.6666666666666666,0.6586538461538461,0.6466346153846154,0.663265306122449,0.6607142857142858,0.6666666666666666,0.6458333333333333,0.6718106995884773,0.7246854259895175,0.7916666666666666,0.5,,,,0.5,0.7916666666666666,,
strict,final_5x2,4,severity_binary,all,none,mean,none,stacking,severity_binary|all|none|mean|none|stacking,ok,,126,126,55,0.6643518518518519,0.6746031746031746,0.6732750242954326,0.6653061224489796,0.672717086834734,0.6670588235294117,0.6746031746031746,0.6643518518518519,0.7150205761316871,0.7472789781488797,0.7361111111111112,0.5925925925925926,,,,0.5925925925925926,0.7361111111111112,,
strict,final_5x2,4,severity_binary,drop_gt70_missing,none,pmm,none,stacking,severity_binary|drop_gt70_missing|none|pmm|none|stacking,ok,,126,126,47,0.6759259259259259,0.6825396825396826,0.6825396825396826,0.6759259259259259,0.6825396825396826,0.6759259259259259,0.6825396825396826,0.6759259259259259,0.720679012345679,0.7660739592917971,0.7222222222222222,0.6296296296296297,,,,0.6296296296296297,0.7222222222222222,,
strict,final_5x2,4,severity_binary,drop_gt70_missing,none,pmm,none,rf,severity_binary|drop_gt70_missing|none|pmm|none|rf,ok,,126,126,47,0.625,0.6428571428571429,0.6371275783040489,0.625668449197861,0.6380952380952382,0.6333333333333333,0.6428571428571429,0.625,0.7134773662551439,0.7536659084541086,0.75,0.5,,,,0.5,0.75,,
strict,final_5x2,4,severity_binary,drop_gt70_missing,none,mean,none,catboost,severity_binary|drop_gt70_missing|none|mean|none|catboost,ok,,126,126,47,0.6458333333333334,0.6587301587301587,0.6561729142037996,0.6469668339089072,0.655711635303472,0.6502782931354361,0.6587301587301587,0.6458333333333334,0.7106481481481481,0.7486357573376554,0.7361111111111112,0.5555555555555556,,,,0.5555555555555556,0.7361111111111112,,
strict,final_5x2,4,severity_binary,drop_gt70_missing,none,mice,none,catboost,severity_binary|drop_gt70_missing|none|mice|none|catboost,ok,,126,126,47,0.6458333333333333,0.6666666666666666,0.6586538461538461,0.6466346153846154,0.663265306122449,0.6607142857142858,0.6666666666666666,0.6458333333333333,0.7057613168724279,0.7650559578217233,0.7916666666666666,0.5,,,,0.5,0.7916666666666666,,
strict,final_5x2,4,severity_binary,drop_gt70_missing,none,raw,none,catboost,severity_binary|drop_gt70_missing|none|raw|none|catboost,ok,,126,126,47,0.6550925925925926,0.6746031746031746,0.6676991781082235,0.656401729298304,0.671496617700036,0.6689548893247408,0.6746031746031746,0.6550925925925926,0.7289094650205761,0.7709363235649125,0.7916666666666666,0.5185185185185185,,,,0.5185185185185185,0.7916666666666666,,
strict,final_5x2,4,severity_binary,all,none,mean,none,catboost,severity_binary|all|none|mean|none|catboost,ok,,126,126,55,0.6319444444444444,0.6507936507936508,0.6443148688046647,0.6326530612244898,0.6462622743110549,0.6421840354767184,0.6507936507936508,0.6319444444444444,0.7062757201646092,0.7491552052009927,0.7638888888888888,0.5,,,,0.5,0.7638888888888888,,
strict,final_5x2,4,severity_binary,all,none,mean,none,rf,severity_binary|all|none|mean|none|rf,ok,,126,126,55,0.6203703703703703,0.6428571428571429,0.6332072218763469,0.619845792826014,0.6377946300471409,0.6342898134863701,0.6428571428571429,0.6203703703703703,0.7178497942386831,0.7453266302854393,0.7777777777777778,0.46296296296296297,,,,0.46296296296296297,0.7777777777777778,,
strict,final_5x2,5,severity_binary,drop_gt70_missing,none,mean,none,stacking,severity_binary|drop_gt70_missing|none|mean|none|stacking,ok,,126,126,48,0.6825864276568502,0.6746031746031746,0.6754029777285592,0.6744186046511628,0.6906653465984094,0.6807809330628802,0.6746031746031746,0.6825864276568502,0.7070422535211267,0.7414142939522919,0.6197183098591549,0.7454545454545455,,,,0.7454545454545455,0.6197183098591549,,
strict,final_5x2,5,severity_binary,drop_gt70_missing,none,softimpute,none,rf,severity_binary|drop_gt70_missing|none|softimpute|none|rf,ok,,126,126,48,0.6632522407170294,0.6666666666666666,0.6672619047619047,0.6625,0.6681922196796338,0.6620900076277652,0.6666666666666666,0.6632522407170294,0.7002560819462227,0.7541138475486585,0.6901408450704225,0.6363636363636364,,,,0.6363636363636364,0.6901408450704225,,
strict,final_5x2,5,severity_binary,drop_gt70_missing,none,gain,none,stacking,severity_binary|drop_gt70_missing|none|gain|none|stacking,ok,,126,126,48,0.6685019206145967,0.6587301587301587,0.6590526184226971,0.6587086614173229,0.6782879818594105,0.6678571428571429,0.6587301587301587,0.6685019206145967,0.7234314980793854,0.7710378441522585,0.5915492957746479,0.7454545454545455,,,,0.7454545454545455,0.5915492957746479,,
strict,final_5x2,5,severity_binary,all,none,raw,none,catboost,severity_binary|all|none|raw|none|catboost,ok,,126,126,55,0.6732394366197183,0.6825396825396826,0.6808986367011697,0.6743344533471181,0.6806473700591348,0.6768627450980392,0.6825396825396826,0.6732394366197183,0.7147247119078104,0.7325075569290946,0.7464788732394366,0.6,,,,0.6,0.7464788732394366,,
strict,final_5x2,5,severity_binary,drop_gt70_missing,none,mice,tvae,catboost,severity_binary|drop_gt70_missing|none|mice|tvae|catboost,ok,,252,126,48,0.6591549295774648,0.6666666666666666,0.6658950617283951,0.6597222222222223,0.6654604979753598,0.6606358232101318,0.6666666666666666,0.6591549295774648,0.6975672215108835,0.7343823759148238,0.7183098591549296,0.6,,,,0.6,0.7183098591549296,,
strict,final_5x2,5,severity_binary,all,none,mean,none,stacking,severity_binary|all|none|mean|none|stacking,ok,,126,126,55,0.6685019206145967,0.6587301587301587,0.6590526184226971,0.6587086614173229,0.6782879818594105,0.6678571428571429,0.6587301587301587,0.6685019206145967,0.7025608194622278,0.7312728403880016,0.5915492957746479,0.7454545454545455,,,,0.7454545454545455,0.5915492957746479,,
strict,final_5x2,5,severity_binary,drop_gt70_missing,none,pmm,none,stacking,severity_binary|drop_gt70_missing|none|pmm|none|stacking,ok,,126,126,48,0.6664532650448143,0.6587301587301587,0.6595689766421473,0.6585365853658536,0.6745307318329631,0.6648073022312373,0.6587301587301587,0.6664532650448143,0.7444302176696543,0.7754054347086412,0.6056338028169014,0.7272727272727273,,,,0.7272727272727273,0.6056338028169014,,
strict,final_5x2,5,severity_binary,drop_gt70_missing,none,pmm,none,rf,severity_binary|drop_gt70_missing|none|pmm|none|rf,ok,,126,126,48,0.677336747759283,0.6825396825396826,0.6825396825396826,0.677336747759283,0.6825396825396826,0.677336747759283,0.6825396825396826,0.677336747759283,0.7354673495518566,0.7779409422348202,0.7183098591549296,0.6363636363636364,,,,0.6363636363636364,0.7183098591549296,,
strict,final_5x2,5,severity_binary,drop_gt70_missing,none,mean,none,catboost,severity_binary|drop_gt70_missing|none|mean|none|catboost,ok,,126,126,48,0.6421254801536491,0.6428571428571429,0.6441039125901075,0.6401142494446208,0.6473665223665225,0.6401515151515151,0.6428571428571429,0.6421254801536491,0.6965428937259923,0.7341483557368421,0.647887323943662,0.6363636363636364,,,,0.6363636363636364,0.647887323943662,,
strict,final_5x2,5,severity_binary,drop_gt70_missing,none,mice,none,catboost,severity_binary|drop_gt70_missing|none|mice|none|catboost,ok,,126,126,48,0.6532650448143407,0.6507936507936508,0.6522070840310152,0.6493802175562864,0.6588561350466112,0.6507936507936508,0.6507936507936508,0.6532650448143407,0.7014084507042253,0.746790972348222,0.6338028169014085,0.6727272727272727,,,,0.6727272727272727,0.6338028169014085,,
strict,final_5x2,5,severity_binary,drop_gt70_missing,none,raw,none,catboost,severity_binary|drop_gt70_missing|none|raw|none|catboost,ok,,126,126,48,0.6541613316261203,0.6587301587301587,0.6590572335253186,0.6538240368027601,0.6594671201814057,0.6535714285714285,0.6587301587301587,0.6541613316261203,0.7025608194622278,0.7357246696549162,0.6901408450704225,0.6181818181818182,,,,0.6181818181818182,0.6901408450704225,,
strict,final_5x2,5,severity_binary,all,none,mean,none,catboost,severity_binary|all|none|mean|none|catboost,ok,,126,126,55,0.655313700384123,0.6507936507936508,0.6521164021164021,0.6499999999999999,0.6616425468884486,0.6529634300126104,0.6507936507936508,0.655313700384123,0.7161331626120359,0.7477284733747702,0.6197183098591549,0.6909090909090909,,,,0.6909090909090909,0.6197183098591549,,
strict,final_5x2,5,severity_binary,all,none,mean,none,rf,severity_binary|all|none|mean|none|rf,ok,,126,126,55,0.652112676056338,0.6587301587301587,0.6583579519359336,0.6524026432283313,0.6580687830687831,0.6527777777777778,0.6587301587301587,0.652112676056338,0.6943661971830986,0.7208815732951785,0.704225352112676,0.6,,,,0.6,0.704225352112676,,
strict,final_5x2,6,severity_binary,drop_gt70_missing,none,mean,none,stacking,severity_binary|drop_gt70_missing|none|mean|none|stacking,ok,,126,126,48,0.6458333333333334,0.6507936507936508,0.6515090543259556,0.6450704225352113,0.6525510204081633,0.6446428571428571,0.6507936507936508,0.6458333333333334,0.7271090534979425,0.7756832941493308,0.6805555555555556,0.6111111111111112,,,,0.6111111111111112,0.6805555555555556,,
strict,final_5x2,6,severity_binary,drop_gt70_missing,none,softimpute,none,rf,severity_binary|drop_gt70_missing|none|softimpute|none|rf,ok,,126,126,48,0.6828703703703703,0.6984126984126984,0.6942857142857142,0.685,0.6959627329192547,0.6932065217391304,0.6984126984126984,0.6828703703703703,0.7286522633744855,0.7754537832021459,0.7916666666666666,0.5740740740740741,,,,0.5740740740740741,0.7916666666666666,,
strict,final_5x2,6,severity_binary,drop_gt70_missing,none,gain,none,stacking,severity_binary|drop_gt70_missing|none|gain|none|stacking,ok,,126,126,48,0.6921296296296297,0.6904761904761905,0.6919889377521875,0.688099016185338,0.6977481534858585,0.6883984867591425,0.6904761904761905,0.6921296296296297,0.7175925925925926,0.7533297537852981,0.6805555555555556,0.7037037037037037,,,,0.7037037037037037,0.6805555555555556,,
strict,final_5x2,6,severity_binary,all,none,raw,none,catboost,severity_binary|all|none|raw|none|catboost,ok,,126,126,55,0.6851851851851851,0.6904761904761905,0.6908137733825808,0.6847372810675563,0.691238339125663,0.6843790012804097,0.6904761904761905,0.6851851851851851,0.7528292181069959,0.8040097771970218,0.7222222222222222,0.6481481481481481,,,,0.6481481481481481,0.7222222222222222,,
strict,final_5x2,6,severity_binary,drop_gt70_missing,none,mice,tvae,catboost,severity_binary|drop_gt70_missing|none|mice|tvae|catboost,ok,,252,126,48,0.6203703703703703,0.626984126984127,0.627390957666187,0.6200680053891063,0.6278763490031095,0.6198463508322662,0.626984126984127,0.6203703703703703,0.6921296296296297,0.7429104842249323,0.6666666666666666,0.5740740740740741,,,,0.5740740740740741,0.6666666666666666,,
strict,final_5x2,6,severity_binary,all,none,mean,none,stacking,severity_binary|all|none|mean|none|stacking,ok,,126,126,55,0.6550925925925926,0.6587301587301587,0.6597113831156384,0.6538240368027601,0.6614361991936363,0.6533180778032037,0.6587301587301587,0.6550925925925926,0.7332818930041152,0.7748440702475298,0.6805555555555556,0.6296296296296297,,,,0.6296296296296297,0.6805555555555556,,
strict,final_5x2,6,severity_binary,drop_gt70_missing,none,pmm,none,stacking,severity_binary|drop_gt70_missing|none|pmm|none|stacking,ok,,126,126,48,0.6805555555555556,0.6904761904761905,0.6892128279883382,0.6816326530612244,0.6887394957983193,0.6835294117647059,0.6904761904761905,0.6805555555555556,0.7386831275720164,0.7818713376047897,0.75,0.6111111111111112,,,,0.6111111111111112,0.75,,
strict,final_5x2,6,severity_binary,drop_gt70_missing,none,pmm,none,rf,severity_binary|drop_gt70_missing|none|pmm|none|rf,ok,,126,126,48,0.6875,0.7063492063492064,0.7001187704879092,0.6899235118057865,0.7051995356842653,0.7042588960493135,0.7063492063492064,0.6875,0.7299382716049383,0.7747201507594317,0.8194444444444444,0.5555555555555556,,,,0.5555555555555556,0.8194444444444444,,
strict,final_5x2,6,severity_binary,drop_gt70_missing,none,mean,none,catboost,severity_binary|drop_gt70_missing|none|mean|none|catboost,ok,,126,126,48,0.6319444444444444,0.6428571428571429,0.641399416909621,0.6326530612244898,0.640672268907563,0.6341176470588236,0.6428571428571429,0.6319444444444444,0.7227366255144032,0.7726680564046858,0.7083333333333334,0.5555555555555556,,,,0.5555555555555556,0.7083333333333334,,
strict,final_5x2,6,severity_binary,drop_gt70_missing,none,mice,none,catboost,severity_binary|drop_gt70_missing|none|mice|none|catboost,ok,,126,126,48,0.6666666666666667,0.6746031746031746,0.6742046867087149,0.6670319046084434,0.6738913709707197,0.6674851382786249,0.6746031746031746,0.6666666666666667,0.7217078189300412,0.7655785591782294,0.7222222222222222,0.6111111111111112,,,,0.6111111111111112,0.7222222222222222,,
strict,final_5x2,6,severity_binary,drop_gt70_missing,none,raw,none,catboost,severity_binary|drop_gt70_missing|none|raw|none|catboost,ok,,126,126,48,0.6828703703703705,0.6904761904761905,0.690097141015607,0.6832742507251047,0.6898054129896983,0.6837684156112691,0.6904761904761905,0.6828703703703705,0.7649176954732511,0.7964694600131945,0.7361111111111112,0.6296296296296297,,,,0.6296296296296297,0.7361111111111112,,
strict,final_5x2,6,severity_binary,all,none,mean,none,catboost,severity_binary|all|none|mean|none|catboost,ok,,126,126,55,0.625,0.6349206349206349,0.63397703356349,0.6254846213491858,0.6333531333531333,0.6262993762993763,0.6349206349206349,0.625,0.717335390946502,0.7651909855613444,0.6944444444444444,0.5555555555555556,,,,0.5555555555555556,0.6944444444444444,,
strict,final_5x2,6,severity_binary,all,none,mean,none,rf,severity_binary|all|none|mean|none|rf,ok,,126,126,55,0.6805555555555556,0.6984126984126984,0.6928173866949378,0.6827458256029685,0.6963889768767817,0.6945676274944568,0.6984126984126984,0.6805555555555556,0.7399691358024691,0.7848201517975385,0.8055555555555556,0.5555555555555556,,,,0.5555555555555556,0.8055555555555556,,
strict,final_5x2,7,severity_binary,drop_gt70_missing,none,mean,none,stacking,severity_binary|drop_gt70_missing|none|mean|none|stacking,ok,,126,126,47,0.7037131882202305,0.6984126984126984,0.6995550745550746,0.6977272727272728,0.7095017914690046,0.7006305170239596,0.6984126984126984,0.7037131882202305,0.7306017925736236,0.7941479046438318,0.6619718309859155,0.7454545454545455,,,,0.7454545454545455,0.6619718309859155,,
strict,final_5x2,7,severity_binary,drop_gt70_missing,none,softimpute,none,rf,severity_binary|drop_gt70_missing|none|softimpute|none|rf,ok,,126,126,47,0.6805377720870679,0.6746031746031746,0.6757322406177368,0.6740899627783736,0.6871693121693122,0.678030303030303,0.6746031746031746,0.6805377720870679,0.6906530089628682,0.7773226467987513,0.6338028169014085,0.7272727272727273,,,,0.7272727272727273,0.6338028169014085,,
strict,final_5x2,7,severity_binary,drop_gt70_missing,none,gain,none,stacking,severity_binary|drop_gt70_missing|none|gain|none|stacking,ok,,126,126,47,0.6764404609475032,0.6746031746031746,0.6759010536788315,0.672934472934473,0.6813516065028162,0.6736391129032258,0.6746031746031746,0.6764404609475032,0.7229193341869398,0.7708462816883097,0.6619718309859155,0.6909090909090909,,,,0.6909090909090909,0.6619718309859155,,
strict,final_5x2,7,severity_binary,all,none,raw,none,catboost,severity_binary|all|none|raw|none|catboost,ok,,126,126,55,0.658258642765685,0.6587301587301587,0.6599215164749916,0.6561091716915266,0.6631794131794132,0.656060606060606,0.6587301587301587,0.658258642765685,0.7523687580025609,0.7994059866516704,0.6619718309859155,0.6545454545454545,,,,0.6545454545454545,0.6619718309859155,,
strict,final_5x2,7,severity_binary,drop_gt70_missing,none,mice,tvae,catboost,severity_binary|drop_gt70_missing|none|mice|tvae|catboost,ok,,252,126,47,0.6087067861715749,0.6190476190476191,0.6170783640414036,0.6092013440165418,0.616358543417367,0.6109803921568627,0.6190476190476191,0.6087067861715749,0.6583866837387964,0.7098204058202273,0.6901408450704225,0.5272727272727272,,,,0.5272727272727272,0.6901408450704225,,
strict,final_5x2,7,severity_binary,all,none,mean,none,stacking,severity_binary|all|none|mean|none|stacking,ok,,126,126,55,0.68348271446863,0.6825396825396826,0.6837470620432082,0.6805273833671399,0.6880401929582258,0.6807061790668348,0.6825396825396826,0.68348271446863,0.7321382842509603,0.7983102437112488,0.676056338028169,0.6909090909090909,,,,0.6909090909090909,0.676056338028169,,
strict,final_5x2,7,severity_binary,drop_gt70_missing,none,pmm,none,stacking,severity_binary|drop_gt70_missing|none|pmm|none|stacking,ok,,126,126,47,0.6825864276568502,0.6746031746031746,0.6754029777285592,0.6744186046511628,0.6906653465984094,0.6807809330628802,0.6746031746031746,0.6825864276568502,0.7408450704225352,0.7917273096121382,0.6197183098591549,0.7454545454545455,,,,0.7454545454545455,0.6197183098591549,,
strict,final_5x2,7,severity_binary,drop_gt70_missing,none,pmm,none,rf,severity_binary|drop_gt70_missing|none|pmm|none|rf,ok,,126,126,47,0.6550576184379001,0.6666666666666666,0.6638080388080388,0.6561850311850312,0.6640162558529906,0.660482374768089,0.6666666666666666,0.6550576184379001,0.7454545454545454,0.8021052751630153,0.7464788732394366,0.5636363636363636,,,,0.5636363636363636,0.7464788732394366,,
strict,final_5x2,7,severity_binary,drop_gt70_missing,none,mean,none,catboost,severity_binary|drop_gt70_missing|none|mean|none|catboost,ok,,126,126,47,0.7016645326504481,0.6984126984126984,0.6996333907540586,0.6971920060713381,0.7064751826656588,0.6984126984126984,0.6984126984126984,0.7016645326504481,0.7208706786171574,0.7841684982920643,0.676056338028169,0.7272727272727273,,,,0.7272727272727273,0.676056338028169,,
strict,final_5x2,7,severity_binary,drop_gt70_missing,none,mice,none,catboost,severity_binary|drop_gt70_missing|none|mice|none|catboost,ok,,126,126,47,0.6693982074263765,0.6666666666666666,0.6680158529386964,0.6653174803946369,0.674729150919627,0.6666666666666666,0.6666666666666666,0.6693982074263765,0.7216389244558258,0.7878753325797647,0.647887323943662,0.6909090909090909,,,,0.6909090909090909,0.647887323943662,,
strict,final_5x2,7,severity_binary,drop_gt70_missing,none,raw,none,catboost,severity_binary|drop_gt70_missing|none|raw|none|catboost,ok,,126,126,47,0.6682458386683738,0.6746031746031746,0.6742482797528669,0.6685699621479438,0.6739785420340977,0.6689814814814815,0.6746031746031746,0.6682458386683738,0.7516005121638923,0.8009187153873593,0.7183098591549296,0.6181818181818182,,,,0.6181818181818182,0.7183098591549296,,
strict,final_5x2,7,severity_binary,all,none,mean,none,catboost,severity_binary|all|none|mean|none|catboost,ok,,126,126,55,0.6653008962868118,0.6666666666666666,0.6676837020086448,0.6636155606407322,0.6700396323467408,0.6632937009865925,0.6666666666666666,0.6653008962868118,0.7321382842509603,0.801002460665815,0.676056338028169,0.6545454545454545,,,,0.6545454545454545,0.676056338028169,,
strict,final_5x2,7,severity_binary,all,none,mean,none,rf,severity_binary|all|none|mean|none|rf,ok,,126,126,55,0.626888604353393,0.6349206349206349,0.634075543797766,0.6273148148148149,0.6335503616454767,0.6280692685448437,0.6349206349206349,0.626888604353393,0.7344430217669654,0.8009523794208128,0.6901408450704225,0.5636363636363636,,,,0.5636363636363636,0.6901408450704225,,
strict,final_5x2,8,severity_binary,drop_gt70_missing,none,mean,none,stacking,severity_binary|drop_gt70_missing|none|mean|none|stacking,ok,,126,126,47,0.6782407407407407,0.6825396825396826,0.6831900493872325,0.677336747759283,0.6841836734693877,0.6767857142857143,0.6825396825396826,0.6782407407407407,0.7453703703703703,0.8168427595836352,0.7083333333333334,0.6481481481481481,,,,0.6481481481481481,0.7083333333333334,,
strict,final_5x2,8,severity_binary,drop_gt70_missing,none,softimpute,none,rf,severity_binary|drop_gt70_missing|none|softimpute|none|rf,ok,,126,126,47,0.6574074074074074,0.6666666666666666,0.6658051176014473,0.658051176014474,0.6652806652806654,0.659043659043659,0.6666666666666666,0.6574074074074074,0.709619341563786,0.7849554237018606,0.7222222222222222,0.5925925925925926,,,,0.5925925925925926,0.7222222222222222,,
strict,final_5x2,8,severity_binary,drop_gt70_missing,none,gain,none,stacking,severity_binary|drop_gt70_missing|none|gain|none|stacking,ok,,126,126,47,0.6782407407407407,0.6825396825396826,0.6831900493872325,0.677336747759283,0.6841836734693877,0.6767857142857143,0.6825396825396826,0.6782407407407407,0.7631172839506172,0.8321759678882723,0.7083333333333334,0.6481481481481481,,,,0.6481481481481481,0.7083333333333334,,
strict,final_5x2,8,severity_binary,all,none,raw,none,catboost,severity_binary|all|none|raw|none|catboost,ok,,126,126,55,0.6458333333333334,0.6587301587301587,0.6561729142037996,0.6469668339089072,0.655711635303472,0.6502782931354361,0.6587301587301587,0.6458333333333334,0.7602880658436215,0.836166512610965,0.7361111111111112,0.5555555555555556,,,,0.5555555555555556,0.7361111111111112,,
strict,final_5x2,8,severity_binary,drop_gt70_missing,none,mice,tvae,catboost,severity_binary|drop_gt70_missing|none|mice|tvae|catboost,ok,,252,126,47,0.6574074074074074,0.6825396825396826,0.6708074534161491,0.6576086956521738,0.6828434723171566,0.6830143540669856,0.6825396825396826,0.6574074074074074,0.7381687242798354,0.7864533569933226,0.8333333333333334,0.48148148148148145,,,,0.48148148148148145,0.8333333333333334,,
strict,final_5x2,8,severity_binary,all,none,mean,none,stacking,severity_binary|all|none|mean|none|stacking,ok,,126,126,55,0.6759259259259259,0.6825396825396826,0.6825396825396826,0.6759259259259259,0.6825396825396826,0.6759259259259259,0.6825396825396826,0.6759259259259259,0.7430555555555556,0.80731751429658,0.7222222222222222,0.6296296296296297,,,,0.6296296296296297,0.7222222222222222,,
strict,final_5x2,8,severity_binary,drop_gt70_missing,none,pmm,none,stacking,severity_binary|drop_gt70_missing|none|pmm|none|stacking,ok,,126,126,47,0.6712962962962963,0.6666666666666666,0.6683531495067038,0.6653174803946369,0.6784274193548387,0.6678427419354839,0.6666666666666666,0.6712962962962963,0.7541152263374487,0.8382315802477611,0.6388888888888888,0.7037037037037037,,,,0.7037037037037037,0.6388888888888888,,
strict,final_5x2,8,severity_binary,drop_gt70_missing,none,pmm,none,rf,severity_binary|drop_gt70_missing|none|pmm|none|rf,ok,,126,126,47,0.6643518518518519,0.6746031746031746,0.6732750242954326,0.6653061224489796,0.672717086834734,0.6670588235294117,0.6746031746031746,0.6643518518518519,0.746656378600823,0.8306762700757448,0.7361111111111112,0.5925925925925926,,,,0.5925925925925926,0.7361111111111112,,
strict,final_5x2,8,severity_binary,drop_gt70_missing,none,mean,none,catboost,severity_binary|drop_gt70_missing|none|mean|none|catboost,ok,,126,126,47,0.6550925925925926,0.6666666666666666,0.6647609147609147,0.6561850311850312,0.6642105263157895,0.6586842105263158,0.6666666666666666,0.6550925925925926,0.7363683127572016,0.8118971453679691,0.7361111111111112,0.5740740740740741,,,,0.5740740740740741,0.7361111111111112,,
strict,final_5x2,8,severity_binary,drop_gt70_missing,none,mice,none,catboost,severity_binary|drop_gt70_missing|none|mice|none|catboost,ok,,126,126,47,0.6759259259259259,0.6904761904761905,0.6869245108049121,0.6777916202216248,0.6877380631757146,0.6842176137893886,0.6904761904761905,0.6759259259259259,0.7602880658436215,0.8352352974684913,0.7777777777777778,0.5740740740740741,,,,0.5740740740740741,0.7777777777777778,,
strict,final_5x2,8,severity_binary,drop_gt70_missing,none,raw,none,catboost,severity_binary|drop_gt70_missing|none|raw|none|catboost,ok,,126,126,47,0.6944444444444444,0.7063492063492064,0.7041487866404789,0.6962272756890597,0.7042141531937451,0.7003710575139146,0.7063492063492064,0.6944444444444444,0.7608024691358024,0.8403588438898062,0.7777777777777778,0.6111111111111112,,,,0.6111111111111112,0.7777777777777778,,
strict,final_5x2,8,severity_binary,all,none,mean,none,catboost,severity_binary|all|none|mean|none|catboost,ok,,126,126,55,0.6805555555555556,0.6904761904761905,0.6892128279883382,0.6816326530612244,0.6887394957983193,0.6835294117647059,0.6904761904761905,0.6805555555555556,0.7476851851851852,0.8132684356972505,0.75,0.6111111111111112,,,,0.6111111111111112,0.75,,
strict,final_5x2,8,severity_binary,all,none,mean,none,rf,severity_binary|all|none|mean|none|rf,ok,,126,126,55,0.6458333333333333,0.6666666666666666,0.6586538461538461,0.6466346153846154,0.663265306122449,0.6607142857142858,0.6666666666666666,0.6458333333333333,0.7368827160493826,0.7937923177115398,0.7916666666666666,0.5,,,,0.5,0.7916666666666666,,
strict,final_5x2,9,severity_binary,drop_gt70_missing,none,mean,none,stacking,severity_binary|drop_gt70_missing|none|mean|none|stacking,ok,,126,126,48,0.7057618437900128,0.6984126984126984,0.6993254468664306,0.6981084489281211,0.7129646360610186,0.7032633442954719,0.6984126984126984,0.7057618437900128,0.7072983354673495,0.7431294508754223,0.647887323943662,0.7636363636363637,,,,0.7636363636363637,0.647887323943662,,
strict,final_5x2,9,severity_binary,drop_gt70_missing,none,softimpute,none,rf,severity_binary|drop_gt70_missing|none|softimpute|none|rf,ok,,126,126,48,0.6125480153649168,0.6349206349206349,0.6223350818018203,0.6097495286830057,0.6313278037415968,0.6295313881520779,0.6349206349206349,0.6125480153649168,0.6640204865556978,0.7066093784708323,0.7887323943661971,0.43636363636363634,,,,0.43636363636363634,0.7887323943661971,,
strict,final_5x2,9,severity_binary,drop_gt70_missing,none,gain,none,stacking,severity_binary|drop_gt70_missing|none|gain|none|stacking,ok,,126,126,48,0.6875800256081946,0.6825396825396826,0.6837421837421838,0.6818181818181819,0.6935487099421525,0.6847414880201765,0.6825396825396826,0.6875800256081946,0.730089628681178,0.7439742890506889,0.647887323943662,0.7272727272727273,,,,0.7272727272727273,0.647887323943662,,
strict,final_5x2,9,severity_binary,all,none,raw,none,catboost,severity_binary|all|none|raw|none|catboost,ok,,126,126,55,0.6723431498079385,0.6746031746031746,0.6754111249559139,0.6711020564079709,0.6769817122251199,0.6706389452332657,0.6746031746031746,0.6723431498079385,0.7144686299615878,0.7418867986601936,0.6901408450704225,0.6545454545454545,,,,0.6545454545454545,0.6901408450704225,,
strict,final_5x2,9,severity_binary,drop_gt70_missing,none,mice,tvae,catboost,severity_binary|drop_gt70_missing|none|mice|tvae|catboost,ok,,252,126,48,0.598719590268886,0.6031746031746031,0.6038832199546486,0.5982142857142858,0.6048938772050901,0.5980167810831427,0.6031746031746031,0.598719590268886,0.6829705505761844,0.7176884096521394,0.6338028169014085,0.5636363636363636,,,,0.5636363636363636,0.6338028169014085,,
strict,final_5x2,9,severity_binary,all,none,mean,none,stacking,severity_binary|all|none|mean|none|stacking,ok,,126,126,55,0.7128040973111396,0.7063492063492064,0.70736811958186,0.7058860639707274,0.7191798941798943,0.7098484848484848,0.7063492063492064,0.7128040973111396,0.7221510883482715,0.7487257459631105,0.6619718309859155,0.7636363636363637,,,,0.7636363636363637,0.6619718309859155,,
strict,final_5x2,9,severity_binary,drop_gt70_missing,none,pmm,none,stacking,severity_binary|drop_gt70_missing|none|pmm|none|stacking,ok,,126,126,48,0.6382842509603073,0.626984126984127,0.6265846769153856,0.6269606299212598,0.6494708994708995,0.6388888888888888,0.626984126984127,0.6382842509603073,0.7024327784891166,0.7318420700256405,0.5492957746478874,0.7272727272727273,,,,0.7272727272727273,0.5492957746478874,,
strict,final_5x2,9,severity_binary,drop_gt70_missing,none,pmm,none,rf,severity_binary|drop_gt70_missing|none|pmm|none|rf,ok,,126,126,48,0.6107554417413572,0.6190476190476191,0.6181657848324514,0.6111111111111112,0.6175952934805351,0.6117859912121995,0.6190476190476191,0.6107554417413572,0.7001280409731114,0.7338988666971074,0.676056338028169,0.5454545454545454,,,,0.5454545454545454,0.676056338028169,,
strict,final_5x2,9,severity_binary,drop_gt70_missing,none,mean,none,catboost,severity_binary|drop_gt70_missing|none|mean|none|catboost,ok,,126,126,48,0.6623559539052497,0.6587301587301587,0.6600885968422456,0.6576735957540911,0.6681627624167946,0.6597782258064516,0.6587301587301587,0.6623559539052497,0.6978233034571063,0.7372685893650743,0.6338028169014085,0.6909090909090909,,,,0.6909090909090909,0.6338028169014085,,
strict,final_5x2,9,severity_binary,drop_gt70_missing,none,mice,none,catboost,severity_binary|drop_gt70_missing|none|mice|none|catboost,ok,,126,126,48,0.6905249679897567,0.6904761904761905,0.6915567242447598,0.688099016185338,0.6948051948051946,0.6878787878787879,0.6904761904761905,0.6905249679897567,0.7303457106274007,0.7624706112261175,0.6901408450704225,0.6909090909090909,,,,0.6909090909090909,0.6901408450704225,,
strict,final_5x2,9,severity_binary,drop_gt70_missing,none,raw,none,catboost,severity_binary|drop_gt70_missing|none|raw|none|catboost,ok,,126,126,48,0.6975672215108835,0.6984126984126984,0.6993328732459166,0.6956521739130435,0.7016571701621032,0.6951682266632937,0.6984126984126984,0.6975672215108835,0.7160051216389245,0.7428529142520613,0.704225352112676,0.6909090909090909,,,,0.6909090909090909,0.704225352112676,,
strict,final_5x2,9,severity_binary,all,none,mean,none,catboost,severity_binary|all|none|mean|none|catboost,ok,,126,126,55,0.7087067861715749,0.7063492063492064,0.7075204630760187,0.7048433048433049,0.7130416346646186,0.7053931451612903,0.7063492063492064,0.7087067861715749,0.7175416133162611,0.7452693206668786,0.6901408450704225,0.7272727272727273,,,,0.7272727272727273,0.6901408450704225,,
strict,final_5x2,9,severity_binary,all,none,mean,none,rf,severity_binary|all|none|mean|none|rf,ok,,126,126,55,0.7096030729833547,0.7142857142857143,0.7142857142857143,0.7096030729833547,0.7142857142857143,0.7096030729833547,0.7142857142857143,0.7096030729833547,0.7308578745198463,0.759116354367537,0.7464788732394366,0.6727272727272727,,,,0.6727272727272727,0.7464788732394366,,
