lane,stage,fold,target_variant,feature_variant,outlier_policy,imputation,synthesis,model,config_key,status,error,n_train,n_test,n_features,balanced_accuracy,accuracy,f1_weighted,f1_macro,precision_weighted,precision_macro,recall_weighted,recall_macro,roc_auc,pr_auc,sensitivity,specificity,ordinal_mae,adjacent_error_rate,distant_error_rate,recall_class_0,recall_class_1,recall_class_2,recall_class_3
strict,selection,0,mayo_4class,all,none,mean,none,rf,mayo_4class|all|none|mean|none|rf,ok,,201,51,55,0.4512432012432013,0.47058823529411764,0.4718331777155306,0.4509379509379509,0.47371889932443567,0.4511713776419659,0.47058823529411764,0.4512432012432013,,,,,0.803921568627451,0.29411764705882354,0.23529411764705882,0.3333333333333333,0.46153846153846156,0.5555555555555556,0.45454545454545453
strict,selection,0,mayo_4class,all,none,mean,none,catboost,mayo_4class|all|none|mean|none|catboost,ok,,201,51,55,0.3344988344988345,0.35294117647058826,0.3553510112631935,0.3373128561769535,0.36020761245674743,0.3426470588235294,0.35294117647058826,0.3344988344988345,,,,,0.9411764705882353,0.39215686274509803,0.2549019607843137,0.2222222222222222,0.3076923076923077,0.4444444444444444,0.36363636363636365
strict,selection,0,mayo_4class,all,none,mean,none,stacking,mayo_4class|all|none|mean|none|stacking,ok,,201,51,55,0.354020979020979,0.3333333333333333,0.3197209653092006,0.32740384615384616,0.3769897113550364,0.3554625199362041,0.3333333333333333,0.354020979020979,,,,,1.0196078431372548,0.37254901960784315,0.29411764705882354,0.3333333333333333,0.46153846153846156,0.16666666666666666,0.45454545454545453
strict,selection,0,mayo_4class,all,none,mean,tvae,rf,mayo_4class|all|none|mean|tvae|rf,ok,,402,51,55,0.39034576534576537,0.4117647058823529,0.4096638655462185,0.39042207792207795,0.4098972922502334,0.3933982683982684,0.4117647058823529,0.39034576534576537,,,,,0.8235294117647058,0.39215686274509803,0.19607843137254902,0.2222222222222222,0.38461538461538464,0.5,0.45454545454545453
strict,selection,0,mayo_4class,all,none,mean,tvae,catboost,mayo_4class|all|none|mean|tvae|catboost,ok,,402,51,55,0.3764568764568765,0.39215686274509803,0.39111330806832545,0.3735994397759104,0.39481433599080656,0.3759157509157509,0.39215686274509803,0.3764568764568765,,,,,0.9019607843137255,0.37254901960784315,0.23529411764705882,0.2222222222222222,0.38461538461538464,0.4444444444444444,0.45454545454545453
strict,selection,0,mayo_4class,all,none,mean,tvae,stacking,mayo_4class|all|none|mean|tvae|stacking,ok,,402,51,55,0.3108003108003108,0.27450980392156865,0.2115100585688821,0.24004329004329006,0.17260061919504643,0.19627192982456138,0.27450980392156865,0.3108003108003108,,,,,1.1176470588235294,0.43137254901960786,0.29411764705882354,0.2222222222222222,0.38461538461538464,0.0,0.6363636363636364
strict,selection,0,mayo_4class,all,none,pmm,none,rf,mayo_4class|all|none|pmm|none|rf,ok,,201,51,55,0.4461926961926962,0.47058823529411764,0.46834733893557423,0.4458874458874459,0.4740484429065744,0.4549910873440285,0.47058823529411764,0.4461926961926962,,,,,0.7450980392156863,0.3333333333333333,0.19607843137254902,0.2222222222222222,0.46153846153846156,0.5555555555555556,0.5454545454545454
strict,selection,0,mayo_4class,all,none,pmm,none,catboost,mayo_4class|all|none|pmm|none|catboost,ok,,201,51,55,0.41812354312354316,0.45098039215686275,0.4538417517544652,0.4235023041474655,0.46584646930667695,0.4395424836601307,0.45098039215686275,0.41812354312354316,,,,,0.7843137254901961,0.35294117647058826,0.19607843137254902,0.2222222222222222,0.38461538461538464,0.6111111111111112,0.45454545454545453
strict,selection,0,mayo_4class,all,none,pmm,none,stacking,mayo_4class|all|none|pmm|none|stacking,ok,,201,51,55,0.33109945609945607,0.29411764705882354,0.27094574155047707,0.27973352033660587,0.36907682859239954,0.3341100076394194,0.29411764705882354,0.33109945609945607,,,,,1.1372549019607843,0.4117647058823529,0.29411764705882354,0.4444444444444444,0.07692307692307693,0.16666666666666666,0.6363636363636364
strict,selection,0,mayo_4class,all,none,pmm,tvae,rf,mayo_4class|all|none|pmm|tvae|rf,ok,,402,51,55,0.4234654234654235,0.45098039215686275,0.44351802020748665,0.4322497657381378,0.46470588235294114,0.475,0.45098039215686275,0.4234654234654235,,,,,0.7450980392156863,0.37254901960784315,0.17647058823529413,0.2222222222222222,0.46153846153846156,0.5555555555555556,0.45454545454545453
strict,selection,0,mayo_4class,all,none,pmm,tvae,catboost,mayo_4class|all|none|pmm|tvae|catboost,ok,,402,51,55,0.3764568764568765,0.39215686274509803,0.3902894491129785,0.3795093795093795,0.4004613610149942,0.39827688651218063,0.39215686274509803,0.3764568764568765,,,,,0.8235294117647058,0.45098039215686275,0.1568627450980392,0.2222222222222222,0.38461538461538464,0.4444444444444444,0.45454545454545453
strict,selection,0,mayo_4class,all,none,pmm,tvae,stacking,mayo_4class|all|none|pmm|tvae|stacking,ok,,402,51,55,0.28088578088578087,0.23529411764705882,0.18207282913165265,0.21428571428571427,0.1506627005807483,0.17574819401444788,0.23529411764705882,0.28088578088578087,,,,,1.1764705882352942,0.45098039215686275,0.3137254901960784,0.3333333333333333,0.15384615384615385,0.0,0.6363636363636364
strict,selection,0,mayo_4class,all,none,gain,none,rf,mayo_4class|all|none|gain|none|rf,ok,,201,51,55,0.44085081585081587,0.47058823529411764,0.47311961821765736,0.44165464165464163,0.4762728620860109,0.44296961208725916,0.47058823529411764,0.44085081585081587,,,,,0.803921568627451,0.29411764705882354,0.23529411764705882,0.2222222222222222,0.38461538461538464,0.6111111111111112,0.5454545454545454
strict,selection,0,mayo_4class,all,none,gain,none,catboost,mayo_4class|all|none|gain|none|catboost,ok,,201,51,55,0.3746114996114996,0.39215686274509803,0.38701268742791234,0.3688235294117647,0.38386123680241324,0.3653846153846154,0.39215686274509803,0.3746114996114996,,,,,0.9215686274509803,0.35294117647058826,0.2549019607843137,0.2222222222222222,0.23076923076923078,0.5,0.5454545454545454
strict,selection,0,mayo_4class,all,none,gain,none,stacking,mayo_4class|all|none|gain|none|stacking,ok,,201,51,55,0.31905594405594406,0.29411764705882354,0.2888198757763975,0.2911490683229814,0.3922236386814788,0.3527089783281734,0.29411764705882354,0.31905594405594406,,,,,1.1568627450980393,0.39215686274509803,0.3137254901960784,0.3333333333333333,0.23076923076923078,0.16666666666666666,0.5454545454545454
strict,selection,0,mayo_4class,all,none,gain,tvae,rf,mayo_4class|all|none|gain|tvae|rf,ok,,402,51,55,0.39384226884226886,0.43137254901960786,0.4125188536953243,0.3814102564102564,0.4069704804998923,0.38576007326007333,0.43137254901960786,0.39384226884226886,,,,,0.8235294117647058,0.37254901960784315,0.19607843137254902,0.1111111111111111,0.3076923076923077,0.6111111111111112,0.5454545454545454
strict,selection,0,mayo_4class,all,none,gain,tvae,catboost,mayo_4class|all|none|gain|tvae|catboost,ok,,402,51,55,0.473970473970474,0.49019607843137253,0.49577079107505073,0.47344827586206895,0.5157563025210085,0.48660714285714285,0.49019607843137253,0.473970473970474,,,,,0.7843137254901961,0.3137254901960784,0.19607843137254902,0.3333333333333333,0.46153846153846156,0.5555555555555556,0.5454545454545454
strict,selection,0,mayo_4class,all,none,gain,tvae,stacking,mayo_4class|all|none|gain|tvae|stacking,ok,,402,51,55,0.3105089355089355,0.27450980392156865,0.23934997339897057,0.26117603792088917,0.5205444406864913,0.44443830163644404,0.27450980392156865,0.3105089355089355,,,,,1.1372549019607843,0.4117647058823529,0.3137254901960784,0.3333333333333333,0.3076923076923077,0.05555555555555555,0.5454545454545454
strict,selection,0,mayo_4class,all,none,mice,none,rf,mayo_4class|all|none|mice|none|rf,ok,,201,51,55,0.4843628593628594,0.5098039215686274,0.50968720821662,0.4866071428571429,0.5168067226890757,0.49684873949579833,0.5098039215686274,0.4843628593628594,,,,,0.7647058823529411,0.2549019607843137,0.23529411764705882,0.3333333333333333,0.5384615384615384,0.6111111111111112,0.45454545454545453
strict,selection,0,mayo_4class,all,none,mice,none,catboost,mayo_4class|all|none|mice|none|catboost,ok,,201,51,55,0.36227661227661234,0.39215686274509803,0.3910092167538522,0.3683076225045372,0.3984593837535014,0.3839285714285714,0.39215686274509803,0.36227661227661234,,,,,0.8627450980392157,0.37254901960784315,0.23529411764705882,0.2222222222222222,0.3076923076923077,0.5555555555555556,0.36363636363636365
strict,selection,0,mayo_4class,all,none,mice,none,stacking,mayo_4class|all|none|mice|none|stacking,ok,,201,51,55,0.4130730380730381,0.39215686274509803,0.3925076811351321,0.39207977207977207,0.45112044817927177,0.4193452380952381,0.39215686274509803,0.4130730380730381,,,,,0.9803921568627451,0.3137254901960784,0.29411764705882354,0.4444444444444444,0.38461538461538464,0.2777777777777778,0.5454545454545454
strict,selection,0,mayo_4class,all,none,mice,tvae,rf,mayo_4class|all|none|mice|tvae|rf,ok,,402,51,55,0.44405594405594406,0.49019607843137253,0.4621848739495798,0.43506493506493504,0.4632478632478632,0.4543123543123543,0.49019607843137253,0.44405594405594406,,,,,0.7058823529411765,0.35294117647058826,0.1568627450980392,0.2222222222222222,0.23076923076923078,0.7777777777777778,0.5454545454545454
strict,selection,0,mayo_4class,all,none,mice,tvae,catboost,mayo_4class|all|none|mice|tvae|catboost,ok,,402,51,55,0.40423465423465427,0.43137254901960786,0.42691346808993863,0.40472387972387974,0.4275885792913656,0.41188197767145135,0.43137254901960786,0.40423465423465427,,,,,0.8235294117647058,0.35294117647058826,0.21568627450980393,0.2222222222222222,0.38461538461538464,0.5555555555555556,0.45454545454545453
strict,selection,0,mayo_4class,all,none,mice,tvae,stacking,mayo_4class|all|none|mice|tvae|stacking,ok,,402,51,55,0.32468919968919974,0.29411764705882354,0.25146334395827297,0.27267378215654076,0.35749653396712217,0.3345959595959596,0.29411764705882354,0.32468919968919974,,,,,1.0196078431372548,0.47058823529411764,0.23529411764705882,0.2222222222222222,0.38461538461538464,0.05555555555555555,0.6363636363636364
strict,selection,0,mayo_4class,all,none,softimpute,none,rf,mayo_4class|all|none|softimpute|none|rf,ok,,201,51,55,0.3241064491064491,0.35294117647058826,0.3408963585434174,0.32137445887445887,0.3522281639928699,0.34924242424242424,0.35294117647058826,0.3241064491064491,,,,,0.8627450980392157,0.47058823529411764,0.17647058823529413,0.1111111111111111,0.23076923076923078,0.5,0.45454545454545453
strict,selection,0,mayo_4class,all,none,softimpute,none,catboost,mayo_4class|all|none|softimpute|none|catboost,ok,,201,51,55,0.37111499611499615,0.4117647058823529,0.3944941638505187,0.36761402320695846,0.42860187553282186,0.4320652173913043,0.4117647058823529,0.37111499611499615,,,,,0.8235294117647058,0.4117647058823529,0.17647058823529413,0.1111111111111111,0.3076923076923077,0.6111111111111112,0.45454545454545453
strict,selection,0,mayo_4class,all,none,softimpute,none,stacking,mayo_4class|all|none|softimpute|none|stacking,ok,,201,51,55,0.3938422688422688,0.37254901960784315,0.3685476331000628,0.37162685140946017,0.39813258636788046,0.37976190476190474,0.37254901960784315,0.3938422688422688,,,,,1.0,0.3333333333333333,0.29411764705882354,0.4444444444444444,0.3076923076923077,0.2777777777777778,0.5454545454545454
strict,selection,0,mayo_4class,all,none,softimpute,tvae,rf,mayo_4class|all|none|softimpute|tvae|rf,ok,,402,51,55,0.34974747474747475,0.43137254901960786,0.3078431372549019,0.26666666666666666,0.262682850918145,0.2400793650793651,0.43137254901960786,0.34974747474747475,,,,,0.803921568627451,0.37254901960784315,0.19607843137254902,0.0,0.0,0.9444444444444444,0.45454545454545453
strict,selection,0,mayo_4class,all,none,softimpute,tvae,catboost,mayo_4class|all|none|softimpute|tvae|catboost,ok,,402,51,55,0.3988927738927739,0.45098039215686275,0.41783988957901996,0.3914208074534161,0.5392156862745098,0.5833333333333333,0.45098039215686275,0.3988927738927739,,,,,0.7843137254901961,0.35294117647058826,0.19607843137254902,0.1111111111111111,0.3076923076923077,0.7222222222222222,0.45454545454545453
strict,selection,0,mayo_4class,all,none,softimpute,tvae,stacking,mayo_4class|all|none|softimpute|tvae|stacking,ok,,402,51,55,0.4026806526806527,0.37254901960784315,0.3678842396983326,0.37183112988960065,0.5558988301202834,0.4868697478991596,0.37254901960784315,0.4026806526806527,,,,,1.0,0.35294117647058826,0.27450980392156865,0.4444444444444444,0.3076923076923077,0.2222222222222222,0.6363636363636364
strict,selection,0,mayo_4class,all,none,raw,none,catboost,mayo_4class|all|none|raw|none|catboost,ok,,201,51,55,0.4023892773892774,0.4117647058823529,0.40378721047451693,0.39199756147124565,0.4081490490933215,0.3943139097744361,0.4117647058823529,0.4023892773892774,,,,,0.9411764705882353,0.3137254901960784,0.27450980392156865,0.3333333333333333,0.23076923076923078,0.5,0.5454545454545454
strict,selection,0,mayo_4class,drop_gt70_missing,none,mean,none,rf,mayo_4class|drop_gt70_missing|none|mean|none|rf,ok,,201,51,47,0.4127816627816628,0.43137254901960786,0.43690573351230183,0.4137166296609021,0.4443977591036415,0.41631493506493505,0.43137254901960786,0.4127816627816628,,,,,0.8823529411764706,0.3137254901960784,0.2549019607843137,0.3333333333333333,0.3076923076923077,0.5555555555555556,0.45454545454545453
strict,selection,0,mayo_4class,drop_gt70_missing,none,mean,none,catboost,mayo_4class|drop_gt70_missing|none|mean|none|catboost,ok,,201,51,47,0.32944832944832947,0.3333333333333333,0.3330863083132277,0.3265605759211897,0.33426704014939307,0.32490079365079366,0.3333333333333333,0.32944832944832947,,,,,0.9411764705882353,0.43137254901960786,0.23529411764705882,0.2222222222222222,0.3076923076923077,0.3333333333333333,0.45454545454545453
strict,selection,0,mayo_4class,drop_gt70_missing,none,mean,none,stacking,mayo_4class|drop_gt70_missing|none|mean|none|stacking,ok,,201,51,47,0.3243978243978244,0.3137254901960784,0.31099005119289097,0.30610837438423644,0.37361629143636066,0.3390469824293354,0.3137254901960784,0.3243978243978244,,,,,1.0392156862745099,0.43137254901960786,0.2549019607843137,0.2222222222222222,0.3076923076923077,0.2222222222222222,0.5454545454545454
strict,selection,0,mayo_4class,drop_gt70_missing,none,mean,tvae,rf,mayo_4class|drop_gt70_missing|none|mean|tvae|rf,ok,,402,51,47,0.4127816627816628,0.45098039215686275,0.4355507137460852,0.4088932232490027,0.43964850154108465,0.4265886287625418,0.45098039215686275,0.4127816627816628,,,,,0.803921568627451,0.35294117647058826,0.19607843137254902,0.2222222222222222,0.3076923076923077,0.6666666666666666,0.45454545454545453
strict,selection,0,mayo_4class,drop_gt70_missing,none,mean,tvae,catboost,mayo_4class|drop_gt70_missing|none|mean|tvae|catboost,ok,,402,51,47,0.39034576534576537,0.4117647058823529,0.41122095897182404,0.3883053221288515,0.4193510737628384,0.39657738095238093,0.4117647058823529,0.39034576534576537,,,,,0.8823529411764706,0.37254901960784315,0.21568627450980393,0.2222222222222222,0.38461538461538464,0.5,0.45454545454545453
strict,selection,0,mayo_4class,drop_gt70_missing,none,mean,tvae,stacking,mayo_4class|drop_gt70_missing|none|mean|tvae|stacking,ok,,402,51,47,0.2880730380730381,0.2549019607843137,0.19653979238754324,0.2235294117647059,0.16088795964956953,0.1839257233994076,0.2549019607843137,0.2880730380730381,,,,,1.1372549019607843,0.45098039215686275,0.29411764705882354,0.2222222222222222,0.38461538461538464,0.0,0.5454545454545454
strict,selection,0,mayo_4class,drop_gt70_missing,none,pmm,none,rf,mayo_4class|drop_gt70_missing|none|pmm|none|rf,ok,,201,51,47,0.41812354312354316,0.43137254901960786,0.43137254901960786,0.41812354312354316,0.43137254901960786,0.41812354312354316,0.43137254901960786,0.41812354312354316,,,,,0.8627450980392157,0.3137254901960784,0.2549019607843137,0.3333333333333333,0.38461538461538464,0.5,0.45454545454545453
strict,selection,0,mayo_4class,drop_gt70_missing,none,pmm,none,catboost,mayo_4class|drop_gt70_missing|none|pmm|none|catboost,ok,,201,51,47,0.372960372960373,0.39215686274509803,0.39104553902522426,0.37215934761001174,0.39813258636788046,0.37976190476190474,0.39215686274509803,0.372960372960373,,,,,0.8627450980392157,0.37254901960784315,0.23529411764705882,0.2222222222222222,0.46153846153846156,0.4444444444444444,0.36363636363636365
strict,selection,0,mayo_4class,drop_gt70_missing,none,pmm,none,stacking,mayo_4class|drop_gt70_missing|none|pmm|none|stacking,ok,,201,51,47,0.34683372183372185,0.3333333333333333,0.34394527041585865,0.3315018315018315,0.4709027996225228,0.40886809269162216,0.3333333333333333,0.34683372183372185,,,,,1.1372549019607843,0.3333333333333333,0.3333333333333333,0.3333333333333333,0.23076923076923078,0.2777777777777778,0.5454545454545454
strict,selection,0,mayo_4class,drop_gt70_missing,none,pmm,tvae,rf,mayo_4class|drop_gt70_missing|none|pmm|tvae|rf,ok,,402,51,47,0.3601398601398601,0.43137254901960786,0.3583831355473974,0.3206549346879536,0.3862900715841892,0.3712301587301587,0.43137254901960786,0.3601398601398601,,,,,0.7843137254901961,0.37254901960784315,0.19607843137254902,0.1111111111111111,0.07692307692307693,0.8888888888888888,0.36363636363636365
strict,selection,0,mayo_4class,drop_gt70_missing,none,pmm,tvae,catboost,mayo_4class|drop_gt70_missing|none|pmm|tvae|catboost,ok,,402,51,47,0.4355089355089355,0.45098039215686275,0.4498179271708683,0.43353021978021977,0.45411105618718073,0.438267614738203,0.45098039215686275,0.4355089355089355,,,,,0.8431372549019608,0.3137254901960784,0.23529411764705882,0.3333333333333333,0.3076923076923077,0.5555555555555556,0.5454545454545454
strict,selection,0,mayo_4class,drop_gt70_missing,none,pmm,tvae,stacking,mayo_4class|drop_gt70_missing|none|pmm|tvae|stacking,ok,,402,51,47,0.3521756021756022,0.3137254901960784,0.2892063987398673,0.3049134773272704,0.4271434063821607,0.38574660633484165,0.3137254901960784,0.3521756021756022,,,,,1.1176470588235294,0.37254901960784315,0.3137254901960784,0.4444444444444444,0.3076923076923077,0.1111111111111111,0.5454545454545454
strict,selection,0,mayo_4class,drop_gt70_missing,none,gain,none,rf,mayo_4class|drop_gt70_missing|none|gain|none|rf,ok,,201,51,47,0.4547397047397047,0.49019607843137253,0.4920536635706914,0.45566188197767143,0.49444444444444446,0.45719696969696966,0.49019607843137253,0.4547397047397047,,,,,0.7647058823529411,0.27450980392156865,0.23529411764705882,0.2222222222222222,0.38461538461538464,0.6666666666666666,0.5454545454545454
strict,selection,0,mayo_4class,drop_gt70_missing,none,gain,none,catboost,mayo_4class|drop_gt70_missing|none|gain|none|catboost,ok,,201,51,47,0.3414918414918415,0.35294117647058826,0.35504456327985734,0.3362121212121212,0.3623520270579094,0.3358391608391609,0.35294117647058826,0.3414918414918415,,,,,0.9215686274509803,0.4117647058823529,0.23529411764705882,0.2222222222222222,0.15384615384615385,0.4444444444444444,0.5454545454545454
strict,selection,0,mayo_4class,drop_gt70_missing,none,gain,none,stacking,mayo_4class|drop_gt70_missing|none|gain|none|stacking,ok,,201,51,47,0.35538073038073037,0.35294117647058826,0.35668371696504686,0.3426449275362319,0.38459383753501397,0.3529761904761905,0.35294117647058826,0.35538073038073037,,,,,0.9803921568627451,0.37254901960784315,0.27450980392156865,0.3333333333333333,0.15384615384615385,0.3888888888888889,0.5454545454545454
strict,selection,0,mayo_4class,drop_gt70_missing,none,gain,tvae,rf,mayo_4class|drop_gt70_missing|none|gain|tvae|rf,ok,,402,51,47,0.37966200466200467,0.43137254901960786,0.40297014721567154,0.3677065687935253,0.396078431372549,0.375,0.43137254901960786,0.37966200466200467,,,,,0.8235294117647058,0.3333333333333333,0.23529411764705882,0.1111111111111111,0.23076923076923078,0.7222222222222222,0.45454545454545453
strict,selection,0,mayo_4class,drop_gt70_missing,none,gain,tvae,catboost,mayo_4class|drop_gt70_missing|none|gain|tvae|catboost,ok,,402,51,47,0.34333721833721836,0.35294117647058826,0.35924290485860444,0.3411300428490581,0.3762694821518351,0.3474358974358974,0.35294117647058826,0.34333721833721836,,,,,0.9803921568627451,0.37254901960784315,0.27450980392156865,0.2222222222222222,0.3076923076923077,0.3888888888888889,0.45454545454545453
strict,selection,0,mayo_4class,drop_gt70_missing,none,gain,tvae,stacking,mayo_4class|drop_gt70_missing|none|gain|tvae|stacking,ok,,402,51,47,0.2912781662781663,0.27450980392156865,0.2749700033270013,0.27043240284619596,0.5015172735760971,0.4181547619047619,0.27450980392156865,0.2912781662781663,,,,,1.1764705882352942,0.39215686274509803,0.3333333333333333,0.2222222222222222,0.23076923076923078,0.16666666666666666,0.5454545454545454
strict,selection,0,mayo_4class,drop_gt70_missing,none,mice,none,rf,mayo_4class|drop_gt70_missing|none|mice|none|rf,ok,,201,51,47,0.4335664335664336,0.47058823529411764,0.4628728684456239,0.43170426065162903,0.4649859943977591,0.4404761904761905,0.47058823529411764,0.4335664335664336,,,,,0.7843137254901961,0.3137254901960784,0.21568627450980393,0.3333333333333333,0.46153846153846156,0.6666666666666666,0.2727272727272727
strict,selection,0,mayo_4class,drop_gt70_missing,none,mice,none,catboost,mayo_4class|drop_gt70_missing|none|mice|none|catboost,ok,,201,51,47,0.3815073815073815,0.39215686274509803,0.3935426802299867,0.38029601976970395,0.39550173010380624,0.3797099958864665,0.39215686274509803,0.3815073815073815,,,,,0.9019607843137255,0.35294117647058826,0.2549019607843137,0.3333333333333333,0.38461538461538464,0.4444444444444444,0.36363636363636365
strict,selection,0,mayo_4class,drop_gt70_missing,none,mice,none,stacking,mayo_4class|drop_gt70_missing|none|mice|none|stacking,ok,,201,51,47,0.42191142191142184,0.39215686274509803,0.3812189263169655,0.38988603988603987,0.4241013071895425,0.40520833333333334,0.39215686274509803,0.42191142191142184,,,,,0.9411764705882353,0.3333333333333333,0.27450980392156865,0.4444444444444444,0.38461538461538464,0.2222222222222222,0.6363636363636364
strict,selection,0,mayo_4class,drop_gt70_missing,none,mice,tvae,rf,mayo_4class|drop_gt70_missing|none|mice|tvae|rf,ok,,402,51,47,0.3673271173271173,0.4117647058823529,0.3920671243325705,0.3742372234935164,0.44166666666666665,0.4604166666666667,0.4117647058823529,0.3673271173271173,,,,,0.7843137254901961,0.4117647058823529,0.17647058823529413,0.2222222222222222,0.3076923076923077,0.6666666666666666,0.2727272727272727
strict,selection,0,mayo_4class,drop_gt70_missing,none,mice,tvae,catboost,mayo_4class|drop_gt70_missing|none|mice|tvae|catboost,ok,,402,51,47,0.32566045066045063,0.35294117647058826,0.35097282156105686,0.32552882552882556,0.34953560371517023,0.32589968511021145,0.35294117647058826,0.32566045066045063,,,,,0.9607843137254902,0.39215686274509803,0.2549019607843137,0.2222222222222222,0.3076923076923077,0.5,0.2727272727272727
strict,selection,0,mayo_4class,drop_gt70_missing,none,mice,tvae,stacking,mayo_4class|drop_gt70_missing|none|mice|tvae|stacking,ok,,402,51,47,0.39763014763014765,0.35294117647058826,0.3155490935377083,0.3389889680212261,0.44384112619406735,0.41025641025641024,0.35294117647058826,0.39763014763014765,,,,,0.9607843137254902,0.4117647058823529,0.23529411764705882,0.4444444444444444,0.3076923076923077,0.1111111111111111,0.7272727272727273
strict,selection,0,mayo_4class,drop_gt70_missing,none,softimpute,none,rf,mayo_4class|drop_gt70_missing|none|softimpute|none|rf,ok,,201,51,47,0.47047397047397044,0.5098039215686274,0.5001690110548594,0.4727210395716338,0.518954248366013,0.5111111111111111,0.5098039215686274,0.47047397047397044,,,,,0.7647058823529411,0.2549019607843137,0.23529411764705882,0.2222222222222222,0.5384615384615384,0.6666666666666666,0.45454545454545453
strict,selection,0,mayo_4class,drop_gt70_missing,none,softimpute,none,catboost,mayo_4class|drop_gt70_missing|none|softimpute|none|catboost,ok,,201,51,47,0.2682595182595182,0.29411764705882354,0.29337323018537437,0.27648883374689825,0.31746031746031744,0.31746031746031744,0.29411764705882354,0.2682595182595182,,,,,0.9607843137254902,0.49019607843137253,0.21568627450980393,0.1111111111111111,0.15384615384615385,0.4444444444444444,0.36363636363636365
strict,selection,0,mayo_4class,drop_gt70_missing,none,softimpute,none,stacking,mayo_4class|drop_gt70_missing|none|softimpute|none|stacking,ok,,201,51,47,0.3682012432012432,0.3333333333333333,0.28574704735695444,0.3128654970760234,0.5640196078431373,0.4970833333333333,0.3333333333333333,0.3682012432012432,,,,,1.0392156862745099,0.39215686274509803,0.27450980392156865,0.3333333333333333,0.5384615384615384,0.05555555555555555,0.5454545454545454
strict,selection,0,mayo_4class,drop_gt70_missing,none,softimpute,tvae,rf,mayo_4class|drop_gt70_missing|none|softimpute|tvae|rf,ok,,402,51,47,0.38820901320901324,0.43137254901960786,0.3994033211370673,0.38717703349282295,0.502859477124183,0.5485321969696969,0.43137254901960786,0.38820901320901324,,,,,0.803921568627451,0.39215686274509803,0.17647058823529413,0.2222222222222222,0.15384615384615385,0.7222222222222222,0.45454545454545453
strict,selection,0,mayo_4class,drop_gt70_missing,none,softimpute,tvae,catboost,mayo_4class|drop_gt70_missing|none|softimpute|tvae|catboost,ok,,402,51,47,0.385003885003885,0.43137254901960786,0.40466853408029874,0.3793040293040293,0.5196078431372549,0.563034188034188,0.43137254901960786,0.385003885003885,,,,,0.803921568627451,0.39215686274509803,0.17647058823529413,0.1111111111111111,0.3076923076923077,0.6666666666666666,0.45454545454545453
strict,selection,0,mayo_4class,drop_gt70_missing,none,softimpute,tvae,stacking,mayo_4class|drop_gt70_missing|none|softimpute|tvae|stacking,ok,,402,51,47,0.3631507381507382,0.3333333333333333,0.2877310924369748,0.3138095238095238,0.3419960576823322,0.34457671957671954,0.3333333333333333,0.3631507381507382,,,,,0.9607843137254902,0.45098039215686275,0.21568627450980393,0.2222222222222222,0.5384615384615384,0.05555555555555555,0.6363636363636364
strict,selection,0,mayo_4class,drop_gt70_missing,none,raw,none,catboost,mayo_4class|drop_gt70_missing|none|raw|none|catboost,ok,,201,51,47,0.33449883449883444,0.3333333333333333,0.33393821296634596,0.33100414078674945,0.33728286323442036,0.33065953654188945,0.3333333333333333,0.33449883449883444,,,,,1.0392156862745099,0.35294117647058826,0.3137254901960784,0.3333333333333333,0.3076923076923077,0.3333333333333333,0.36363636363636365
strict,selection,1,mayo_4class,all,none,mean,none,rf,mayo_4class|all|none|mean|none|rf,ok,,201,51,55,0.2837024087024087,0.3333333333333333,0.3082244008714597,0.2763888888888889,0.3254901960784313,0.305952380952381,0.3333333333333333,0.2837024087024087,,,,,0.9803921568627451,0.39215686274509803,0.27450980392156865,0.1111111111111111,0.23076923076923078,0.6111111111111112,0.18181818181818182
strict,selection,1,mayo_4class,all,none,mean,none,catboost,mayo_4class|all|none|mean|none|catboost,ok,,201,51,55,0.3638306138306138,0.39215686274509803,0.38890740974912535,0.37118103055175555,0.40980392156862744,0.39999999999999997,0.39215686274509803,0.3638306138306138,,,,,0.9019607843137255,0.37254901960784315,0.23529411764705882,0.3333333333333333,0.38461538461538464,0.5555555555555556,0.18181818181818182
strict,selection,1,mayo_4class,all,none,mean,none,stacking,mayo_4class|all|none|mean|none|stacking,ok,,201,51,55,0.32002719502719507,0.3333333333333333,0.3180372419970698,0.3060042938091719,0.3381074168797954,0.32661396574440055,0.3333333333333333,0.32002719502719507,,,,,0.9803921568627451,0.4117647058823529,0.2549019607843137,0.4444444444444444,0.15384615384615385,0.5,0.18181818181818182
strict,selection,1,mayo_4class,all,none,mean,tvae,rf,mayo_4class|all|none|mean|tvae|rf,ok,,402,51,55,0.27486402486402484,0.3137254901960784,0.29310328250293255,0.26894001307616866,0.29901960784313725,0.2857142857142857,0.3137254901960784,0.27486402486402484,,,,,0.9019607843137255,0.5098039215686274,0.17647058823529413,0.2222222222222222,0.23076923076923078,0.5555555555555556,0.09090909090909091
strict,selection,1,mayo_4class,all,none,mean,tvae,catboost,mayo_4class|all|none|mean|tvae|catboost,ok,,402,51,55,0.2754467754467754,0.3137254901960784,0.3027658217758648,0.26990946045824094,0.2974502053785941,0.26877470355731226,0.3137254901960784,0.2754467754467754,,,,,0.9803921568627451,0.43137254901960786,0.2549019607843137,0.0,0.38461538461538464,0.4444444444444444,0.2727272727272727
strict,selection,1,mayo_4class,all,none,mean,tvae,stacking,mayo_4class|all|none|mean|tvae|stacking,ok,,402,51,55,0.2632090132090132,0.21568627450980393,0.16502141086319586,0.19472309299895507,0.15714285714285714,0.17824675324675324,0.21568627450980393,0.2632090132090132,,,,,1.2352941176470589,0.45098039215686275,0.3333333333333333,0.4444444444444444,0.15384615384615385,0.0,0.45454545454545453
strict,selection,1,mayo_4class,all,none,pmm,none,rf,mayo_4class|all|none|pmm|none|rf,ok,,201,51,55,0.2837024087024087,0.3333333333333333,0.3083437630371298,0.275354609929078,0.3204599847601876,0.2991926655719759,0.3333333333333333,0.2837024087024087,,,,,0.9411764705882353,0.43137254901960786,0.23529411764705882,0.1111111111111111,0.23076923076923078,0.6111111111111112,0.18181818181818182
strict,selection,1,mayo_4class,all,none,pmm,none,catboost,mayo_4class|all|none|pmm|none|catboost,ok,,201,51,55,0.2733100233100233,0.3137254901960784,0.2929122113241581,0.2645830261929333,0.3024509803921569,0.28217592592592594,0.3137254901960784,0.2733100233100233,,,,,0.9803921568627451,0.43137254901960786,0.2549019607843137,0.1111111111111111,0.15384615384615385,0.5555555555555556,0.2727272727272727
strict,selection,1,mayo_4class,all,none,pmm,none,stacking,mayo_4class|all|none|pmm|none|stacking,ok,,201,51,55,0.33265345765345766,0.3333333333333333,0.32379875026933846,0.3198260073260073,0.40359477124183,0.3958333333333333,0.3333333333333333,0.33265345765345766,,,,,0.9803921568627451,0.4117647058823529,0.2549019607843137,0.3333333333333333,0.15384615384615385,0.3888888888888889,0.45454545454545453
strict,selection,1,mayo_4class,all,none,pmm,tvae,rf,mayo_4class|all|none|pmm|tvae|rf,ok,,402,51,55,0.3010878010878011,0.35294117647058826,0.3182695300342359,0.2853174603174603,0.3372549019607843,0.31666666666666665,0.35294117647058826,0.3010878010878011,,,,,0.803921568627451,0.5098039215686274,0.13725490196078433,0.1111111111111111,0.15384615384615385,0.6666666666666666,0.2727272727272727
strict,selection,1,mayo_4class,all,none,pmm,tvae,catboost,mayo_4class|all|none|pmm|tvae|catboost,ok,,402,51,55,0.3344988344988345,0.39215686274509803,0.3673711909006026,0.3225108225108225,0.36246019775431537,0.3264957264957265,0.39215686274509803,0.3344988344988345,,,,,0.8431372549019608,0.4117647058823529,0.19607843137254902,0.0,0.3076923076923077,0.6666666666666666,0.36363636363636365
strict,selection,1,mayo_4class,all,none,pmm,tvae,stacking,mayo_4class|all|none|pmm|tvae|stacking,ok,,402,51,55,0.28273115773115776,0.2549019607843137,0.22380952380952382,0.23809523809523808,0.33608531131750946,0.30394736842105263,0.2549019607843137,0.28273115773115776,,,,,1.1372549019607843,0.43137254901960786,0.3137254901960784,0.2222222222222222,0.3076923076923077,0.05555555555555555,0.5454545454545454
strict,selection,1,mayo_4class,all,none,gain,none,rf,mayo_4class|all|none|gain|none|rf,ok,,201,51,55,0.23319735819735823,0.29411764705882354,0.25992027357898784,0.2174922600619195,0.29754901960784313,0.26458333333333334,0.29411764705882354,0.23319735819735823,,,,,0.9607843137254902,0.49019607843137253,0.21568627450980393,0.0,0.23076923076923078,0.6111111111111112,0.09090909090909091
strict,selection,1,mayo_4class,all,none,gain,none,catboost,mayo_4class|all|none|gain|none|catboost,ok,,201,51,55,0.2524281274281274,0.3137254901960784,0.29080473443168975,0.23986349848331648,0.28122004357298475,0.2377777777777778,0.3137254901960784,0.2524281274281274,,,,,1.0392156862745099,0.4117647058823529,0.27450980392156865,0.0,0.3076923076923077,0.6111111111111112,0.09090909090909091
strict,selection,1,mayo_4class,all,none,gain,none,stacking,mayo_4class|all|none|gain|none|stacking,ok,,201,51,55,0.2470862470862471,0.29411764705882354,0.28077866805636986,0.24286637135474345,0.2915966386554622,0.25992063492063494,0.29411764705882354,0.2470862470862471,,,,,1.0392156862745099,0.45098039215686275,0.2549019607843137,0.1111111111111111,0.23076923076923078,0.5555555555555556,0.09090909090909091
strict,selection,1,mayo_4class,all,none,gain,tvae,rf,mayo_4class|all|none|gain|tvae|rf,ok,,402,51,55,0.25592463092463097,0.3137254901960784,0.2876444695525269,0.24593473753137618,0.355629348513599,0.32166422287390034,0.3137254901960784,0.25592463092463097,,,,,1.0,0.43137254901960786,0.2549019607843137,0.0,0.23076923076923078,0.6111111111111112,0.18181818181818182
strict,selection,1,mayo_4class,all,none,gain,tvae,catboost,mayo_4class|all|none|gain|tvae|catboost,ok,,402,51,55,0.25912975912975916,0.29411764705882354,0.2619053469340953,0.24495017305167682,0.2691741212614078,0.264573732718894,0.29411764705882354,0.25912975912975916,,,,,0.9215686274509803,0.5294117647058824,0.17647058823529413,0.2222222222222222,0.07692307692307693,0.5555555555555556,0.18181818181818182
strict,selection,1,mayo_4class,all,none,gain,tvae,stacking,mayo_4class|all|none|gain|tvae|stacking,ok,,402,51,55,0.29953379953379955,0.29411764705882354,0.27394957983193274,0.2714285714285714,0.3459752321981424,0.3366228070175438,0.29411764705882354,0.29953379953379955,,,,,1.0784313725490196,0.4117647058823529,0.29411764705882354,0.3333333333333333,0.07692307692307693,0.3333333333333333,0.45454545454545453
strict,selection,1,mayo_4class,all,none,mice,none,rf,mayo_4class|all|none|mice|none|rf,ok,,201,51,55,0.2366938616938617,0.29411764705882354,0.2585655314757482,0.21721491228070172,0.2623093681917211,0.23055555555555554,0.29411764705882354,0.2366938616938617,,,,,0.9607843137254902,0.49019607843137253,0.21568627450980393,0.0,0.15384615384615385,0.6111111111111112,0.18181818181818182
strict,selection,1,mayo_4class,all,none,mice,none,catboost,mayo_4class|all|none|mice|none|catboost,ok,,201,51,55,0.1861888111888112,0.23529411764705882,0.2068382908719043,0.17120181405895693,0.22599620493358633,0.19758064516129034,0.23529411764705882,0.1861888111888112,,,,,1.0784313725490196,0.49019607843137253,0.27450980392156865,0.0,0.15384615384615385,0.5,0.09090909090909091
strict,selection,1,mayo_4class,all,none,mice,none,stacking,mayo_4class|all|none|mice|none|stacking,ok,,201,51,55,0.2770979020979021,0.29411764705882354,0.28772105438772105,0.26774274274274273,0.3154364855990243,0.2929575358851675,0.29411764705882354,0.2770979020979021,,,,,1.0784313725490196,0.4117647058823529,0.29411764705882354,0.1111111111111111,0.15384615384615385,0.3888888888888889,0.45454545454545453
strict,selection,1,mayo_4class,all,none,mice,tvae,rf,mayo_4class|all|none|mice|tvae|rf,ok,,402,51,55,0.2540792540792541,0.3137254901960784,0.24967320261437911,0.2126262626262626,0.30392156862745096,0.2765151515151515,0.3137254901960784,0.2540792540792541,,,,,0.8823529411764706,0.5098039215686274,0.17647058823529413,0.0,0.07692307692307693,0.6666666666666666,0.2727272727272727
strict,selection,1,mayo_4class,all,none,mice,tvae,catboost,mayo_4class|all|none|mice|tvae|catboost,ok,,402,51,55,0.236985236985237,0.2549019607843137,0.24881256850566313,0.23757763975155277,0.25392156862745097,0.25,0.2549019607843137,0.236985236985237,,,,,1.0196078431372548,0.5098039215686274,0.23529411764705882,0.1111111111111111,0.23076923076923078,0.3333333333333333,0.2727272727272727
strict,selection,1,mayo_4class,all,none,mice,tvae,stacking,mayo_4class|all|none|mice|tvae|stacking,ok,,402,51,55,0.3310994560994561,0.27450980392156865,0.21459694989106753,0.24726430976430974,0.22745098039215686,0.24065656565656568,0.27450980392156865,0.3310994560994561,,,,,1.1176470588235294,0.43137254901960786,0.29411764705882354,0.5555555555555556,0.07692307692307693,0.05555555555555555,0.6363636363636364
strict,selection,1,mayo_4class,all,none,softimpute,none,rf,mayo_4class|all|none|softimpute|none|rf,ok,,201,51,55,0.2823426573426573,0.3333333333333333,0.2940319409519206,0.250437101145205,0.26804828211477827,0.2307625948930297,0.3333333333333333,0.2823426573426573,,,,,0.9607843137254902,0.4117647058823529,0.2549019607843137,0.0,0.5384615384615384,0.5,0.09090909090909091
strict,selection,1,mayo_4class,all,none,softimpute,none,catboost,mayo_4class|all|none|softimpute|none|catboost,ok,,201,51,55,0.26845376845376845,0.3137254901960784,0.28169934640522876,0.24166666666666667,0.25726701851269324,0.22162804515745693,0.3137254901960784,0.26845376845376845,,,,,0.9803921568627451,0.43137254901960786,0.2549019607843137,0.0,0.5384615384615384,0.4444444444444444,0.09090909090909091
strict,selection,1,mayo_4class,all,none,softimpute,none,stacking,mayo_4class|all|none|softimpute|none|stacking,ok,,201,51,55,0.2364024864024864,0.2549019607843137,0.23405271199388844,0.21739718614718614,0.2629462041226747,0.24708624708624707,0.2549019607843137,0.2364024864024864,,,,,1.0588235294117647,0.5294117647058824,0.21568627450980393,0.3333333333333333,0.07692307692307693,0.4444444444444444,0.09090909090909091
strict,selection,1,mayo_4class,all,none,softimpute,tvae,rf,mayo_4class|all|none|softimpute|tvae|rf,ok,,402,51,55,0.2556332556332556,0.3333333333333333,0.2524051315365001,0.2056569754338517,0.26143790849673204,0.22916666666666666,0.3333333333333333,0.2556332556332556,,,,,0.8823529411764706,0.47058823529411764,0.19607843137254902,0.0,0.15384615384615385,0.7777777777777778,0.09090909090909091
strict,selection,1,mayo_4class,all,none,softimpute,tvae,catboost,mayo_4class|all|none|softimpute|tvae|catboost,ok,,402,51,55,0.2473776223776224,0.29411764705882354,0.26209759266025245,0.22832556935817805,0.25098039215686274,0.22499999999999998,0.29411764705882354,0.2473776223776224,,,,,0.8627450980392157,0.5686274509803921,0.13725490196078433,0.0,0.3076923076923077,0.5,0.18181818181818182
strict,selection,1,mayo_4class,all,none,softimpute,tvae,stacking,mayo_4class|all|none|softimpute|tvae|stacking,ok,,402,51,55,0.39034576534576537,0.3333333333333333,0.29082937522835217,0.3307453416149068,0.29462294721810295,0.31400560224089635,0.3333333333333333,0.39034576534576537,,,,,0.9411764705882353,0.45098039215686275,0.21568627450980393,0.6666666666666666,0.38461538461538464,0.05555555555555555,0.45454545454545453
strict,selection,1,mayo_4class,all,none,raw,none,catboost,mayo_4class|all|none|raw|none|catboost,ok,,201,51,55,0.3168220668220668,0.37254901960784315,0.34628962696189586,0.31133786848072564,0.37331706876298903,0.35272657450076805,0.37254901960784315,0.3168220668220668,,,,,0.8627450980392157,0.43137254901960786,0.19607843137254902,0.1111111111111111,0.3076923076923077,0.6666666666666666,0.18181818181818182
strict,selection,1,mayo_4class,drop_gt70_missing,none,mean,none,rf,mayo_4class|drop_gt70_missing|none|mean|none|rf,ok,,201,51,47,0.260975135975136,0.3137254901960784,0.2849827065329055,0.2502200441580141,0.3087105810065962,0.28513824884792627,0.3137254901960784,0.260975135975136,,,,,1.0,0.4117647058823529,0.27450980392156865,0.1111111111111111,0.23076923076923078,0.6111111111111112,0.09090909090909091
strict,selection,1,mayo_4class,drop_gt70_missing,none,mean,none,catboost,mayo_4class|drop_gt70_missing|none|mean|none|catboost,ok,,201,51,47,0.33255633255633255,0.37254901960784315,0.3682072829131653,0.341468253968254,0.3962807345160286,0.37929894179894175,0.37254901960784315,0.33255633255633255,,,,,0.8823529411764706,0.4117647058823529,0.21568627450980393,0.2222222222222222,0.46153846153846156,0.5555555555555556,0.09090909090909091
strict,selection,1,mayo_4class,drop_gt70_missing,none,mean,none,stacking,mayo_4class|drop_gt70_missing|none|mean|none|stacking,ok,,201,51,47,0.2364024864024864,0.2549019607843137,0.23662096417514372,0.2232285258601048,0.2326797385620915,0.22272727272727275,0.2549019607843137,0.2364024864024864,,,,,1.0392156862745099,0.49019607843137253,0.2549019607843137,0.3333333333333333,0.07692307692307693,0.4444444444444444,0.09090909090909091
strict,selection,1,mayo_4class,drop_gt70_missing,none,mean,tvae,rf,mayo_4class|drop_gt70_missing|none|mean|tvae|rf,ok,,402,51,47,0.2644716394716395,0.3137254901960784,0.2811631154009591,0.25263157894736843,0.3284313725490196,0.3125,0.3137254901960784,0.2644716394716395,,,,,0.9411764705882353,0.47058823529411764,0.21568627450980393,0.1111111111111111,0.15384615384615385,0.6111111111111112,0.18181818181818182
strict,selection,1,mayo_4class,drop_gt70_missing,none,mean,tvae,catboost,mayo_4class|drop_gt70_missing|none|mean|tvae|catboost,ok,,402,51,47,0.3032245532245532,0.3333333333333333,0.3351912601047549,0.3143684746625923,0.36186525892408244,0.34775641025641024,0.3333333333333333,0.3032245532245532,,,,,0.9607843137254902,0.4117647058823529,0.2549019607843137,0.1111111111111111,0.38461538461538464,0.4444444444444444,0.2727272727272727
strict,selection,1,mayo_4class,drop_gt70_missing,none,mean,tvae,stacking,mayo_4class|drop_gt70_missing|none|mean|tvae|stacking,ok,,402,51,47,0.25757575757575757,0.21568627450980393,0.17324229691876752,0.18955357142857143,0.18995321913931812,0.18459992692729266,0.21568627450980393,0.25757575757575757,,,,,1.2352941176470589,0.43137254901960786,0.35294117647058826,0.5555555555555556,0.0,0.1111111111111111,0.36363636363636365
strict,selection,1,mayo_4class,drop_gt70_missing,none,pmm,none,rf,mayo_4class|drop_gt70_missing|none|pmm|none|rf,ok,,201,51,47,0.349941724941725,0.39215686274509803,0.3843908577923923,0.3588509316770186,0.4226890756302521,0.4101190476190476,0.39215686274509803,0.349941724941725,,,,,0.8431372549019608,0.4117647058823529,0.19607843137254902,0.2222222222222222,0.38461538461538464,0.6111111111111112,0.18181818181818182
strict,selection,1,mayo_4class,drop_gt70_missing,none,pmm,none,catboost,mayo_4class|drop_gt70_missing|none|pmm|none|catboost,ok,,201,51,47,0.378010878010878,0.4117647058823529,0.4180802553579571,0.3954457364341085,0.4682611506140918,0.45531135531135536,0.4117647058823529,0.378010878010878,,,,,0.9019607843137255,0.3333333333333333,0.2549019607843137,0.2222222222222222,0.46153846153846156,0.5555555555555556,0.2727272727272727
strict,selection,1,mayo_4class,drop_gt70_missing,none,pmm,none,stacking,mayo_4class|drop_gt70_missing|none|pmm|none|stacking,ok,,201,51,47,0.4127816627816628,0.43137254901960786,0.43176946892117163,0.41194331983805665,0.4712418300653595,0.44999999999999996,0.43137254901960786,0.4127816627816628,,,,,0.8431372549019608,0.35294117647058826,0.21568627450980393,0.3333333333333333,0.3076923076923077,0.5555555555555556,0.45454545454545453
strict,selection,1,mayo_4class,drop_gt70_missing,none,pmm,tvae,rf,mayo_4class|drop_gt70_missing|none|pmm|tvae|rf,ok,,402,51,47,0.2818570318570318,0.3333333333333333,0.28650817591994066,0.2576678876678876,0.292156862745098,0.28125,0.3333333333333333,0.2818570318570318,,,,,0.8431372549019608,0.5294117647058824,0.13725490196078433,0.1111111111111111,0.07692307692307693,0.6666666666666666,0.2727272727272727
strict,selection,1,mayo_4class,drop_gt70_missing,none,pmm,tvae,catboost,mayo_4class|drop_gt70_missing|none|pmm|tvae|catboost,ok,,402,51,47,0.3847125097125097,0.4117647058823529,0.3981637277336564,0.3846538901601831,0.42429792429792434,0.42124542124542125,0.4117647058823529,0.3847125097125097,,,,,0.8235294117647058,0.39215686274509803,0.19607843137254902,0.3333333333333333,0.23076923076923078,0.6111111111111112,0.36363636363636365
strict,selection,1,mayo_4class,drop_gt70_missing,none,pmm,tvae,stacking,mayo_4class|drop_gt70_missing|none|pmm|tvae|stacking,ok,,402,51,47,0.3767482517482518,0.35294117647058826,0.34196078431372545,0.3484090909090909,0.41087344028520495,0.38636363636363635,0.35294117647058826,0.3767482517482518,,,,,1.0196078431372548,0.37254901960784315,0.27450980392156865,0.3333333333333333,0.46153846153846156,0.16666666666666666,0.5454545454545454
strict,selection,1,mayo_4class,drop_gt70_missing,none,gain,none,rf,mayo_4class|drop_gt70_missing|none|gain|none|rf,ok,,201,51,47,0.2786519036519036,0.3137254901960784,0.3006510113926994,0.27582345191040847,0.3147489765136824,0.29784798534798534,0.3137254901960784,0.2786519036519036,,,,,0.9215686274509803,0.49019607843137253,0.19607843137254902,0.1111111111111111,0.23076923076923078,0.5,0.2727272727272727
strict,selection,1,mayo_4class,drop_gt70_missing,none,gain,none,catboost,mayo_4class|drop_gt70_missing|none|gain|none|catboost,ok,,201,51,47,0.2559246309246309,0.29411764705882354,0.2799822751050967,0.25202552755636676,0.28326797385620917,0.265,0.29411764705882354,0.2559246309246309,,,,,0.9607843137254902,0.49019607843137253,0.21568627450980393,0.1111111111111111,0.23076923076923078,0.5,0.18181818181818182
strict,selection,1,mayo_4class,drop_gt70_missing,none,gain,none,stacking,mayo_4class|drop_gt70_missing|none|gain|none|stacking,ok,,201,51,47,0.2733100233100233,0.29411764705882354,0.2869257602610628,0.26888450502152084,0.3320724458831876,0.3151033748859836,0.29411764705882354,0.2733100233100233,,,,,1.0784313725490196,0.39215686274509803,0.3137254901960784,0.2222222222222222,0.15384615384615385,0.4444444444444444,0.2727272727272727
strict,selection,1,mayo_4class,drop_gt70_missing,none,gain,tvae,rf,mayo_4class|drop_gt70_missing|none|gain|tvae|rf,ok,,402,51,47,0.2540792540792541,0.29411764705882354,0.2562439002750421,0.23593257232963116,0.2948603683897802,0.28977272727272724,0.29411764705882354,0.2540792540792541,,,,,0.9411764705882353,0.5098039215686274,0.19607843137254902,0.1111111111111111,0.07692307692307693,0.5555555555555556,0.2727272727272727
strict,selection,1,mayo_4class,drop_gt70_missing,none,gain,tvae,catboost,mayo_4class|drop_gt70_missing|none|gain|tvae|catboost,ok,,402,51,47,0.290986790986791,0.3137254901960784,0.307075873827792,0.2823671497584541,0.3044817927170868,0.2781746031746032,0.3137254901960784,0.290986790986791,,,,,0.9803921568627451,0.45098039215686275,0.23529411764705882,0.1111111111111111,0.15384615384615385,0.4444444444444444,0.45454545454545453
strict,selection,1,mayo_4class,drop_gt70_missing,none,gain,tvae,stacking,mayo_4class|drop_gt70_missing|none|gain|tvae|stacking,ok,,402,51,47,0.37995337995337997,0.3333333333333333,0.3032212885154062,0.3298992673992674,0.33102652825836215,0.33182503770739064,0.3333333333333333,0.37995337995337997,,,,,0.9411764705882353,0.45098039215686275,0.21568627450980393,0.5555555555555556,0.3076923076923077,0.1111111111111111,0.5454545454545454
strict,selection,1,mayo_4class,drop_gt70_missing,none,mice,none,rf,mayo_4class|drop_gt70_missing|none|mice|none|rf,ok,,201,51,47,0.31177156177156173,0.37254901960784315,0.34203667282515837,0.2978976697061803,0.3453910299752085,0.31178160919540227,0.37254901960784315,0.31177156177156173,,,,,0.8823529411764706,0.4117647058823529,0.21568627450980393,0.0,0.3076923076923077,0.6666666666666666,0.2727272727272727
strict,selection,1,mayo_4class,drop_gt70_missing,none,mice,none,catboost,mayo_4class|drop_gt70_missing|none|mice|none|catboost,ok,,201,51,47,0.2331973581973582,0.27450980392156865,0.26187474533817173,0.22930102273467526,0.2662745098039216,0.24,0.27450980392156865,0.2331973581973582,,,,,1.0196078431372548,0.47058823529411764,0.2549019607843137,0.1111111111111111,0.23076923076923078,0.5,0.09090909090909091
strict,selection,1,mayo_4class,drop_gt70_missing,none,mice,none,stacking,mayo_4class|drop_gt70_missing|none|mice|none|stacking,ok,,201,51,47,0.36043123543123545,0.37254901960784315,0.36425107972422555,0.3465612351481917,0.389914832329693,0.36814632735685365,0.37254901960784315,0.36043123543123545,,,,,0.9019607843137255,0.4117647058823529,0.21568627450980393,0.3333333333333333,0.15384615384615385,0.5,0.45454545454545453
strict,selection,1,mayo_4class,drop_gt70_missing,none,mice,tvae,rf,mayo_4class|drop_gt70_missing|none|mice|tvae|rf,ok,,402,51,47,0.27680652680652684,0.3333333333333333,0.2778316032295271,0.24032085561497327,0.27450980392156865,0.2471590909090909,0.3333333333333333,0.27680652680652684,,,,,0.9215686274509803,0.45098039215686275,0.21568627450980393,0.0,0.07692307692307693,0.6666666666666666,0.36363636363636365
strict,selection,1,mayo_4class,drop_gt70_missing,none,mice,tvae,catboost,mayo_4class|drop_gt70_missing|none|mice|tvae|catboost,ok,,402,51,47,0.3102175602175602,0.3333333333333333,0.3224903782651272,0.3044062137049942,0.3265167270921746,0.3125746536072623,0.3333333333333333,0.3102175602175602,,,,,0.9215686274509803,0.45098039215686275,0.21568627450980393,0.1111111111111111,0.23076923076923078,0.4444444444444444,0.45454545454545453
strict,selection,1,mayo_4class,drop_gt70_missing,none,mice,tvae,stacking,mayo_4class|drop_gt70_missing|none|mice|tvae|stacking,ok,,402,51,47,0.3155594405594406,0.27450980392156865,0.24232740889941703,0.26585724620207385,0.274637959759067,0.2741013071895425,0.27450980392156865,0.3155594405594406,,,,,1.1372549019607843,0.39215686274509803,0.3333333333333333,0.4444444444444444,0.3076923076923077,0.05555555555555555,0.45454545454545453
strict,selection,1,mayo_4class,drop_gt70_missing,none,softimpute,none,rf,mayo_4class|drop_gt70_missing|none|softimpute|none|rf,ok,,201,51,47,0.213966588966589,0.27450980392156865,0.2355174607990628,0.19025359982806794,0.22133144445517672,0.1860974274767378,0.27450980392156865,0.213966588966589,,,,,1.0196078431372548,0.47058823529411764,0.2549019607843137,0.0,0.15384615384615385,0.6111111111111112,0.09090909090909091
strict,selection,1,mayo_4class,drop_gt70_missing,none,softimpute,none,catboost,mayo_4class|drop_gt70_missing|none|softimpute|none|catboost,ok,,201,51,47,0.21047008547008547,0.2549019607843137,0.22965186074429775,0.20017006802721088,0.24112225535375442,0.22139016897081415,0.2549019607843137,0.21047008547008547,,,,,1.0196078431372548,0.5098039215686274,0.23529411764705882,0.1111111111111111,0.23076923076923078,0.5,0.0
strict,selection,1,mayo_4class,drop_gt70_missing,none,softimpute,none,stacking,mayo_4class|drop_gt70_missing|none|softimpute|none|stacking,ok,,201,51,47,0.2398989898989899,0.2549019607843137,0.23191528562372551,0.215400541487498,0.21540616246498595,0.19880952380952382,0.2549019607843137,0.2398989898989899,,,,,1.1372549019607843,0.45098039215686275,0.29411764705882354,0.3333333333333333,0.0,0.4444444444444444,0.18181818181818182
strict,selection,1,mayo_4class,drop_gt70_missing,none,softimpute,tvae,rf,mayo_4class|drop_gt70_missing|none|softimpute|tvae|rf,ok,,402,51,47,0.2815656565656566,0.35294117647058826,0.2598978288633461,0.22653256704980843,0.25280112044817926,0.24851190476190474,0.35294117647058826,0.2815656565656566,,,,,0.8627450980392157,0.47058823529411764,0.17647058823529413,0.1111111111111111,0.0,0.8333333333333334,0.18181818181818182
strict,selection,1,mayo_4class,drop_gt70_missing,none,softimpute,tvae,catboost,mayo_4class|drop_gt70_missing|none|softimpute|tvae|catboost,ok,,402,51,47,0.2556332556332556,0.3137254901960784,0.2725178960473078,0.23373015873015873,0.26512605042016807,0.23988095238095236,0.3137254901960784,0.2556332556332556,,,,,0.9607843137254902,0.45098039215686275,0.23529411764705882,0.1111111111111111,0.15384615384615385,0.6666666666666666,0.09090909090909091
strict,selection,1,mayo_4class,drop_gt70_missing,none,softimpute,tvae,stacking,mayo_4class|drop_gt70_missing|none|softimpute|tvae|stacking,ok,,402,51,47,0.37461149961149964,0.3333333333333333,0.31096933756780304,0.3300525561395127,0.34009515570934257,0.3351102941176471,0.3333333333333333,0.37461149961149964,,,,,0.9215686274509803,0.49019607843137253,0.17647058823529413,0.5555555555555556,0.23076923076923078,0.16666666666666666,0.5454545454545454
strict,selection,1,mayo_4class,drop_gt70_missing,none,raw,none,catboost,mayo_4class|drop_gt70_missing|none|raw|none|catboost,ok,,201,51,47,0.2644716394716395,0.3137254901960784,0.28209494324045403,0.25054824561403505,0.2917211328976035,0.27222222222222225,0.3137254901960784,0.2644716394716395,,,,,0.9607843137254902,0.45098039215686275,0.23529411764705882,0.1111111111111111,0.15384615384615385,0.6111111111111112,0.18181818181818182
strict,selection,2,mayo_4class,all,none,mean,none,rf,mayo_4class|all|none|mean|none|rf,ok,,202,50,55,0.3964646464646465,0.46,0.42948872180451125,0.37490601503759396,0.4127272727272727,0.3664772727272727,0.46,0.3964646464646465,,,,,0.78,0.32,0.22,0.0,0.5,0.7222222222222222,0.36363636363636365
strict,selection,2,mayo_4class,all,none,mean,none,catboost,mayo_4class|all|none|mean|none|catboost,ok,,202,50,55,0.3251262626262626,0.36,0.3485164192532613,0.32025790973159396,0.3467857142857143,0.32589285714285715,0.36,0.3251262626262626,,,,,0.88,0.44,0.2,0.1111111111111111,0.4166666666666667,0.5,0.2727272727272727
strict,selection,2,mayo_4class,all,none,mean,none,stacking,mayo_4class|all|none|mean|none|stacking,ok,,202,50,55,0.2941919191919192,0.28,0.25862695924764895,0.2601097178683386,0.3421806298276887,0.3054070112893642,0.28,0.2941919191919192,,,,,1.08,0.44,0.28,0.1111111111111111,0.5,0.1111111111111111,0.45454545454545453
strict,selection,2,mayo_4class,all,none,mean,tvae,rf,mayo_4class|all|none|mean|tvae|rf,ok,,404,50,55,0.2992424242424242,0.34,0.3161318681318681,0.28406593406593406,0.3013492063492063,0.27628968253968256,0.34,0.2992424242424242,,,,,0.84,0.5,0.16,0.0,0.3333333333333333,0.5,0.36363636363636365
strict,selection,2,mayo_4class,all,none,mean,tvae,catboost,mayo_4class|all|none|mean|tvae|catboost,ok,,404,50,55,0.3377525252525252,0.32,0.3091355498721227,0.3225916453537937,0.3116666666666667,0.3194444444444444,0.32,0.3377525252525252,,,,,0.9,0.48,0.2,0.2222222222222222,0.4166666666666667,0.16666666666666666,0.5454545454545454
strict,selection,2,mayo_4class,all,none,mean,tvae,stacking,mayo_4class|all|none|mean|tvae|stacking,ok,,404,50,55,0.3882575757575758,0.34,0.26166666666666666,0.30104166666666665,0.21414354066985644,0.2477870813397129,0.34,0.3882575757575758,,,,,0.92,0.42,0.24,0.3333333333333333,0.5833333333333334,0.0,0.6363636363636364
strict,selection,2,mayo_4class,all,none,pmm,none,rf,mayo_4class|all|none|pmm|none|rf,ok,,202,50,55,0.4154040404040404,0.48,0.4541673840267815,0.40341144587916467,0.4551304347826087,0.41884057971014493,0.48,0.4154040404040404,,,,,0.76,0.32,0.2,0.1111111111111111,0.5,0.7777777777777778,0.2727272727272727
strict,selection,2,mayo_4class,all,none,pmm,none,catboost,mayo_4class|all|none|pmm|none|catboost,ok,,202,50,55,0.4172979797979798,0.46,0.4572109761583446,0.42175551057130006,0.4674285714285714,0.4398809523809524,0.46,0.4172979797979798,,,,,0.84,0.3,0.24,0.2222222222222222,0.4166666666666667,0.6666666666666666,0.36363636363636365
strict,selection,2,mayo_4class,all,none,pmm,none,stacking,mayo_4class|all|none|pmm|none|stacking,ok,,202,50,55,0.30113636363636365,0.26,0.23122843689491288,0.2557345757789122,0.2695910364145658,0.2754901960784314,0.26,0.30113636363636365,,,,,1.14,0.44,0.3,0.4444444444444444,0.25,0.05555555555555555,0.45454545454545453
strict,selection,2,mayo_4class,all,none,pmm,tvae,rf,mayo_4class|all|none|pmm|tvae|rf,ok,,404,50,55,0.3390151515151515,0.4,0.3624242424242424,0.32196969696969696,0.3582857142857143,0.33214285714285713,0.4,0.3390151515151515,,,,,0.84,0.38,0.22,0.0,0.4166666666666667,0.6666666666666666,0.2727272727272727
strict,selection,2,mayo_4class,all,none,pmm,tvae,catboost,mayo_4class|all|none|pmm|tvae|catboost,ok,,404,50,55,0.3023989898989899,0.32,0.31438301636444055,0.29796304486706965,0.315,0.3003472222222222,0.32,0.3023989898989899,,,,,0.94,0.48,0.2,0.2222222222222222,0.4166666666666667,0.3888888888888889,0.18181818181818182
strict,selection,2,mayo_4class,all,none,pmm,tvae,stacking,mayo_4class|all|none|pmm|tvae|stacking,ok,,404,50,55,0.35164141414141414,0.32,0.2746804511278195,0.29268483709273185,0.5578571428571428,0.472470238095238,0.32,0.35164141414141414,,,,,1.04,0.42,0.26,0.2222222222222222,0.5833333333333334,0.05555555555555555,0.5454545454545454
strict,selection,2,mayo_4class,all,none,gain,none,rf,mayo_4class|all|none|gain|none|rf,ok,,202,50,55,0.389520202020202,0.46,0.42492801316330725,0.37289181406828464,0.4262271062271062,0.3905677655677655,0.46,0.389520202020202,,,,,0.78,0.34,0.2,0.0,0.4166666666666667,0.7777777777777778,0.36363636363636365
strict,selection,2,mayo_4class,all,none,gain,none,catboost,mayo_4class|all|none|gain|none|catboost,ok,,202,50,55,0.31313131313131315,0.36,0.3464615384615385,0.30512820512820515,0.3377777777777778,0.30158730158730157,0.36,0.31313131313131315,,,,,0.92,0.4,0.24,0.0,0.3333333333333333,0.5555555555555556,0.36363636363636365
strict,selection,2,mayo_4class,all,none,gain,none,stacking,mayo_4class|all|none|gain|none|stacking,ok,,202,50,55,0.30808080808080807,0.34,0.337878431372549,0.3018137254901961,0.3384615384615385,0.2980769230769231,0.34,0.30808080808080807,,,,,0.94,0.42,0.24,0.0,0.3333333333333333,0.4444444444444444,0.45454545454545453
strict,selection,2,mayo_4class,all,none,gain,tvae,rf,mayo_4class|all|none|gain|tvae|rf,ok,,404,50,55,0.42803030303030304,0.46,0.4473846153846154,0.4355089355089355,0.4766666666666666,0.4882154882154882,0.46,0.42803030303030304,,,,,0.72,0.36,0.18,0.2222222222222222,0.3333333333333333,0.6111111111111112,0.5454545454545454
strict,selection,2,mayo_4class,all,none,gain,tvae,catboost,mayo_4class|all|none|gain|tvae|catboost,ok,,404,50,55,0.46275252525252525,0.44,0.43662337662337664,0.450487012987013,0.439,0.4446969696969697,0.44,0.46275252525252525,,,,,0.8,0.36,0.2,0.5555555555555556,0.4166666666666667,0.3333333333333333,0.5454545454545454
strict,selection,2,mayo_4class,all,none,gain,tvae,stacking,mayo_4class|all|none|gain|tvae|stacking,ok,,404,50,55,0.40214646464646464,0.34,0.2669119286510591,0.31091010438836525,0.23203208556149732,0.2667112299465241,0.34,0.40214646464646464,,,,,1.0,0.4,0.26,0.5555555555555556,0.4166666666666667,0.0,0.6363636363636364
strict,selection,2,mayo_4class,all,none,mice,none,rf,mayo_4class|all|none|mice|none|rf,ok,,202,50,55,0.3806818181818182,0.46,0.411568470210859,0.34886079532053405,0.39658823529411763,0.34852941176470587,0.46,0.3806818181818182,,,,,0.72,0.38,0.16,0.0,0.4166666666666667,0.8333333333333334,0.2727272727272727
strict,selection,2,mayo_4class,all,none,mice,none,catboost,mayo_4class|all|none|mice|none|catboost,ok,,202,50,55,0.33396464646464646,0.4,0.38345864661654133,0.32184628237259816,0.37,0.3125,0.4,0.33396464646464646,,,,,0.88,0.38,0.22,0.0,0.25,0.7222222222222222,0.36363636363636365
strict,selection,2,mayo_4class,all,none,mice,none,stacking,mayo_4class|all|none|mice|none|stacking,ok,,202,50,55,0.24747474747474746,0.22,0.16311195445920304,0.18483698464723133,0.1330263157894737,0.1520633971291866,0.22,0.24747474747474746,,,,,1.08,0.56,0.22,0.1111111111111111,0.3333333333333333,0.0,0.5454545454545454
strict,selection,2,mayo_4class,all,none,mice,tvae,rf,mayo_4class|all|none|mice|tvae|rf,ok,,404,50,55,0.40340909090909094,0.46,0.4303691355084544,0.40767643089624517,0.49672727272727274,0.5060606060606061,0.46,0.40340909090909094,,,,,0.72,0.38,0.16,0.2222222222222222,0.25,0.7777777777777778,0.36363636363636365
strict,selection,2,mayo_4class,all,none,mice,tvae,catboost,mayo_4class|all|none|mice|tvae|catboost,ok,,404,50,55,0.37058080808080807,0.4,0.389891395154553,0.3657755499860763,0.38799999999999996,0.37083333333333335,0.4,0.37058080808080807,,,,,0.84,0.38,0.22,0.1111111111111111,0.4166666666666667,0.5,0.45454545454545453
strict,selection,2,mayo_4class,all,none,mice,tvae,stacking,mayo_4class|all|none|mice|tvae|stacking,ok,,404,50,55,0.30492424242424243,0.28,0.23176470588235293,0.24544817927170867,0.28445652173913044,0.26879528985507245,0.28,0.30492424242424243,,,,,1.0,0.5,0.22,0.1111111111111111,0.4166666666666667,0.05555555555555555,0.6363636363636364
strict,selection,2,mayo_4class,all,none,softimpute,none,rf,mayo_4class|all|none|softimpute|none|rf,ok,,202,50,55,0.3806818181818182,0.44,0.39019694795878435,0.34063736359288727,0.3778260869565217,0.338768115942029,0.44,0.3806818181818182,,,,,0.8,0.32,0.24,0.0,0.5833333333333334,0.6666666666666666,0.2727272727272727
strict,selection,2,mayo_4class,all,none,softimpute,none,catboost,mayo_4class|all|none|softimpute|none|catboost,ok,,202,50,55,0.389520202020202,0.46,0.4197142857142857,0.36984126984126986,0.43766666666666665,0.4077546296296296,0.46,0.389520202020202,,,,,0.72,0.38,0.16,0.0,0.4166666666666667,0.7777777777777778,0.36363636363636365
strict,selection,2,mayo_4class,all,none,softimpute,none,stacking,mayo_4class|all|none|softimpute|none|stacking,ok,,202,50,55,0.31691919191919193,0.3,0.2294827124095417,0.2367551148038953,0.27420689655172414,0.2522988505747127,0.3,0.31691919191919193,,,,,0.86,0.56,0.14,0.0,0.6666666666666666,0.05555555555555555,0.5454545454545454
strict,selection,2,mayo_4class,all,none,softimpute,tvae,rf,mayo_4class|all|none|softimpute|tvae|rf,ok,,404,50,55,0.3181818181818182,0.4,0.3238539553752535,0.28004563894523327,0.365,0.34375,0.4,0.3181818181818182,,,,,0.78,0.42,0.18,0.0,0.16666666666666666,0.8333333333333334,0.2727272727272727
strict,selection,2,mayo_4class,all,none,softimpute,tvae,catboost,mayo_4class|all|none|softimpute|tvae|catboost,ok,,404,50,55,0.34785353535353536,0.4,0.3688979591836734,0.3438775510204082,0.4971326164874552,0.5412186379928314,0.4,0.34785353535353536,,,,,0.78,0.42,0.18,0.1111111111111111,0.25,0.6666666666666666,0.36363636363636365
strict,selection,2,mayo_4class,all,none,softimpute,tvae,stacking,mayo_4class|all|none|softimpute|tvae|stacking,ok,,404,50,55,0.34469696969696967,0.32,0.2587355239619622,0.2763903273389198,0.5699354838709678,0.49784946236559136,0.32,0.34469696969696967,,,,,0.86,0.5,0.18,0.1111111111111111,0.6666666666666666,0.05555555555555555,0.5454545454545454
strict,selection,2,mayo_4class,all,none,raw,none,catboost,mayo_4class|all|none|raw|none|catboost,ok,,202,50,55,0.44191919191919193,0.48,0.46607308970099665,0.444296788482835,0.4714666666666666,0.46444444444444444,0.48,0.44191919191919193,,,,,0.72,0.34,0.18,0.2222222222222222,0.3333333333333333,0.6666666666666666,0.5454545454545454
strict,selection,2,mayo_4class,drop_gt70_missing,none,mean,none,rf,mayo_4class|drop_gt70_missing|none|mean|none|rf,ok,,202,50,48,0.3547979797979798,0.42,0.3853588516746412,0.3363237639553429,0.37,0.3333333333333333,0.42,0.3547979797979798,,,,,0.82,0.36,0.22,0.0,0.3333333333333333,0.7222222222222222,0.36363636363636365
strict,selection,2,mayo_4class,drop_gt70_missing,none,mean,none,catboost,mayo_4class|drop_gt70_missing|none|mean|none|catboost,ok,,202,50,48,0.3648989898989899,0.42,0.4007142857142857,0.35813492063492064,0.408,0.37777777777777777,0.42,0.3648989898989899,,,,,0.84,0.38,0.2,0.1111111111111111,0.5,0.6666666666666666,0.18181818181818182
strict,selection,2,mayo_4class,drop_gt70_missing,none,mean,none,stacking,mayo_4class|drop_gt70_missing|none|mean|none|stacking,ok,,202,50,48,0.33775252525252525,0.32,0.28956320419817877,0.2935445284766167,0.369,0.33437500000000003,0.32,0.33775252525252525,,,,,1.06,0.4,0.28,0.1111111111111111,0.5833333333333334,0.1111111111111111,0.5454545454545454
strict,selection,2,mayo_4class,drop_gt70_missing,none,mean,tvae,rf,mayo_4class|drop_gt70_missing|none|mean|tvae|rf,ok,,404,50,48,0.2676767676767677,0.32,0.28550751237067024,0.2566486729644625,0.3001785714285714,0.29129464285714285,0.32,0.2676767676767677,,,,,0.86,0.52,0.16,0.1111111111111111,0.16666666666666666,0.6111111111111112,0.18181818181818182
strict,selection,2,mayo_4class,drop_gt70_missing,none,mean,tvae,catboost,mayo_4class|drop_gt70_missing|none|mean|tvae|catboost,ok,,404,50,48,0.27462121212121215,0.3,0.2987142857142857,0.27400793650793653,0.31936363636363635,0.298074494949495,0.3,0.27462121212121215,,,,,1.0,0.5,0.2,0.1111111111111111,0.4166666666666667,0.3888888888888889,0.18181818181818182
strict,selection,2,mayo_4class,drop_gt70_missing,none,mean,tvae,stacking,mayo_4class|drop_gt70_missing|none|mean|tvae|stacking,ok,,404,50,48,0.34974747474747475,0.3,0.2378817733990148,0.27606732348111657,0.19741176470588237,0.22843137254901963,0.3,0.34974747474747475,,,,,1.02,0.46,0.24,0.4444444444444444,0.5,0.0,0.45454545454545453
strict,selection,2,mayo_4class,drop_gt70_missing,none,pmm,none,rf,mayo_4class|drop_gt70_missing|none|pmm|none|rf,ok,,202,50,48,0.43118686868686873,0.5,0.45201853308855666,0.3947460442346359,0.43326577312847336,0.38713631905851587,0.5,0.43118686868686873,,,,,0.74,0.28,0.22,0.0,0.5833333333333334,0.7777777777777778,0.36363636363636365
strict,selection,2,mayo_4class,drop_gt70_missing,none,pmm,none,catboost,mayo_4class|drop_gt70_missing|none|pmm|none|catboost,ok,,202,50,48,0.37563131313131315,0.42,0.4107305764411028,0.3712249373433584,0.40402197802197803,0.3693681318681319,0.42,0.37563131313131315,,,,,0.88,0.34,0.24,0.1111111111111111,0.4166666666666667,0.6111111111111112,0.36363636363636365
strict,selection,2,mayo_4class,drop_gt70_missing,none,pmm,none,stacking,mayo_4class|drop_gt70_missing|none|pmm|none|stacking,ok,,202,50,48,0.33585858585858586,0.28,0.2304642857142857,0.26185515873015874,0.3457142857142857,0.32341269841269843,0.28,0.33585858585858586,,,,,1.06,0.48,0.24,0.6666666666666666,0.16666666666666666,0.05555555555555555,0.45454545454545453
strict,selection,2,mayo_4class,drop_gt70_missing,none,pmm,tvae,rf,mayo_4class|drop_gt70_missing|none|pmm|tvae|rf,ok,,404,50,48,0.34785353535353536,0.4,0.3718764790764791,0.34799422799422797,0.4307142857142857,0.44494047619047616,0.4,0.34785353535353536,,,,,0.78,0.44,0.16,0.1111111111111111,0.25,0.6666666666666666,0.36363636363636365
strict,selection,2,mayo_4class,drop_gt70_missing,none,pmm,tvae,catboost,mayo_4class|drop_gt70_missing|none|pmm|tvae|catboost,ok,,404,50,48,0.35669191919191917,0.38,0.39,0.3611111111111111,0.41460317460317464,0.37896825396825395,0.38,0.35669191919191917,,,,,0.92,0.4,0.22,0.1111111111111111,0.4166666666666667,0.4444444444444444,0.45454545454545453
strict,selection,2,mayo_4class,drop_gt70_missing,none,pmm,tvae,stacking,mayo_4class|drop_gt70_missing|none|pmm|tvae|stacking,ok,,404,50,48,0.27525252525252525,0.24,0.18633883058470765,0.21359320339830085,0.15238095238095237,0.1746031746031746,0.24,0.27525252525252525,,,,,1.06,0.52,0.24,0.2222222222222222,0.3333333333333333,0.0,0.5454545454545454
strict,selection,2,mayo_4class,drop_gt70_missing,none,gain,none,rf,mayo_4class|drop_gt70_missing|none|gain|none|rf,ok,,202,50,48,0.40340909090909094,0.44,0.42757066189624326,0.40899672033392964,0.44617777777777784,0.4502777777777778,0.44,0.40340909090909094,,,,,0.8,0.34,0.22,0.2222222222222222,0.4166666666666667,0.6111111111111112,0.36363636363636365
strict,selection,2,mayo_4class,drop_gt70_missing,none,gain,none,catboost,mayo_4class|drop_gt70_missing|none|gain|none|catboost,ok,,202,50,48,0.3529040404040404,0.4,0.37773084886128366,0.35186335403726704,0.38857142857142857,0.38095238095238093,0.4,0.3529040404040404,,,,,0.9,0.34,0.26,0.2222222222222222,0.25,0.6666666666666666,0.2727272727272727
strict,selection,2,mayo_4class,drop_gt70_missing,none,gain,none,stacking,mayo_4class|drop_gt70_missing|none|gain|none|stacking,ok,,202,50,48,0.42992424242424243,0.4,0.3865827505827506,0.39959854959854957,0.4103589743589744,0.4008547008547009,0.4,0.42992424242424243,,,,,0.86,0.4,0.2,0.4444444444444444,0.4166666666666667,0.2222222222222222,0.6363636363636364
strict,selection,2,mayo_4class,drop_gt70_missing,none,gain,tvae,rf,mayo_4class|drop_gt70_missing|none|gain|tvae|rf,ok,,404,50,48,0.3617424242424243,0.4,0.38543832107741877,0.37337850119805005,0.4305990783410138,0.44585253456221197,0.4,0.3617424242424243,,,,,0.8,0.42,0.18,0.2222222222222222,0.25,0.6111111111111112,0.36363636363636365
strict,selection,2,mayo_4class,drop_gt70_missing,none,gain,tvae,catboost,mayo_4class|drop_gt70_missing|none|gain|tvae|catboost,ok,,404,50,48,0.3617424242424242,0.38,0.37730769230769234,0.36067404817404813,0.37714285714285717,0.3627344877344877,0.38,0.3617424242424242,,,,,0.88,0.42,0.2,0.2222222222222222,0.4166666666666667,0.4444444444444444,0.36363636363636365
strict,selection,2,mayo_4class,drop_gt70_missing,none,gain,tvae,stacking,mayo_4class|drop_gt70_missing|none|gain|tvae|stacking,ok,,404,50,48,0.34659090909090906,0.3,0.2531444099378882,0.2826410455486542,0.30476190476190473,0.3005952380952381,0.3,0.34659090909090906,,,,,1.04,0.46,0.24,0.4444444444444444,0.25,0.05555555555555555,0.6363636363636364
strict,selection,2,mayo_4class,drop_gt70_missing,none,mice,none,rf,mayo_4class|drop_gt70_missing|none|mice|none|rf,ok,,202,50,48,0.44507575757575757,0.5,0.46953676678278883,0.4327079998744625,0.4772,0.4633333333333333,0.5,0.44507575757575757,,,,,0.74,0.28,0.22,0.1111111111111111,0.5833333333333334,0.7222222222222222,0.36363636363636365
strict,selection,2,mayo_4class,drop_gt70_missing,none,mice,none,catboost,mayo_4class|drop_gt70_missing|none|mice|none|catboost,ok,,202,50,48,0.3529040404040404,0.42,0.3953093964858671,0.3465325524149054,0.40384615384615385,0.37072649572649574,0.42,0.3529040404040404,,,,,0.88,0.36,0.22,0.1111111111111111,0.25,0.7777777777777778,0.2727272727272727
strict,selection,2,mayo_4class,drop_gt70_missing,none,mice,none,stacking,mayo_4class|drop_gt70_missing|none|mice|none|stacking,ok,,202,50,48,0.3257575757575758,0.3,0.2513924562645364,0.26685655217357107,0.27170588235294113,0.26601307189542484,0.3,0.3257575757575758,,,,,1.0,0.46,0.24,0.1111111111111111,0.5,0.05555555555555555,0.6363636363636364
strict,selection,2,mayo_4class,drop_gt70_missing,none,mice,tvae,rf,mayo_4class|drop_gt70_missing|none|mice|tvae|rf,ok,,404,50,48,0.3093434343434343,0.36,0.3261998132586368,0.3034547152194211,0.36176623376623374,0.3623376623376623,0.36,0.3093434343434343,,,,,0.86,0.46,0.18,0.2222222222222222,0.16666666666666666,0.6666666666666666,0.18181818181818182
strict,selection,2,mayo_4class,drop_gt70_missing,none,mice,tvae,catboost,mayo_4class|drop_gt70_missing|none|mice|tvae|catboost,ok,,404,50,48,0.2803030303030303,0.32,0.302,0.2678030303030303,0.2872727272727273,0.25757575757575757,0.32,0.2803030303030303,,,,,0.96,0.46,0.22,0.0,0.16666666666666666,0.5,0.45454545454545453
strict,selection,2,mayo_4class,drop_gt70_missing,none,mice,tvae,stacking,mayo_4class|drop_gt70_missing|none|mice|tvae|stacking,ok,,404,50,48,0.19002525252525254,0.18,0.15904761904761905,0.1607142857142857,0.22289473684210528,0.19599780701754382,0.18,0.19002525252525254,,,,,1.2,0.56,0.26,0.0,0.25,0.05555555555555555,0.45454545454545453
strict,selection,2,mayo_4class,drop_gt70_missing,none,softimpute,none,rf,mayo_4class|drop_gt70_missing|none|softimpute|none|rf,ok,,202,50,48,0.38257575757575757,0.46,0.4072081632653061,0.35806122448979594,0.42403970223325066,0.3978908188585608,0.46,0.38257575757575757,,,,,0.78,0.32,0.22,0.0,0.3333333333333333,0.8333333333333334,0.36363636363636365
strict,selection,2,mayo_4class,drop_gt70_missing,none,softimpute,none,catboost,mayo_4class|drop_gt70_missing|none|softimpute|none|catboost,ok,,202,50,48,0.3617424242424242,0.42,0.3887777777777778,0.3590277777777778,0.5217142857142857,0.5636904761904762,0.42,0.3617424242424242,,,,,0.8,0.36,0.22,0.1111111111111111,0.25,0.7222222222222222,0.36363636363636365
strict,selection,2,mayo_4class,drop_gt70_missing,none,softimpute,none,stacking,mayo_4class|drop_gt70_missing|none|softimpute|none|stacking,ok,,202,50,48,0.34974747474747475,0.32,0.2321276595744681,0.2616860090264346,0.22857142857142856,0.2683982683982684,0.32,0.34974747474747475,,,,,0.86,0.52,0.16,0.1111111111111111,0.8333333333333334,0.0,0.45454545454545453
strict,selection,2,mayo_4class,drop_gt70_missing,none,softimpute,tvae,rf,mayo_4class|drop_gt70_missing|none|softimpute|tvae|rf,ok,,404,50,48,0.34595959595959597,0.44,0.36304201680672266,0.310609243697479,0.42205263157894735,0.3993421052631579,0.44,0.34595959595959597,,,,,0.8,0.34,0.22,0.0,0.16666666666666666,0.9444444444444444,0.2727272727272727
strict,selection,2,mayo_4class,drop_gt70_missing,none,softimpute,tvae,catboost,mayo_4class|drop_gt70_missing|none|softimpute|tvae|catboost,ok,,404,50,48,0.32007575757575757,0.36,0.3378151260504202,0.3081232492997199,0.3483333333333334,0.3298611111111111,0.36,0.32007575757575757,,,,,0.9,0.38,0.26,0.0,0.4166666666666667,0.5,0.36363636363636365
strict,selection,2,mayo_4class,drop_gt70_missing,none,softimpute,tvae,stacking,mayo_4class|drop_gt70_missing|none|softimpute|tvae|stacking,ok,,404,50,48,0.30808080808080807,0.28,0.20371058364866415,0.22726751519321178,0.16509615384615386,0.18629807692307693,0.28,0.30808080808080807,,,,,1.06,0.44,0.28,0.1111111111111111,0.6666666666666666,0.0,0.45454545454545453
strict,selection,2,mayo_4class,drop_gt70_missing,none,raw,none,catboost,mayo_4class|drop_gt70_missing|none|raw|none|catboost,ok,,202,50,48,0.39141414141414144,0.44,0.43117591245908415,0.3942886972280679,0.435098814229249,0.40884387351778656,0.44,0.39141414141414144,,,,,0.84,0.34,0.22,0.1111111111111111,0.3333333333333333,0.6666666666666666,0.45454545454545453
strict,selection,3,mayo_4class,all,none,mean,none,rf,mayo_4class|all|none|mean|none|rf,ok,,202,50,55,0.4768156679921386,0.46,0.4428095693779904,0.4546805516464959,0.4334920634920635,0.4410597572362278,0.46,0.4768156679921386,,,,,0.7,0.4,0.14,0.5555555555555556,0.15384615384615385,0.47058823529411764,0.7272727272727273
strict,selection,3,mayo_4class,all,none,mean,none,catboost,mayo_4class|all|none|mean|none|catboost,ok,,202,50,55,0.37261757849993143,0.36,0.3341125541125541,0.3409090909090909,0.32352941176470584,0.3259803921568627,0.36,0.37261757849993143,,,,,0.98,0.34,0.3,0.3333333333333333,0.07692307692307693,0.35294117647058826,0.7272727272727273
strict,selection,3,mayo_4class,all,none,mean,none,stacking,mayo_4class|all|none|mean|none|stacking,ok,,202,50,55,0.47251931075460485,0.42,0.3514423076923077,0.3713942307692308,0.3572922502334267,0.34897292250233425,0.42,0.47251931075460485,,,,,0.92,0.3,0.28,0.7777777777777778,0.0,0.29411764705882354,0.8181818181818182
strict,selection,3,mayo_4class,all,none,mean,tvae,rf,mayo_4class|all|none|mean|tvae|rf,ok,,404,50,55,0.40418894830659535,0.42,0.36482464985994395,0.359187675070028,0.3271,0.32875,0.42,0.40418894830659535,,,,,0.82,0.36,0.22,0.3333333333333333,0.0,0.6470588235294118,0.6363636363636364
strict,selection,3,mayo_4class,all,none,mean,tvae,catboost,mayo_4class|all|none|mean|tvae|catboost,ok,,404,50,55,0.374251565428036,0.38,0.35513209013209013,0.3501845376845377,0.3408086883876357,0.3378028404344193,0.38,0.374251565428036,,,,,0.88,0.4,0.22,0.2222222222222222,0.07692307692307693,0.47058823529411764,0.7272727272727273
strict,selection,3,mayo_4class,all,none,mean,tvae,stacking,mayo_4class|all|none|mean|tvae|stacking,ok,,404,50,55,0.4844599844599845,0.4,0.294,0.34469696969696967,0.27,0.3046536796536797,0.4,0.4844599844599845,,,,,0.98,0.28,0.32,0.8888888888888888,0.23076923076923078,0.0,0.8181818181818182
strict,selection,3,mayo_4class,all,none,pmm,none,rf,mayo_4class|all|none|pmm|none|rf,ok,,202,50,55,0.3707550619315325,0.38,0.3666936936936937,0.36227477477477477,0.36173426573426576,0.3634032634032634,0.38,0.3707550619315325,,,,,0.84,0.44,0.18,0.2222222222222222,0.15384615384615385,0.47058823529411764,0.6363636363636364
strict,selection,3,mayo_4class,all,none,pmm,none,catboost,mayo_4class|all|none|pmm|none|catboost,ok,,202,50,55,0.3600484482837424,0.36,0.34342408963585436,0.33560224089635854,0.3434653092006033,0.3283842383107089,0.36,0.3600484482837424,,,,,0.98,0.34,0.3,0.1111111111111111,0.3076923076923077,0.29411764705882354,0.7272727272727273
strict,selection,3,mayo_4class,all,none,pmm,none,stacking,mayo_4class|all|none|pmm|none|stacking,ok,,202,50,55,0.5200306229717995,0.46,0.4220328282828283,0.4449179292929293,0.5726015037593986,0.5492481203007519,0.46,0.5200306229717995,,,,,0.88,0.24,0.3,0.7777777777777778,0.3076923076923077,0.17647058823529413,0.8181818181818182
strict,selection,3,mayo_4class,all,none,pmm,tvae,rf,mayo_4class|all|none|pmm|tvae|rf,ok,,404,50,55,0.34647378765025827,0.36,0.3268706022659511,0.32315146094215863,0.3221428571428572,0.3289835164835165,0.36,0.34647378765025827,,,,,0.84,0.44,0.2,0.1111111111111111,0.07692307692307693,0.47058823529411764,0.7272727272727273
strict,selection,3,mayo_4class,all,none,pmm,tvae,catboost,mayo_4class|all|none|pmm|tvae|catboost,ok,,404,50,55,0.4191005073358015,0.4,0.37809676364825107,0.38345047401111476,0.390755980861244,0.38205741626794254,0.4,0.4191005073358015,,,,,0.9,0.34,0.26,0.3333333333333333,0.23076923076923078,0.29411764705882354,0.8181818181818182
strict,selection,3,mayo_4class,all,none,pmm,tvae,stacking,mayo_4class|all|none|pmm|tvae|stacking,ok,,404,50,55,0.4566822066822067,0.38,0.2811822660098522,0.32848186296462156,0.2505,0.28352272727272726,0.38,0.4566822066822067,,,,,0.96,0.34,0.28,0.7777777777777778,0.23076923076923078,0.0,0.8181818181818182
strict,selection,3,mayo_4class,all,none,gain,none,rf,mayo_4class|all|none|gain|none|rf,ok,,202,50,55,0.47331916449563505,0.46,0.4518491614143788,0.46735272822229346,0.451,0.46805555555555556,0.46,0.47331916449563505,,,,,0.7,0.4,0.14,0.5555555555555556,0.23076923076923078,0.47058823529411764,0.6363636363636364
strict,selection,3,mayo_4class,all,none,gain,none,catboost,mayo_4class|all|none|gain|none|catboost,ok,,202,50,55,0.4621097856391974,0.44,0.42188552188552186,0.4385521885521886,0.4165277777777778,0.4288194444444444,0.44,0.4621097856391974,,,,,0.78,0.36,0.2,0.5555555555555556,0.15384615384615385,0.4117647058823529,0.7272727272727273
strict,selection,3,mayo_4class,all,none,gain,none,stacking,mayo_4class|all|none|gain|none|stacking,ok,,202,50,55,0.4621097856391974,0.44,0.4191568527052398,0.4277180406212664,0.42,0.4166666666666667,0.44,0.4621097856391974,,,,,0.84,0.34,0.22,0.5555555555555556,0.15384615384615385,0.4117647058823529,0.7272727272727273
strict,selection,3,mayo_4class,all,none,gain,tvae,rf,mayo_4class|all|none|gain|tvae|rf,ok,,404,50,55,0.3905114493349787,0.4,0.3883253588516746,0.38357256778309406,0.3834920634920635,0.3823953823953824,0.4,0.3905114493349787,,,,,0.8,0.44,0.16,0.3333333333333333,0.15384615384615385,0.5294117647058824,0.5454545454545454
strict,selection,3,mayo_4class,all,none,gain,tvae,catboost,mayo_4class|all|none|gain|tvae|catboost,ok,,404,50,55,0.45459116047351344,0.44,0.4358896551724138,0.43960212201591514,0.4454545454545455,0.4370629370629371,0.44,0.45459116047351344,,,,,0.82,0.34,0.22,0.4444444444444444,0.38461538461538464,0.35294117647058826,0.6363636363636364
strict,selection,3,mayo_4class,all,none,gain,tvae,stacking,mayo_4class|all|none|gain|tvae|stacking,ok,,404,50,55,0.37653686183097945,0.34,0.3134922558922559,0.332007252007252,0.35725,0.34879807692307696,0.34,0.37653686183097945,,,,,0.98,0.4,0.26,0.4444444444444444,0.3076923076923077,0.11764705882352941,0.6363636363636364
strict,selection,3,mayo_4class,all,none,mice,none,rf,mayo_4class|all|none|mice|none|rf,ok,,202,50,55,0.38382695735636907,0.38,0.3726143421795596,0.3719982063971834,0.37111111111111117,0.36683006535947715,0.38,0.38382695735636907,,,,,0.94,0.36,0.26,0.3333333333333333,0.15384615384615385,0.4117647058823529,0.6363636363636364
strict,selection,3,mayo_4class,all,none,mice,none,catboost,mayo_4class|all|none|mice|none|catboost,ok,,202,50,55,0.3565747977512683,0.36,0.3517184265010352,0.3390269151138716,0.3539432234432235,0.3335393772893773,0.36,0.3565747977512683,,,,,0.98,0.36,0.28,0.3333333333333333,0.07692307692307693,0.47058823529411764,0.5454545454545454
strict,selection,3,mayo_4class,all,none,mice,none,stacking,mayo_4class|all|none|mice|none|stacking,ok,,202,50,55,0.3821929704282645,0.36,0.35320689655172416,0.34893039591315456,0.44269841269841265,0.4027777777777778,0.36,0.3821929704282645,,,,,1.1,0.3,0.34,0.4444444444444444,0.15384615384615385,0.29411764705882354,0.6363636363636364
strict,selection,3,mayo_4class,all,none,mice,tvae,rf,mayo_4class|all|none|mice|tvae|rf,ok,,404,50,55,0.37641117052881756,0.4,0.3505,0.34791666666666665,0.33464516129032257,0.3470430107526882,0.4,0.37641117052881756,,,,,0.78,0.42,0.18,0.2222222222222222,0.0,0.6470588235294118,0.6363636363636364
strict,selection,3,mayo_4class,all,none,mice,tvae,catboost,mayo_4class|all|none|mice|tvae|catboost,ok,,404,50,55,0.42578499931441105,0.42,0.4113746993746994,0.4044252044252044,0.4247435897435897,0.40544871794871795,0.42,0.42578499931441105,,,,,0.94,0.32,0.26,0.3333333333333333,0.23076923076923078,0.4117647058823529,0.7272727272727273
strict,selection,3,mayo_4class,all,none,mice,tvae,stacking,mayo_4class|all|none|mice|tvae|stacking,ok,,404,50,55,0.3754284930755519,0.32,0.26982608695652177,0.30132850241545894,0.32080701754385965,0.32061403508771924,0.32,0.3754284930755519,,,,,1.1,0.38,0.3,0.6666666666666666,0.23076923076923078,0.058823529411764705,0.5454545454545454
strict,selection,3,mayo_4class,all,none,softimpute,none,rf,mayo_4class|all|none|softimpute|none|rf,ok,,202,50,55,0.39264820147173085,0.42,0.4026666666666667,0.3833333333333333,0.519061681352703,0.5573350797809002,0.42,0.39264820147173085,,,,,0.72,0.46,0.12,0.1111111111111111,0.38461538461538464,0.5294117647058824,0.5454545454545454
strict,selection,3,mayo_4class,all,none,softimpute,none,catboost,mayo_4class|all|none|softimpute|none|catboost,ok,,202,50,55,0.21410941999177294,0.24,0.22060606060606058,0.19696969696969696,0.20636842105263156,0.1846291866028708,0.24,0.21410941999177294,,,,,1.02,0.5,0.26,0.0,0.23076923076923078,0.35294117647058826,0.2727272727272727
strict,selection,3,mayo_4class,all,none,softimpute,none,stacking,mayo_4class|all|none|softimpute|none|stacking,ok,,202,50,55,0.3754856254856255,0.34,0.26831336405529954,0.30230414746543777,0.24190909090909088,0.2806818181818182,0.34,0.3754856254856255,,,,,0.92,0.46,0.2,0.2222222222222222,0.46153846153846156,0.0,0.8181818181818182
strict,selection,3,mayo_4class,all,none,softimpute,tvae,rf,mayo_4class|all|none|softimpute|tvae|rf,ok,,404,50,55,0.3342245989304813,0.4,0.3022931206380857,0.2741774675972084,0.3047619047619048,0.2976190476190476,0.4,0.3342245989304813,,,,,0.76,0.44,0.16,0.0,0.0,0.8823529411764706,0.45454545454545453
strict,selection,3,mayo_4class,all,none,softimpute,tvae,catboost,mayo_4class|all|none|softimpute|tvae|catboost,ok,,404,50,55,0.2849764614470497,0.32,0.2907482305358948,0.270593957777982,0.2967692307692308,0.29539627039627037,0.32,0.2849764614470497,,,,,0.94,0.44,0.24,0.1111111111111111,0.07692307692307693,0.5882352941176471,0.36363636363636365
strict,selection,3,mayo_4class,all,none,softimpute,tvae,stacking,mayo_4class|all|none|softimpute|tvae|stacking,ok,,404,50,55,0.29772841537547423,0.28,0.23166044142614603,0.24029428409734013,0.33638888888888885,0.3090277777777778,0.28,0.29772841537547423,,,,,1.12,0.4,0.32,0.1111111111111111,0.38461538461538464,0.058823529411764705,0.6363636363636364
strict,selection,3,mayo_4class,all,none,raw,none,catboost,mayo_4class|all|none|raw|none|catboost,ok,,202,50,55,0.34134329722565016,0.34,0.3271,0.3254166666666667,0.329921568627451,0.32794117647058824,0.34,0.34134329722565016,,,,,0.86,0.46,0.2,0.2222222222222222,0.15384615384615385,0.35294117647058826,0.6363636363636364
strict,selection,3,mayo_4class,drop_gt70_missing,none,mean,none,rf,mayo_4class|drop_gt70_missing|none|mean|none|rf,ok,,202,50,47,0.38382695735636907,0.38,0.37166666666666665,0.3737745098039216,0.3657342657342657,0.3663444398738516,0.38,0.38382695735636907,,,,,0.84,0.44,0.18,0.3333333333333333,0.15384615384615385,0.4117647058823529,0.6363636363636364
strict,selection,3,mayo_4class,drop_gt70_missing,none,mean,none,catboost,mayo_4class|drop_gt70_missing|none|mean|none|catboost,ok,,202,50,47,0.34833630421865713,0.34,0.3021029411764706,0.2994485294117647,0.29620879120879123,0.2850274725274725,0.34,0.34833630421865713,,,,,1.02,0.36,0.3,0.2222222222222222,0.0,0.35294117647058826,0.8181818181818182
strict,selection,3,mayo_4class,drop_gt70_missing,none,mean,none,stacking,mayo_4class|drop_gt70_missing|none|mean|none|stacking,ok,,202,50,47,0.4594474153297683,0.42,0.3687741545893719,0.3821708937198067,0.37542857142857144,0.36428571428571427,0.42,0.4594474153297683,,,,,0.92,0.32,0.26,0.6666666666666666,0.0,0.35294117647058826,0.8181818181818182
strict,selection,3,mayo_4class,drop_gt70_missing,none,mean,tvae,rf,mayo_4class|drop_gt70_missing|none|mean|tvae|rf,ok,,404,50,47,0.35768316650669596,0.38,0.34985339222181333,0.33919917801496746,0.36346153846153845,0.3637820512820512,0.38,0.35768316650669596,,,,,0.9,0.36,0.26,0.1111111111111111,0.15384615384615385,0.5294117647058824,0.6363636363636364
strict,selection,3,mayo_4class,drop_gt70_missing,none,mean,tvae,catboost,mayo_4class|drop_gt70_missing|none|mean|tvae|catboost,ok,,404,50,47,0.333630421865716,0.32,0.28710599078341015,0.2913594470046083,0.27062643239113826,0.26709320091673033,0.32,0.333630421865716,,,,,0.98,0.42,0.26,0.2222222222222222,0.0,0.29411764705882354,0.8181818181818182
strict,selection,3,mayo_4class,drop_gt70_missing,none,mean,tvae,stacking,mayo_4class|drop_gt70_missing|none|mean|tvae|stacking,ok,,404,50,47,0.32634032634032634,0.28,0.2048,0.23636363636363636,0.16708333333333333,0.19081439393939392,0.28,0.32634032634032634,,,,,1.08,0.42,0.3,0.3333333333333333,0.15384615384615385,0.0,0.8181818181818182
strict,selection,3,mayo_4class,drop_gt70_missing,none,pmm,none,rf,mayo_4class|drop_gt70_missing|none|pmm|none|rf,ok,,202,50,47,0.35604917957859133,0.36,0.35485185185185186,0.3524782135076253,0.3556043956043956,0.35660418013359185,0.36,0.35604917957859133,,,,,0.78,0.5,0.14,0.2222222222222222,0.15384615384615385,0.4117647058823529,0.6363636363636364
strict,selection,3,mayo_4class,drop_gt70_missing,none,pmm,none,catboost,mayo_4class|drop_gt70_missing|none|pmm|none|catboost,ok,,202,50,47,0.3702294437588555,0.38,0.36938095238095237,0.3498015873015873,0.3775154257507199,0.34822203939850993,0.38,0.3702294437588555,,,,,0.96,0.36,0.26,0.1111111111111111,0.23076923076923078,0.4117647058823529,0.7272727272727273
strict,selection,3,mayo_4class,drop_gt70_missing,none,pmm,none,stacking,mayo_4class|drop_gt70_missing|none|pmm|none|stacking,ok,,202,50,47,0.34773070067187717,0.32,0.2965655148965107,0.30409813421734877,0.3778441558441558,0.349025974025974,0.32,0.34773070067187717,,,,,1.02,0.42,0.26,0.3333333333333333,0.15384615384615385,0.17647058823529413,0.7272727272727273
strict,selection,3,mayo_4class,drop_gt70_missing,none,pmm,tvae,rf,mayo_4class|drop_gt70_missing|none|pmm|tvae|rf,ok,,404,50,47,0.3547122811828694,0.38,0.3653787496564652,0.36250405063394986,0.40583333333333327,0.4270833333333333,0.38,0.3547122811828694,,,,,0.76,0.48,0.14,0.2222222222222222,0.15384615384615385,0.5882352941176471,0.45454545454545453
strict,selection,3,mayo_4class,drop_gt70_missing,none,pmm,tvae,catboost,mayo_4class|drop_gt70_missing|none|pmm|tvae|catboost,ok,,404,50,47,0.38330133918369214,0.38,0.3617053973013493,0.35939842578710646,0.36320634920634925,0.3575396825396825,0.38,0.38330133918369214,,,,,0.84,0.42,0.2,0.2222222222222222,0.23076923076923078,0.35294117647058826,0.7272727272727273
strict,selection,3,mayo_4class,drop_gt70_missing,none,pmm,tvae,stacking,mayo_4class|drop_gt70_missing|none|pmm|tvae|stacking,ok,,404,50,47,0.4583161936103113,0.4,0.3473728309042401,0.37311754459462443,0.5825087719298245,0.524780701754386,0.4,0.4583161936103113,,,,,0.9,0.36,0.24,0.6666666666666666,0.23076923076923078,0.11764705882352941,0.8181818181818182
strict,selection,3,mayo_4class,drop_gt70_missing,none,gain,none,rf,mayo_4class|drop_gt70_missing|none|gain|none|rf,ok,,202,50,47,0.45869326751679695,0.46,0.4348841334104492,0.43911702332754965,0.4327142857142857,0.4446428571428571,0.46,0.45869326751679695,,,,,0.7,0.38,0.16,0.3333333333333333,0.15384615384615385,0.5294117647058824,0.8181818181818182
strict,selection,3,mayo_4class,drop_gt70_missing,none,gain,none,catboost,mayo_4class|drop_gt70_missing|none|gain|none|catboost,ok,,202,50,47,0.421260112436583,0.42,0.40265734265734265,0.4002810914575621,0.39511111111111114,0.3898692810457516,0.42,0.421260112436583,,,,,0.8,0.36,0.22,0.3333333333333333,0.15384615384615385,0.47058823529411764,0.7272727272727273
strict,selection,3,mayo_4class,drop_gt70_missing,none,gain,none,stacking,mayo_4class|drop_gt70_missing|none|gain|none|stacking,ok,,202,50,47,0.43619452442981854,0.4,0.3645991902834008,0.3724696356275303,0.412985036119711,0.3898671310629515,0.4,0.43619452442981854,,,,,0.94,0.32,0.28,0.5555555555555556,0.07692307692307693,0.29411764705882354,0.8181818181818182
strict,selection,3,mayo_4class,drop_gt70_missing,none,gain,tvae,rf,mayo_4class|drop_gt70_missing|none|gain|tvae|rf,ok,,404,50,47,0.3112002376708259,0.34,0.29808744447042324,0.2877016600420856,0.29033333333333333,0.2958333333333333,0.34,0.3112002376708259,,,,,0.8,0.54,0.12,0.1111111111111111,0.0,0.5882352941176471,0.5454545454545454
strict,selection,3,mayo_4class,drop_gt70_missing,none,gain,tvae,catboost,mayo_4class|drop_gt70_missing|none|gain|tvae|catboost,ok,,404,50,47,0.48244892362539427,0.48,0.46949131652661064,0.46228291316526615,0.47986802413273005,0.4632824283559578,0.48,0.48244892362539427,,,,,0.74,0.32,0.2,0.3333333333333333,0.3076923076923077,0.47058823529411764,0.8181818181818182
strict,selection,3,mayo_4class,drop_gt70_missing,none,gain,tvae,stacking,mayo_4class|drop_gt70_missing|none|gain|tvae|stacking,ok,,404,50,47,0.380033365327483,0.34,0.3062867547550503,0.32095530239030645,0.5459999999999999,0.4805555555555555,0.34,0.380033365327483,,,,,1.0,0.4,0.26,0.4444444444444444,0.23076923076923078,0.11764705882352941,0.7272727272727273
strict,selection,3,mayo_4class,drop_gt70_missing,none,mice,none,rf,mayo_4class|drop_gt70_missing|none|mice|none|rf,ok,,202,50,47,0.38887746240687415,0.38,0.37411594202898546,0.38321256038647344,0.3694949494949495,0.3787878787878788,0.38,0.38887746240687415,,,,,0.82,0.44,0.18,0.4444444444444444,0.15384615384615385,0.4117647058823529,0.5454545454545454
strict,selection,3,mayo_4class,drop_gt70_missing,none,mice,none,catboost,mayo_4class|drop_gt70_missing|none|mice|none|catboost,ok,,202,50,47,0.40492024315553726,0.38,0.3608298368298369,0.3658508158508158,0.39468286099865046,0.37663067926225824,0.38,0.40492024315553726,,,,,0.96,0.36,0.26,0.4444444444444444,0.15384615384615385,0.29411764705882354,0.7272727272727273
strict,selection,3,mayo_4class,drop_gt70_missing,none,mice,none,stacking,mayo_4class|drop_gt70_missing|none|mice|none|stacking,ok,,202,50,47,0.5048219754102107,0.44,0.37450280504908834,0.3967011453950444,0.4809047619047619,0.4577380952380952,0.44,0.5048219754102107,,,,,0.9,0.28,0.28,0.8888888888888888,0.07692307692307693,0.23529411764705882,0.8181818181818182
strict,selection,3,mayo_4class,drop_gt70_missing,none,mice,tvae,rf,mayo_4class|drop_gt70_missing|none|mice|tvae|rf,ok,,404,50,47,0.3734402852049911,0.4,0.3475,0.34375,0.3309779825908858,0.3428059395801331,0.4,0.3734402852049911,,,,,0.84,0.4,0.2,0.3333333333333333,0.0,0.7058823529411765,0.45454545454545453
strict,selection,3,mayo_4class,drop_gt70_missing,none,mice,tvae,catboost,mayo_4class|drop_gt70_missing|none|mice|tvae|catboost,ok,,404,50,47,0.463218154394625,0.46,0.44963366853859216,0.44355654956249185,0.4511948051948052,0.436038961038961,0.46,0.463218154394625,,,,,0.76,0.36,0.18,0.3333333333333333,0.23076923076923078,0.47058823529411764,0.8181818181818182
strict,selection,3,mayo_4class,drop_gt70_missing,none,mice,tvae,stacking,mayo_4class|drop_gt70_missing|none|mice|tvae|stacking,ok,,404,50,47,0.4385598062068651,0.38,0.3119557267859475,0.3462599582081755,0.4038502673796791,0.3917112299465241,0.38,0.4385598062068651,,,,,0.9,0.36,0.26,0.5555555555555556,0.23076923076923078,0.058823529411764705,0.9090909090909091
strict,selection,3,mayo_4class,drop_gt70_missing,none,softimpute,none,rf,mayo_4class|drop_gt70_missing|none|softimpute|none|rf,ok,,202,50,47,0.2975227386992093,0.32,0.3032521739130435,0.2903623188405797,0.31326086956521737,0.3161231884057971,0.32,0.2975227386992093,,,,,0.88,0.5,0.18,0.1111111111111111,0.15384615384615385,0.47058823529411764,0.45454545454545453
strict,selection,3,mayo_4class,drop_gt70_missing,none,softimpute,none,catboost,mayo_4class|drop_gt70_missing|none|softimpute|none|catboost,ok,,202,50,47,0.3445312857077563,0.36,0.3575667095667096,0.3493779493779494,0.3617142857142857,0.3619047619047619,0.36,0.3445312857077563,,,,,0.92,0.4,0.24,0.2222222222222222,0.23076923076923078,0.47058823529411764,0.45454545454545453
strict,selection,3,mayo_4class,drop_gt70_missing,none,softimpute,none,stacking,mayo_4class|drop_gt70_missing|none|softimpute|none|stacking,ok,,202,50,47,0.3564719594131359,0.34,0.3281666666666666,0.3354166666666667,0.36152584257847414,0.3504258898995741,0.34,0.3564719594131359,,,,,0.96,0.4,0.26,0.3333333333333333,0.46153846153846156,0.17647058823529413,0.45454545454545453
strict,selection,3,mayo_4class,drop_gt70_missing,none,softimpute,tvae,rf,mayo_4class|drop_gt70_missing|none|softimpute|tvae|rf,ok,,404,50,47,0.30800082270670504,0.38,0.2851950814223995,0.248687271518777,0.3614285714285714,0.3392857142857143,0.38,0.30800082270670504,,,,,0.8,0.44,0.18,0.0,0.07692307692307693,0.8823529411764706,0.2727272727272727
strict,selection,3,mayo_4class,drop_gt70_missing,none,softimpute,tvae,catboost,mayo_4class|drop_gt70_missing|none|softimpute|tvae|catboost,ok,,404,50,47,0.26306046894282187,0.28,0.2672,0.24823529411764705,0.2576190476190476,0.23704481792717086,0.28,0.26306046894282187,,,,,1.04,0.42,0.3,0.0,0.15384615384615385,0.35294117647058826,0.5454545454545454
strict,selection,3,mayo_4class,drop_gt70_missing,none,softimpute,tvae,stacking,mayo_4class|drop_gt70_missing|none|softimpute|tvae|stacking,ok,,404,50,47,0.2870446546917135,0.26,0.22866666666666668,0.24642857142857144,0.2514705882352941,0.2512254901960784,0.26,0.2870446546917135,,,,,1.08,0.44,0.3,0.2222222222222222,0.23076923076923078,0.058823529411764705,0.6363636363636364
strict,selection,3,mayo_4class,drop_gt70_missing,none,raw,none,catboost,mayo_4class|drop_gt70_missing|none|raw|none|catboost,ok,,202,50,47,0.37714246537775953,0.36,0.3395365694761728,0.34695270960345254,0.34916666666666674,0.34791666666666665,0.36,0.37714246537775953,,,,,0.84,0.44,0.2,0.3333333333333333,0.15384615384615385,0.29411764705882354,0.7272727272727273
strict,selection,4,mayo_4class,all,none,mean,none,rf,mayo_4class|all|none|mean|none|rf,ok,,202,50,55,0.3215754833401892,0.38,0.3457454545454546,0.3109090909090909,0.40419191919191916,0.389520202020202,0.38,0.3215754833401892,,,,,0.78,0.46,0.16,0.0,0.3076923076923077,0.7058823529411765,0.2727272727272727
strict,selection,4,mayo_4class,all,none,mean,none,catboost,mayo_4class|all|none|mean|none|catboost,ok,,202,50,55,0.32796288678641616,0.36,0.35106653829696194,0.3296025887890458,0.3577597402597402,0.34537337662337664,0.36,0.32796288678641616,,,,,0.82,0.48,0.16,0.1111111111111111,0.3076923076923077,0.5294117647058824,0.36363636363636365
strict,selection,4,mayo_4class,all,none,mean,none,stacking,mayo_4class|all|none|mean|none|stacking,ok,,202,50,55,0.4410164998400292,0.44,0.4257918788353571,0.42322460800721673,0.4484285714285714,0.4430194805194805,0.44,0.4410164998400292,,,,,0.8,0.34,0.22,0.4444444444444444,0.15384615384615385,0.5294117647058824,0.6363636363636364
strict,selection,4,mayo_4class,all,none,mean,tvae,rf,mayo_4class|all|none|mean|tvae|rf,ok,,404,50,55,0.4046917135152429,0.42,0.4163529411764706,0.41239495798319326,0.43601111111111107,0.44069444444444444,0.42,0.4046917135152429,,,,,0.74,0.42,0.16,0.2222222222222222,0.23076923076923078,0.5294117647058824,0.6363636363636364
strict,selection,4,mayo_4class,all,none,mean,tvae,catboost,mayo_4class|all|none|mean|tvae|catboost,ok,,404,50,55,0.41047351341468985,0.38,0.37229092366259264,0.39579910505576704,0.3695238095238096,0.3869047619047619,0.38,0.41047351341468985,,,,,0.84,0.4,0.22,0.4444444444444444,0.38461538461538464,0.17647058823529413,0.6363636363636364
strict,selection,4,mayo_4class,all,none,mean,tvae,stacking,mayo_4class|all|none|mean|tvae|stacking,ok,,404,50,55,0.5178710178710179,0.44,0.35629629629629633,0.40925925925925927,0.31,0.35119047619047616,0.44,0.5178710178710179,,,,,0.76,0.36,0.2,0.7777777777777778,0.38461538461538464,0.0,0.9090909090909091
strict,selection,4,mayo_4class,all,none,pmm,none,rf,mayo_4class|all|none|pmm|none|rf,ok,,202,50,55,0.308732117555647,0.34,0.3314819809346663,0.3169882972952026,0.36885057471264365,0.36925287356321834,0.34,0.308732117555647,,,,,0.9,0.42,0.24,0.1111111111111111,0.23076923076923078,0.5294117647058824,0.36363636363636365
strict,selection,4,mayo_4class,all,none,pmm,none,catboost,mayo_4class|all|none|pmm|none|catboost,ok,,202,50,55,0.31325700443347504,0.34,0.33102879149092246,0.3154614961418556,0.3393333333333333,0.33525641025641023,0.34,0.31325700443347504,,,,,0.82,0.5,0.16,0.1111111111111111,0.3076923076923077,0.47058823529411764,0.36363636363636365
strict,selection,4,mayo_4class,all,none,pmm,none,stacking,mayo_4class|all|none|pmm|none|stacking,ok,,202,50,55,0.41562685680332734,0.4,0.35797940797940797,0.36406048906048905,0.3373684210526316,0.34078947368421053,0.4,0.41562685680332734,,,,,0.82,0.38,0.22,0.5555555555555556,0.0,0.47058823529411764,0.6363636363636364
strict,selection,4,mayo_4class,all,none,pmm,tvae,rf,mayo_4class|all|none|pmm|tvae|rf,ok,,404,50,55,0.36592166003930715,0.4,0.38902857142857145,0.3814285714285714,0.47276190476190477,0.49047619047619045,0.4,0.36592166003930715,,,,,0.76,0.44,0.16,0.2222222222222222,0.23076923076923078,0.6470588235294118,0.36363636363636365
strict,selection,4,mayo_4class,all,none,pmm,tvae,catboost,mayo_4class|all|none|pmm|tvae|catboost,ok,,404,50,55,0.34905617258558436,0.36,0.35904467049977884,0.35330974495061185,0.3628787878787879,0.36174242424242425,0.36,0.34905617258558436,,,,,0.86,0.44,0.2,0.2222222222222222,0.3076923076923077,0.4117647058823529,0.45454545454545453
strict,selection,4,mayo_4class,all,none,pmm,tvae,stacking,mayo_4class|all|none|pmm|tvae|stacking,ok,,404,50,55,0.47754696284108045,0.42,0.3736815358554489,0.40423646401907276,0.41647058823529415,0.4156862745098039,0.42,0.47754696284108045,,,,,0.78,0.38,0.2,0.6666666666666666,0.3076923076923077,0.11764705882352941,0.8181818181818182
strict,selection,4,mayo_4class,all,none,gain,none,rf,mayo_4class|all|none|gain|none|rf,ok,,202,50,55,0.3653960418666301,0.4,0.3871603250550619,0.3693134351029088,0.41048412698412695,0.4066468253968254,0.4,0.3653960418666301,,,,,0.78,0.42,0.18,0.1111111111111111,0.3076923076923077,0.5882352941176471,0.45454545454545453
strict,selection,4,mayo_4class,all,none,gain,none,catboost,mayo_4class|all|none|gain|none|catboost,ok,,202,50,55,0.3880433292197998,0.4,0.39898717948717943,0.3963141025641026,0.4068903318903319,0.4133297258297258,0.4,0.3880433292197998,,,,,0.74,0.46,0.14,0.3333333333333333,0.38461538461538464,0.47058823529411764,0.36363636363636365
strict,selection,4,mayo_4class,all,none,gain,none,stacking,mayo_4class|all|none|gain|none|stacking,ok,,202,50,55,0.44656977009918186,0.44,0.44,0.44656977009918186,0.44,0.44656977009918186,0.44,0.44656977009918186,,,,,0.68,0.44,0.12,0.4444444444444444,0.38461538461538464,0.4117647058823529,0.5454545454545454
strict,selection,4,mayo_4class,all,none,gain,tvae,rf,mayo_4class|all|none|gain|tvae|rf,ok,,404,50,55,0.3461652726358609,0.38,0.3586796536796537,0.34604978354978355,0.41939964157706094,0.43828405017921146,0.38,0.3461652726358609,,,,,0.78,0.46,0.16,0.1111111111111111,0.23076923076923078,0.5882352941176471,0.45454545454545453
strict,selection,4,mayo_4class,all,none,gain,tvae,catboost,mayo_4class|all|none|gain|tvae|catboost,ok,,404,50,55,0.3292997851821381,0.34,0.33583333333333326,0.3278700466200466,0.33308270676691726,0.32794836742205163,0.34,0.3292997851821381,,,,,0.88,0.44,0.22,0.1111111111111111,0.3076923076923077,0.35294117647058826,0.5454545454545454
strict,selection,4,mayo_4class,all,none,gain,tvae,stacking,mayo_4class|all|none|gain|tvae|stacking,ok,,404,50,55,0.40942227706933587,0.38,0.33454094913327653,0.35419721511793123,0.5938095238095239,0.5297619047619048,0.38,0.40942227706933587,,,,,0.82,0.42,0.2,0.2222222222222222,0.5384615384615384,0.058823529411764705,0.8181818181818182
strict,selection,4,mayo_4class,all,none,mice,none,rf,mayo_4class|all|none|mice|none|rf,ok,,202,50,55,0.39874994286758997,0.42,0.4032620320855615,0.39906417112299464,0.42518518518518517,0.4351851851851852,0.42,0.39874994286758997,,,,,0.7,0.46,0.12,0.4444444444444444,0.23076923076923078,0.6470588235294118,0.2727272727272727
strict,selection,4,mayo_4class,all,none,mice,none,catboost,mayo_4class|all|none|mice|none|catboost,ok,,202,50,55,0.2808743544037662,0.3,0.2928622668579627,0.28361245999337825,0.30392857142857144,0.3046016483516483,0.3,0.2808743544037662,,,,,0.86,0.54,0.16,0.2222222222222222,0.3076923076923077,0.4117647058823529,0.18181818181818182
strict,selection,4,mayo_4class,all,none,mice,none,stacking,mayo_4class|all|none|mice|none|stacking,ok,,202,50,55,0.40247497600438775,0.38,0.3567619047619048,0.36904761904761907,0.3513650793650794,0.35793650793650794,0.38,0.40247497600438775,,,,,0.74,0.5,0.12,0.6666666666666666,0.07692307692307693,0.4117647058823529,0.45454545454545453
strict,selection,4,mayo_4class,all,none,mice,tvae,rf,mayo_4class|all|none|mice|tvae|rf,ok,,404,50,55,0.29671145847616437,0.34,0.2912171661117277,0.275952645209027,0.3483333333333333,0.35416666666666663,0.34,0.29671145847616437,,,,,0.84,0.48,0.18,0.2222222222222222,0.07692307692307693,0.7058823529411765,0.18181818181818182
strict,selection,4,mayo_4class,all,none,mice,tvae,catboost,mayo_4class|all|none|mice|tvae|catboost,ok,,404,50,55,0.31830750948398007,0.34,0.3365242165242165,0.3236970001675884,0.3529220779220779,0.34983766233766234,0.34,0.31830750948398007,,,,,0.8,0.52,0.14,0.2222222222222222,0.3076923076923077,0.47058823529411764,0.2727272727272727
strict,selection,4,mayo_4class,all,none,mice,tvae,stacking,mayo_4class|all|none|mice|tvae|stacking,ok,,404,50,55,0.43720005484711366,0.4,0.3429318394024276,0.36881419234360413,0.5954166666666666,0.5364583333333333,0.4,0.43720005484711366,,,,,0.78,0.42,0.18,0.3333333333333333,0.5384615384615384,0.058823529411764705,0.8181818181818182
strict,selection,4,mayo_4class,all,none,softimpute,none,rf,mayo_4class|all|none|softimpute|none|rf,ok,,202,50,55,0.32712875359934185,0.38,0.33620047119297497,0.3008138787748983,0.37765804597701147,0.36224856321839083,0.38,0.32712875359934185,,,,,0.74,0.5,0.12,0.0,0.5384615384615384,0.5882352941176471,0.18181818181818182
strict,selection,4,mayo_4class,all,none,softimpute,none,catboost,mayo_4class|all|none|softimpute|none|catboost,ok,,202,50,55,0.26943644590703414,0.32,0.2806421768707483,0.24870748299319728,0.30291666666666667,0.2864583333333333,0.32,0.26943644590703414,,,,,0.8,0.56,0.12,0.0,0.3076923076923077,0.5882352941176471,0.18181818181818182
strict,selection,4,mayo_4class,all,none,softimpute,none,stacking,mayo_4class|all|none|softimpute|none|stacking,ok,,202,50,55,0.3506901595136889,0.38,0.3853467240554758,0.36792603220149844,0.4253787878787879,0.420770202020202,0.38,0.3506901595136889,,,,,0.78,0.46,0.16,0.1111111111111111,0.3076923076923077,0.5294117647058824,0.45454545454545453
strict,selection,4,mayo_4class,all,none,softimpute,tvae,rf,mayo_4class|all|none|softimpute|tvae|rf,ok,,404,50,55,0.25586178527354997,0.32,0.24327588662583677,0.2110098276598775,0.3169047619047619,0.30654761904761907,0.32,0.25586178527354997,,,,,0.86,0.5,0.18,0.0,0.07692307692307693,0.7647058823529411,0.18181818181818182
strict,selection,4,mayo_4class,all,none,softimpute,tvae,catboost,mayo_4class|all|none|softimpute|tvae|catboost,ok,,404,50,55,0.35335252982311804,0.4,0.38813953488372094,0.35666368515205726,0.4267692307692308,0.4115384615384616,0.4,0.35335252982311804,,,,,0.76,0.44,0.16,0.0,0.46153846153846156,0.5882352941176471,0.36363636363636365
strict,selection,4,mayo_4class,all,none,softimpute,tvae,stacking,mayo_4class|all|none|softimpute|tvae|stacking,ok,,404,50,55,0.4179692856163445,0.38,0.3295952380952381,0.35684523809523805,0.3641885964912281,0.36540570175438597,0.38,0.4179692856163445,,,,,0.82,0.48,0.14,0.3333333333333333,0.46153846153846156,0.058823529411764705,0.8181818181818182
strict,selection,4,mayo_4class,all,none,raw,none,catboost,mayo_4class|all|none|raw|none|catboost,ok,,202,50,55,0.2537021801727684,0.3,0.2712918660287081,0.23803827751196172,0.2662037037037037,0.24189814814814814,0.3,0.2537021801727684,,,,,0.94,0.48,0.22,0.0,0.15384615384615385,0.5882352941176471,0.2727272727272727
strict,selection,4,mayo_4class,drop_gt70_missing,none,mean,none,rf,mayo_4class|drop_gt70_missing|none|mean|none|rf,ok,,202,50,47,0.39985831162301755,0.44,0.42700680272108843,0.4141156462585034,0.5055000000000001,0.51875,0.44,0.39985831162301755,,,,,0.7,0.42,0.14,0.2222222222222222,0.3076923076923077,0.7058823529411765,0.36363636363636365
strict,selection,4,mayo_4class,drop_gt70_missing,none,mean,none,catboost,mayo_4class|drop_gt70_missing|none|mean|none|catboost,ok,,202,50,47,0.3517185428950135,0.38,0.36926161557740506,0.3506844033159823,0.3736363636363636,0.36590909090909096,0.38,0.3517185428950135,,,,,0.82,0.42,0.2,0.1111111111111111,0.46153846153846156,0.47058823529411764,0.36363636363636365
strict,selection,4,mayo_4class,drop_gt70_missing,none,mean,none,stacking,mayo_4class|drop_gt70_missing|none|mean|none|stacking,ok,,202,50,47,0.3843525755290461,0.38,0.35750132908027643,0.36031366294524186,0.3569084249084249,0.3585248085248085,0.38,0.3843525755290461,,,,,0.8,0.44,0.18,0.4444444444444444,0.07692307692307693,0.47058823529411764,0.5454545454545454
strict,selection,4,mayo_4class,drop_gt70_missing,none,mean,tvae,rf,mayo_4class|drop_gt70_missing|none|mean|tvae|rf,ok,,404,50,47,0.3931738196444079,0.42,0.420068330362448,0.4115790255496138,0.4717460317460318,0.4801587301587301,0.42,0.3931738196444079,,,,,0.74,0.42,0.16,0.2222222222222222,0.3076923076923077,0.5882352941176471,0.45454545454545453
strict,selection,4,mayo_4class,drop_gt70_missing,none,mean,tvae,catboost,mayo_4class|drop_gt70_missing|none|mean|tvae|catboost,ok,,404,50,47,0.37333744686685866,0.38,0.38022222222222224,0.3767094017094017,0.3830409356725146,0.3827035537561853,0.38,0.37333744686685866,,,,,0.84,0.44,0.18,0.3333333333333333,0.38461538461538464,0.4117647058823529,0.36363636363636365
strict,selection,4,mayo_4class,drop_gt70_missing,none,mean,tvae,stacking,mayo_4class|drop_gt70_missing|none|mean|tvae|stacking,ok,,404,50,47,0.5042735042735043,0.44,0.35041904761904763,0.39261904761904765,0.30473684210526314,0.3355263157894737,0.44,0.5042735042735043,,,,,0.78,0.36,0.2,0.5555555555555556,0.46153846153846156,0.0,1.0
strict,selection,4,mayo_4class,drop_gt70_missing,none,pmm,none,rf,mayo_4class|drop_gt70_missing|none|pmm|none|rf,ok,,202,50,47,0.4800036564742447,0.48,0.4766666666666666,0.4821428571428571,0.5088975155279504,0.520898033126294,0.48,0.4800036564742447,,,,,0.62,0.42,0.1,0.5555555555555556,0.23076923076923078,0.5882352941176471,0.5454545454545454
strict,selection,4,mayo_4class,drop_gt70_missing,none,pmm,none,catboost,mayo_4class|drop_gt70_missing|none|pmm|none|catboost,ok,,202,50,47,0.38648932766579824,0.4,0.39798918898663144,0.39120129657214053,0.4046363636363637,0.40340909090909094,0.4,0.38648932766579824,,,,,0.76,0.44,0.16,0.2222222222222222,0.3076923076923077,0.47058823529411764,0.5454545454545454
strict,selection,4,mayo_4class,drop_gt70_missing,none,pmm,none,stacking,mayo_4class|drop_gt70_missing|none|pmm|none|stacking,ok,,202,50,47,0.3781937017231135,0.36,0.3176441102756892,0.32755499860763015,0.29533333333333334,0.3027777777777778,0.36,0.3781937017231135,,,,,0.86,0.42,0.22,0.5555555555555556,0.0,0.4117647058823529,0.5454545454545454
strict,selection,4,mayo_4class,drop_gt70_missing,none,pmm,tvae,rf,mayo_4class|drop_gt70_missing|none|pmm|tvae|rf,ok,,404,50,47,0.3274601215777686,0.36,0.3338948912898493,0.32384620514872614,0.38987499999999997,0.3984375,0.36,0.3274601215777686,,,,,0.8,0.48,0.16,0.2222222222222222,0.07692307692307693,0.6470588235294118,0.36363636363636365
strict,selection,4,mayo_4class,drop_gt70_missing,none,pmm,tvae,catboost,mayo_4class|drop_gt70_missing|none|pmm|tvae|catboost,ok,,404,50,47,0.3910142145436263,0.4,0.4028714596949891,0.3986383442265795,0.40978696741854637,0.41055764411027573,0.4,0.3910142145436263,,,,,0.78,0.42,0.18,0.2222222222222222,0.38461538461538464,0.4117647058823529,0.5454545454545454
strict,selection,4,mayo_4class,drop_gt70_missing,none,pmm,tvae,stacking,mayo_4class|drop_gt70_missing|none|pmm|tvae|stacking,ok,,404,50,47,0.46602906897024543,0.42,0.3988256157635468,0.41487684729064045,0.5273333333333333,0.4916666666666667,0.42,0.46602906897024543,,,,,0.88,0.34,0.24,0.6666666666666666,0.38461538461538464,0.17647058823529413,0.6363636363636364
strict,selection,4,mayo_4class,drop_gt70_missing,none,gain,none,rf,mayo_4class|drop_gt70_missing|none|gain|none|rf,ok,,202,50,47,0.3806275423922483,0.42,0.4023376623376623,0.38961038961038963,0.4662795698924731,0.4801075268817205,0.42,0.3806275423922483,,,,,0.72,0.44,0.14,0.2222222222222222,0.23076923076923078,0.7058823529411765,0.36363636363636365
strict,selection,4,mayo_4class,drop_gt70_missing,none,gain,none,catboost,mayo_4class|drop_gt70_missing|none|gain|none|catboost,ok,,202,50,47,0.37949632067279127,0.4,0.40292176386913225,0.38573968705547657,0.4115959595959596,0.3974747474747475,0.4,0.37949632067279127,,,,,0.88,0.36,0.24,0.2222222222222222,0.46153846153846156,0.47058823529411764,0.36363636363636365
strict,selection,4,mayo_4class,drop_gt70_missing,none,gain,none,stacking,mayo_4class|drop_gt70_missing|none|gain|none|stacking,ok,,202,50,47,0.42889300242241424,0.42,0.4282539682539682,0.42569249922191094,0.4782142857142857,0.4714927637721755,0.42,0.42889300242241424,,,,,0.82,0.36,0.22,0.5555555555555556,0.38461538461538464,0.4117647058823529,0.36363636363636365
strict,selection,4,mayo_4class,drop_gt70_missing,none,gain,tvae,rf,mayo_4class|drop_gt70_missing|none|gain|tvae|rf,ok,,404,50,47,0.37341743224096163,0.4,0.39287103594080336,0.3788935870331219,0.40991452991452987,0.405982905982906,0.4,0.37341743224096163,,,,,0.8,0.4,0.2,0.1111111111111111,0.3076923076923077,0.5294117647058824,0.5454545454545454
strict,selection,4,mayo_4class,drop_gt70_missing,none,gain,tvae,catboost,mayo_4class|drop_gt70_missing|none|gain|tvae|catboost,ok,,404,50,47,0.4147698706522236,0.42,0.42052910052910053,0.4162776221599751,0.42200000000000004,0.41879084967320257,0.42,0.4147698706522236,,,,,0.8,0.38,0.2,0.2222222222222222,0.5384615384615384,0.35294117647058826,0.5454545454545454
strict,selection,4,mayo_4class,drop_gt70_missing,none,gain,tvae,stacking,mayo_4class|drop_gt70_missing|none|gain|tvae|stacking,ok,,404,50,47,0.49164724164724166,0.42,0.3507843137254902,0.3946078431372549,0.32760279720279717,0.3602097902097902,0.42,0.49164724164724166,,,,,0.92,0.3,0.28,0.7777777777777778,0.46153846153846156,0.0,0.7272727272727273
strict,selection,4,mayo_4class,drop_gt70_missing,none,mice,none,rf,mayo_4class|drop_gt70_missing|none|mice|none|rf,ok,,202,50,47,0.36087115498880207,0.4,0.38650179755083697,0.3632632569374228,0.4047032967032967,0.3950549450549451,0.4,0.36087115498880207,,,,,0.74,0.46,0.14,0.1111111111111111,0.23076923076923078,0.6470588235294118,0.45454545454545453
strict,selection,4,mayo_4class,drop_gt70_missing,none,mice,none,catboost,mayo_4class|drop_gt70_missing|none|mice|none|catboost,ok,,202,50,47,0.2870332282096988,0.32,0.3064792231255646,0.2839035682023487,0.3199047619047619,0.30833333333333335,0.32,0.2870332282096988,,,,,0.86,0.5,0.18,0.1111111111111111,0.38461538461538464,0.47058823529411764,0.18181818181818182
strict,selection,4,mayo_4class,drop_gt70_missing,none,mice,none,stacking,mayo_4class|drop_gt70_missing|none|mice|none|stacking,ok,,202,50,47,0.33948078065725124,0.36,0.36611111111111116,0.3486111111111111,0.37709728867623604,0.3628389154704944,0.36,0.33948078065725124,,,,,0.8,0.48,0.16,0.1111111111111111,0.23076923076923078,0.47058823529411764,0.5454545454545454
strict,selection,4,mayo_4class,drop_gt70_missing,none,mice,tvae,rf,mayo_4class|drop_gt70_missing|none|mice|tvae|rf,ok,,404,50,47,0.2849764614470497,0.32,0.2969721675904405,0.2811728946897908,0.3225,0.32291666666666663,0.32,0.2849764614470497,,,,,0.88,0.48,0.2,0.1111111111111111,0.07692307692307693,0.5882352941176471,0.36363636363636365
strict,selection,4,mayo_4class,drop_gt70_missing,none,mice,tvae,catboost,mayo_4class|drop_gt70_missing|none|mice|tvae|catboost,ok,,404,50,47,0.3829928241692948,0.4,0.3993799682034976,0.388085483673719,0.4032222222222222,0.397542735042735,0.4,0.3829928241692948,,,,,0.8,0.42,0.18,0.2222222222222222,0.38461538461538464,0.47058823529411764,0.45454545454545453
strict,selection,4,mayo_4class,drop_gt70_missing,none,mice,tvae,stacking,mayo_4class|drop_gt70_missing|none|mice|tvae|stacking,ok,,404,50,47,0.3890831390831391,0.34,0.28188374384236453,0.31763546798029557,0.24485902255639097,0.27361372180451127,0.34,0.3890831390831391,,,,,0.88,0.46,0.2,0.4444444444444444,0.38461538461538464,0.0,0.7272727272727273
strict,selection,4,mayo_4class,drop_gt70_missing,none,softimpute,none,rf,mayo_4class|drop_gt70_missing|none|softimpute|none|rf,ok,,202,50,47,0.34430275606746197,0.4,0.3669653948535936,0.33440550133096714,0.4075,0.39375000000000004,0.4,0.34430275606746197,,,,,0.74,0.46,0.14,0.0,0.3076923076923077,0.7058823529411765,0.36363636363636365
strict,selection,4,mayo_4class,drop_gt70_missing,none,softimpute,none,catboost,mayo_4class|drop_gt70_missing|none|softimpute|none|catboost,ok,,202,50,47,0.3097605009369715,0.34,0.3345238095238095,0.3163919413919414,0.3665142857142857,0.3618681318681318,0.34,0.3097605009369715,,,,,0.84,0.48,0.18,0.1111111111111111,0.38461538461538464,0.47058823529411764,0.2727272727272727
strict,selection,4,mayo_4class,drop_gt70_missing,none,softimpute,none,stacking,mayo_4class|drop_gt70_missing|none|softimpute|none|stacking,ok,,202,50,47,0.3813588372411902,0.38,0.39426114693849246,0.3937660356424658,0.42788429406850453,0.4276576858813701,0.38,0.3813588372411902,,,,,0.86,0.38,0.24,0.3333333333333333,0.38461538461538464,0.35294117647058826,0.45454545454545453
strict,selection,4,mayo_4class,drop_gt70_missing,none,softimpute,tvae,rf,mayo_4class|drop_gt70_missing|none|softimpute|tvae|rf,ok,,404,50,47,0.2750925545043192,0.34,0.2791213327436238,0.24428718855963436,0.38716666666666666,0.3729166666666667,0.34,0.2750925545043192,,,,,0.86,0.46,0.2,0.0,0.15384615384615385,0.7647058823529411,0.18181818181818182
strict,selection,4,mayo_4class,drop_gt70_missing,none,softimpute,tvae,catboost,mayo_4class|drop_gt70_missing|none|softimpute|tvae|catboost,ok,,404,50,47,0.2833196215549157,0.3,0.2960683760683761,0.2863247863247863,0.31088617265087853,0.30891902215431627,0.3,0.2833196215549157,,,,,0.92,0.48,0.22,0.0,0.38461538461538464,0.29411764705882354,0.45454545454545453
strict,selection,4,mayo_4class,drop_gt70_missing,none,softimpute,tvae,stacking,mayo_4class|drop_gt70_missing|none|softimpute|tvae|stacking,ok,,404,50,47,0.43958818958818957,0.38,0.32366666666666666,0.37083333333333335,0.28502828054298646,0.32473133484162897,0.38,0.43958818958818957,,,,,0.8,0.44,0.18,0.5555555555555556,0.38461538461538464,0.0,0.8181818181818182
strict,selection,4,mayo_4class,drop_gt70_missing,none,raw,none,catboost,mayo_4class|drop_gt70_missing|none|raw|none|catboost,ok,,202,50,47,0.3512157776863659,0.38,0.37043107769423556,0.35194235588972433,0.3934285714285714,0.3821428571428571,0.38,0.3512157776863659,,,,,0.82,0.44,0.18,0.2222222222222222,0.23076923076923078,0.5882352941176471,0.36363636363636365
strict,selection,5,mayo_4class,all,none,mean,none,rf,mayo_4class|all|none|mean|none|rf,ok,,201,51,55,0.3552836052836053,0.4117647058823529,0.3798877499717836,0.34757718472004184,0.416034155597723,0.4092741935483871,0.4117647058823529,0.3552836052836053,,,,,0.8235294117647058,0.37254901960784315,0.21568627450980393,0.1111111111111111,0.46153846153846156,0.6666666666666666,0.18181818181818182
strict,selection,5,mayo_4class,all,none,mean,none,catboost,mayo_4class|all|none|mean|none|catboost,ok,,201,51,55,0.432012432012432,0.49019607843137253,0.46767393826217357,0.42984792984792985,0.4774402068519715,0.4593406593406594,0.49019607843137253,0.432012432012432,,,,,0.6666666666666666,0.37254901960784315,0.13725490196078433,0.1111111111111111,0.38461538461538464,0.7777777777777778,0.45454545454545453
strict,selection,5,mayo_4class,all,none,mean,none,stacking,mayo_4class|all|none|mean|none|stacking,ok,,201,51,55,0.4787296037296037,0.47058823529411764,0.46677559912854033,0.4652777777777778,0.4861726508785332,0.4814935064935065,0.47058823529411764,0.4787296037296037,,,,,0.7450980392156863,0.3333333333333333,0.19607843137254902,0.6666666666666666,0.38461538461538464,0.5,0.36363636363636365
strict,selection,5,mayo_4class,all,none,mean,tvae,rf,mayo_4class|all|none|mean|tvae|rf,ok,,402,51,55,0.3082750582750583,0.3333333333333333,0.3235332436668238,0.3125610709400039,0.3403921568627451,0.3466666666666667,0.3333333333333333,0.3082750582750583,,,,,0.8431372549019608,0.5098039215686274,0.1568627450980392,0.2222222222222222,0.38461538461538464,0.4444444444444444,0.18181818181818182
strict,selection,5,mayo_4class,all,none,mean,tvae,catboost,mayo_4class|all|none|mean|tvae|catboost,ok,,402,51,55,0.3975330225330226,0.43137254901960786,0.420318777412203,0.3938141349906056,0.4423460612315101,0.4267543859649122,0.43137254901960786,0.3975330225330226,,,,,0.7843137254901961,0.37254901960784315,0.19607843137254902,0.1111111111111111,0.6153846153846154,0.5,0.36363636363636365
strict,selection,5,mayo_4class,all,none,mean,tvae,stacking,mayo_4class|all|none|mean|tvae|stacking,ok,,402,51,55,0.426961926961927,0.35294117647058826,0.27800315528510255,0.3290229885057471,0.236283382131133,0.2764140271493213,0.35294117647058826,0.426961926961927,,,,,0.9019607843137255,0.43137254901960786,0.21568627450980393,0.7777777777777778,0.38461538461538464,0.0,0.5454545454545454
strict,selection,5,mayo_4class,all,none,pmm,none,rf,mayo_4class|all|none|pmm|none|rf,ok,,201,51,55,0.3360528360528361,0.37254901960784315,0.35694484690427897,0.3344211822660098,0.37181372549019603,0.365625,0.37254901960784315,0.3360528360528361,,,,,0.8431372549019608,0.43137254901960786,0.19607843137254902,0.2222222222222222,0.38461538461538464,0.5555555555555556,0.18181818181818182
strict,selection,5,mayo_4class,all,none,pmm,none,catboost,mayo_4class|all|none|pmm|none|catboost,ok,,201,51,55,0.43036130536130535,0.45098039215686275,0.4410460029412744,0.42943860481374213,0.45558667911609085,0.45575396825396824,0.45098039215686275,0.43036130536130535,,,,,0.7843137254901961,0.3333333333333333,0.21568627450980393,0.3333333333333333,0.6153846153846154,0.5,0.2727272727272727
strict,selection,5,mayo_4class,all,none,pmm,none,stacking,mayo_4class|all|none|pmm|none|stacking,ok,,201,51,55,0.39355089355089357,0.37254901960784315,0.3877742484553629,0.38266119845067215,0.46830065359477124,0.44166666666666665,0.37254901960784315,0.39355089355089357,,,,,0.9607843137254902,0.39215686274509803,0.23529411764705882,0.5555555555555556,0.23076923076923078,0.3333333333333333,0.45454545454545453
strict,selection,5,mayo_4class,all,none,pmm,tvae,rf,mayo_4class|all|none|pmm|tvae|rf,ok,,402,51,55,0.3569347319347319,0.39215686274509803,0.3778533635676493,0.36502267573696145,0.4165537182614982,0.4220430107526882,0.39215686274509803,0.3569347319347319,,,,,0.7450980392156863,0.47058823529411764,0.13725490196078433,0.2222222222222222,0.23076923076923078,0.6111111111111112,0.36363636363636365
strict,selection,5,mayo_4class,all,none,pmm,tvae,catboost,mayo_4class|all|none|pmm|tvae|catboost,ok,,402,51,55,0.3975330225330226,0.43137254901960786,0.4182336182336182,0.39316239316239315,0.42387543252595156,0.40931372549019607,0.43137254901960786,0.3975330225330226,,,,,0.8627450980392157,0.3137254901960784,0.2549019607843137,0.1111111111111111,0.6153846153846154,0.5,0.36363636363636365
strict,selection,5,mayo_4class,all,none,pmm,tvae,stacking,mayo_4class|all|none|pmm|tvae|stacking,ok,,402,51,55,0.26825951825951827,0.21568627450980393,0.16482523444160274,0.1964009661835749,0.14705882352941177,0.17129629629629628,0.21568627450980393,0.26825951825951827,,,,,1.1764705882352942,0.47058823529411764,0.3137254901960784,0.5555555555555556,0.15384615384615385,0.0,0.36363636363636365
strict,selection,5,mayo_4class,all,none,gain,none,rf,mayo_4class|all|none|gain|none|rf,ok,,201,51,55,0.378010878010878,0.4117647058823529,0.4031782647699603,0.37826797385620914,0.4062261268143621,0.39042207792207795,0.4117647058823529,0.378010878010878,,,,,0.7647058823529411,0.45098039215686275,0.13725490196078433,0.2222222222222222,0.46153846153846156,0.5555555555555556,0.2727272727272727
strict,selection,5,mayo_4class,all,none,gain,none,catboost,mayo_4class|all|none|gain|none|catboost,ok,,201,51,55,0.33634421134421133,0.37254901960784315,0.3640377802973781,0.3346805402976131,0.376844070961718,0.35654761904761906,0.37254901960784315,0.33634421134421133,,,,,0.8627450980392157,0.43137254901960786,0.19607843137254902,0.1111111111111111,0.46153846153846156,0.5,0.2727272727272727
strict,selection,5,mayo_4class,all,none,gain,none,stacking,mayo_4class|all|none|gain|none|stacking,ok,,201,51,55,0.4424048174048174,0.45098039215686275,0.45568690984943977,0.4455014037307056,0.47733426704014936,0.4668154761904762,0.45098039215686275,0.4424048174048174,,,,,0.7647058823529411,0.37254901960784315,0.17647058823529413,0.4444444444444444,0.46153846153846156,0.5,0.36363636363636365
strict,selection,5,mayo_4class,all,none,gain,tvae,rf,mayo_4class|all|none|gain|tvae|rf,ok,,402,51,55,0.44590132090132095,0.47058823529411764,0.4665302963290579,0.45628132832080204,0.47840802987861814,0.48214285714285715,0.47058823529411764,0.44590132090132095,,,,,0.7058823529411765,0.37254901960784315,0.1568627450980392,0.3333333333333333,0.38461538461538464,0.6111111111111112,0.45454545454545453
strict,selection,5,mayo_4class,all,none,gain,tvae,catboost,mayo_4class|all|none|gain|tvae|catboost,ok,,402,51,55,0.34333721833721836,0.35294117647058826,0.35554572706275495,0.3458244971402866,0.3588235294117647,0.3491452991452991,0.35294117647058826,0.34333721833721836,,,,,0.8823529411764706,0.47058823529411764,0.17647058823529413,0.2222222222222222,0.3076923076923077,0.3888888888888889,0.45454545454545453
strict,selection,5,mayo_4class,all,none,gain,tvae,stacking,mayo_4class|all|none|gain|tvae|stacking,ok,,402,51,55,0.36227661227661223,0.3137254901960784,0.2854219948849105,0.3073578595317726,0.34192343604108316,0.3316849816849817,0.3137254901960784,0.36227661227661223,,,,,1.0,0.47058823529411764,0.21568627450980393,0.6666666666666666,0.3076923076923077,0.1111111111111111,0.36363636363636365
strict,selection,5,mayo_4class,all,none,mice,none,rf,mayo_4class|all|none|mice|none|rf,ok,,201,51,55,0.4405594405594406,0.45098039215686275,0.4493843128538859,0.4524615976985228,0.46617647058823525,0.48125,0.45098039215686275,0.4405594405594406,,,,,0.7058823529411765,0.4117647058823529,0.13725490196078433,0.4444444444444444,0.3076923076923077,0.5555555555555556,0.45454545454545453
strict,selection,5,mayo_4class,all,none,mice,none,catboost,mayo_4class|all|none|mice|none|catboost,ok,,201,51,55,0.4178321678321678,0.43137254901960786,0.4305285959433989,0.4276324663699126,0.4541062801932367,0.46339650687476774,0.43137254901960786,0.4178321678321678,,,,,0.7647058823529411,0.39215686274509803,0.17647058823529413,0.4444444444444444,0.3076923076923077,0.5555555555555556,0.36363636363636365
strict,selection,5,mayo_4class,all,none,mice,none,stacking,mayo_4class|all|none|mice|none|stacking,ok,,201,51,55,0.40714840714840717,0.35294117647058826,0.31961722488038274,0.3405103668261563,0.35729847494553374,0.3611111111111111,0.35294117647058826,0.40714840714840717,,,,,1.0,0.37254901960784315,0.27450980392156865,0.8888888888888888,0.15384615384615385,0.2222222222222222,0.36363636363636365
strict,selection,5,mayo_4class,all,none,mice,tvae,rf,mayo_4class|all|none|mice|tvae|rf,ok,,402,51,55,0.4907731157731158,0.5098039215686274,0.5014975346863891,0.5145029239766081,0.571953781512605,0.613467261904762,0.5098039215686274,0.4907731157731158,,,,,0.6078431372549019,0.39215686274509803,0.09803921568627451,0.5555555555555556,0.23076923076923078,0.7222222222222222,0.45454545454545453
strict,selection,5,mayo_4class,all,none,mice,tvae,catboost,mayo_4class|all|none|mice|tvae|catboost,ok,,402,51,55,0.39034576534576537,0.4117647058823529,0.4113248808295248,0.40717418546365913,0.438903743315508,0.45321969696969694,0.4117647058823529,0.39034576534576537,,,,,0.7647058823529411,0.43137254901960786,0.1568627450980392,0.2222222222222222,0.38461538461538464,0.5,0.45454545454545453
strict,selection,5,mayo_4class,all,none,mice,tvae,stacking,mayo_4class|all|none|mice|tvae|stacking,ok,,402,51,55,0.4825174825174825,0.4117647058823529,0.37041773231031544,0.4057971014492754,0.41432225063938616,0.42028985507246375,0.4117647058823529,0.4825174825174825,,,,,0.8627450980392157,0.37254901960784315,0.21568627450980393,0.8888888888888888,0.38461538461538464,0.1111111111111111,0.5454545454545454
strict,selection,5,mayo_4class,all,none,softimpute,none,rf,mayo_4class|all|none|softimpute|none|rf,ok,,201,51,55,0.401029526029526,0.39215686274509803,0.3949827405709759,0.41012806637806637,0.4227137913989125,0.44674369747899156,0.39215686274509803,0.401029526029526,,,,,0.803921568627451,0.43137254901960786,0.17647058823529413,0.3333333333333333,0.5384615384615384,0.2777777777777778,0.45454545454545453
strict,selection,5,mayo_4class,all,none,softimpute,none,catboost,mayo_4class|all|none|softimpute|none|catboost,ok,,201,51,55,0.30506993006993005,0.3137254901960784,0.30249710729586893,0.29702950558213714,0.3472829131652661,0.3497619047619048,0.3137254901960784,0.30506993006993005,,,,,0.8823529411764706,0.5294117647058824,0.1568627450980392,0.2222222222222222,0.5384615384615384,0.2777777777777778,0.18181818181818182
strict,selection,5,mayo_4class,all,none,softimpute,none,stacking,mayo_4class|all|none|softimpute|none|stacking,ok,,201,51,55,0.2928321678321678,0.2549019607843137,0.23092546976714948,0.25556742877920996,0.25272331154684097,0.26111111111111107,0.2549019607843137,0.2928321678321678,,,,,0.9803921568627451,0.5294117647058824,0.21568627450980393,0.4444444444444444,0.3076923076923077,0.05555555555555555,0.36363636363636365
strict,selection,5,mayo_4class,all,none,softimpute,tvae,rf,mayo_4class|all|none|softimpute|tvae|rf,ok,,402,51,55,0.3238150738150738,0.39215686274509803,0.3318617507855069,0.2971602434077079,0.39477124183006534,0.37916666666666665,0.39215686274509803,0.3238150738150738,,,,,0.7843137254901961,0.43137254901960786,0.17647058823529413,0.0,0.15384615384615385,0.7777777777777778,0.36363636363636365
strict,selection,5,mayo_4class,all,none,softimpute,tvae,catboost,mayo_4class|all|none|softimpute|tvae|catboost,ok,,402,51,55,0.3647047397047397,0.39215686274509803,0.37048768225238815,0.34807692307692306,0.35742663078303216,0.33986928104575165,0.39215686274509803,0.3647047397047397,,,,,0.8235294117647058,0.4117647058823529,0.19607843137254902,0.0,0.6153846153846154,0.3888888888888889,0.45454545454545453
strict,selection,5,mayo_4class,all,none,softimpute,tvae,stacking,mayo_4class|all|none|softimpute|tvae|stacking,ok,,402,51,55,0.3924825174825175,0.35294117647058826,0.32007770850275596,0.3445084485407066,0.38437597261126677,0.38095238095238093,0.35294117647058826,0.3924825174825175,,,,,1.0392156862745099,0.3137254901960784,0.3333333333333333,0.4444444444444444,0.6153846153846154,0.05555555555555555,0.45454545454545453
strict,selection,5,mayo_4class,all,none,raw,none,catboost,mayo_4class|all|none|raw|none|catboost,ok,,201,51,55,0.3155594405594406,0.35294117647058826,0.34283053735570107,0.3162301101591187,0.34683006535947714,0.32958333333333334,0.35294117647058826,0.3155594405594406,,,,,0.8627450980392157,0.45098039215686275,0.19607843137254902,0.0,0.3076923076923077,0.5,0.45454545454545453
strict,selection,5,mayo_4class,drop_gt70_missing,none,mean,none,rf,mayo_4class|drop_gt70_missing|none|mean|none|rf,ok,,201,51,48,0.3641219891219891,0.4117647058823529,0.3896539792387544,0.3644852941176471,0.42352941176470593,0.425,0.4117647058823529,0.3641219891219891,,,,,0.7843137254901961,0.4117647058823529,0.17647058823529413,0.1111111111111111,0.46153846153846156,0.6111111111111112,0.2727272727272727
strict,selection,5,mayo_4class,drop_gt70_missing,none,mean,none,catboost,mayo_4class|drop_gt70_missing|none|mean|none|catboost,ok,,201,51,48,0.41812354312354316,0.43137254901960786,0.43551198257080614,0.4308760683760684,0.4553093964858671,0.4603313353313353,0.43137254901960786,0.41812354312354316,,,,,0.8235294117647058,0.35294117647058826,0.21568627450980393,0.3333333333333333,0.38461538461538464,0.5,0.45454545454545453
strict,selection,5,mayo_4class,drop_gt70_missing,none,mean,none,stacking,mayo_4class|drop_gt70_missing|none|mean|none|stacking,ok,,201,51,48,0.4964063714063714,0.47058823529411764,0.4826047963044867,0.4863173558897243,0.54796918767507,0.5401785714285714,0.47058823529411764,0.4964063714063714,,,,,0.8627450980392157,0.2549019607843137,0.27450980392156865,0.6666666666666666,0.38461538461538464,0.3888888888888889,0.5454545454545454
strict,selection,5,mayo_4class,drop_gt70_missing,none,mean,tvae,rf,mayo_4class|drop_gt70_missing|none|mean|tvae|rf,ok,,402,51,48,0.4172494172494173,0.45098039215686275,0.4061002869516286,0.40121646142733824,0.5104575163398692,0.5305555555555556,0.45098039215686275,0.4172494172494173,,,,,0.6862745098039216,0.43137254901960786,0.11764705882352941,0.5555555555555556,0.15384615384615385,0.7777777777777778,0.18181818181818182
strict,selection,5,mayo_4class,drop_gt70_missing,none,mean,tvae,catboost,mayo_4class|drop_gt70_missing|none|mean|tvae|catboost,ok,,402,51,48,0.396950271950272,0.43137254901960786,0.41576490245220893,0.39195103142471566,0.44019607843137254,0.4299679487179487,0.43137254901960786,0.396950271950272,,,,,0.8431372549019608,0.35294117647058826,0.21568627450980393,0.3333333333333333,0.46153846153846156,0.6111111111111112,0.18181818181818182
strict,selection,5,mayo_4class,drop_gt70_missing,none,mean,tvae,stacking,mayo_4class|drop_gt70_missing|none|mean|tvae|stacking,ok,,402,51,48,0.32731157731157734,0.2549019607843137,0.1819650264932268,0.22352818805908048,0.16078807001727896,0.19228927203065133,0.2549019607843137,0.32731157731157734,,,,,1.1176470588235294,0.45098039215686275,0.29411764705882354,0.7777777777777778,0.07692307692307693,0.0,0.45454545454545453
strict,selection,5,mayo_4class,drop_gt70_missing,none,pmm,none,rf,mayo_4class|drop_gt70_missing|none|pmm|none|rf,ok,,201,51,48,0.3830613830613831,0.4117647058823529,0.39740896358543415,0.38244047619047616,0.41092436974789914,0.4113095238095238,0.4117647058823529,0.3830613830613831,,,,,0.8235294117647058,0.39215686274509803,0.19607843137254902,0.3333333333333333,0.46153846153846156,0.5555555555555556,0.18181818181818182
strict,selection,5,mayo_4class,drop_gt70_missing,none,pmm,none,catboost,mayo_4class|drop_gt70_missing|none|pmm|none|catboost,ok,,201,51,48,0.3918997668997669,0.4117647058823529,0.40664784963881934,0.39733779690738086,0.42137072220192423,0.4237189440993789,0.4117647058823529,0.3918997668997669,,,,,0.8235294117647058,0.39215686274509803,0.19607843137254902,0.3333333333333333,0.46153846153846156,0.5,0.2727272727272727
strict,selection,5,mayo_4class,drop_gt70_missing,none,pmm,none,stacking,mayo_4class|drop_gt70_missing|none|pmm|none|stacking,ok,,201,51,48,0.44774669774669773,0.4117647058823529,0.39492900608519277,0.4146551724137931,0.40631065557536145,0.411395202020202,0.4117647058823529,0.44774669774669773,,,,,0.8431372549019608,0.37254901960784315,0.21568627450980393,0.6666666666666666,0.5384615384615384,0.2222222222222222,0.36363636363636365
strict,selection,5,mayo_4class,drop_gt70_missing,none,pmm,tvae,rf,mayo_4class|drop_gt70_missing|none|pmm|tvae|rf,ok,,402,51,48,0.44366744366744365,0.49019607843137253,0.46203404438698553,0.4453296703296703,0.5365518756522216,0.5434173669467787,0.49019607843137253,0.44366744366744365,,,,,0.6666666666666666,0.37254901960784315,0.13725490196078433,0.4444444444444444,0.46153846153846156,0.7777777777777778,0.09090909090909091
strict,selection,5,mayo_4class,drop_gt70_missing,none,pmm,tvae,catboost,mayo_4class|drop_gt70_missing|none|pmm|tvae|catboost,ok,,402,51,48,0.4253108003108004,0.47058823529411764,0.4510892853543623,0.41890277277157006,0.454792351723298,0.4374223602484472,0.47058823529411764,0.4253108003108004,,,,,0.7647058823529411,0.3137254901960784,0.21568627450980393,0.1111111111111111,0.6153846153846154,0.6111111111111112,0.36363636363636365
strict,selection,5,mayo_4class,drop_gt70_missing,none,pmm,tvae,stacking,mayo_4class|drop_gt70_missing|none|pmm|tvae|stacking,ok,,402,51,48,0.4114219114219114,0.37254901960784315,0.3365079365079365,0.35714285714285715,0.46940730837789657,0.43570075757575755,0.37254901960784315,0.4114219114219114,,,,,0.9019607843137255,0.4117647058823529,0.21568627450980393,0.5555555555555556,0.6153846153846154,0.1111111111111111,0.36363636363636365
strict,selection,5,mayo_4class,drop_gt70_missing,none,gain,none,rf,mayo_4class|drop_gt70_missing|none|gain|none|rf,ok,,201,51,48,0.3171134421134421,0.35294117647058826,0.3441695903612521,0.318527105964337,0.3561279584297487,0.3418737060041408,0.35294117647058826,0.3171134421134421,,,,,0.8431372549019608,0.49019607843137253,0.1568627450980392,0.1111111111111111,0.38461538461538464,0.5,0.2727272727272727
strict,selection,5,mayo_4class,drop_gt70_missing,none,gain,none,catboost,mayo_4class|drop_gt70_missing|none|gain|none|catboost,ok,,201,51,48,0.4338578088578089,0.45098039215686275,0.452723311546841,0.4361111111111111,0.4668024785671844,0.45270562770562767,0.45098039215686275,0.4338578088578089,,,,,0.8235294117647058,0.3333333333333333,0.21568627450980393,0.3333333333333333,0.5384615384615384,0.5,0.36363636363636365
strict,selection,5,mayo_4class,drop_gt70_missing,none,gain,none,stacking,mayo_4class|drop_gt70_missing|none|gain|none|stacking,ok,,201,51,48,0.4947552447552448,0.5098039215686274,0.5159071111631163,0.4932746045278014,0.5399159663865546,0.5133928571428572,0.5098039215686274,0.4947552447552448,,,,,0.7647058823529411,0.29411764705882354,0.19607843137254902,0.4444444444444444,0.6153846153846154,0.5555555555555556,0.36363636363636365
strict,selection,5,mayo_4class,drop_gt70_missing,none,gain,tvae,rf,mayo_4class|drop_gt70_missing|none|gain|tvae|rf,ok,,402,51,48,0.2783605283605284,0.35294117647058826,0.2849907792960986,0.24413426387504156,0.35581061692969873,0.3353658536585366,0.35294117647058826,0.2783605283605284,,,,,0.8235294117647058,0.47058823529411764,0.17647058823529413,0.0,0.15384615384615385,0.7777777777777778,0.18181818181818182
strict,selection,5,mayo_4class,drop_gt70_missing,none,gain,tvae,catboost,mayo_4class|drop_gt70_missing|none|gain|tvae|catboost,ok,,402,51,48,0.42851592851592857,0.45098039215686275,0.44761837922513265,0.43544967152457903,0.45492327365728896,0.452445652173913,0.45098039215686275,0.42851592851592857,,,,,0.7058823529411765,0.43137254901960786,0.11764705882352941,0.3333333333333333,0.46153846153846156,0.5555555555555556,0.36363636363636365
strict,selection,5,mayo_4class,drop_gt70_missing,none,gain,tvae,stacking,mayo_4class|drop_gt70_missing|none|gain|tvae|stacking,ok,,402,51,48,0.3764568764568765,0.3137254901960784,0.2517662737258822,0.29547726136931535,0.21778162245290275,0.25269607843137254,0.3137254901960784,0.3764568764568765,,,,,0.9607843137254902,0.49019607843137253,0.19607843137254902,0.6666666666666666,0.38461538461538464,0.0,0.45454545454545453
strict,selection,5,mayo_4class,drop_gt70_missing,none,mice,none,rf,mayo_4class|drop_gt70_missing|none|mice|none|rf,ok,,201,51,48,0.4648407148407149,0.49019607843137253,0.483495614388026,0.4748290013679891,0.5076470588235295,0.5158333333333334,0.49019607843137253,0.4648407148407149,,,,,0.7058823529411765,0.35294117647058826,0.1568627450980392,0.4444444444444444,0.38461538461538464,0.6666666666666666,0.36363636363636365
strict,selection,5,mayo_4class,drop_gt70_missing,none,mice,none,catboost,mayo_4class|drop_gt70_missing|none|mice|none|catboost,ok,,201,51,48,0.3534382284382284,0.37254901960784315,0.3704968618463428,0.35771581359816657,0.39760348583877997,0.3923611111111111,0.37254901960784315,0.3534382284382284,,,,,0.9215686274509803,0.37254901960784315,0.2549019607843137,0.3333333333333333,0.3076923076923077,0.5,0.2727272727272727
strict,selection,5,mayo_4class,drop_gt70_missing,none,mice,none,stacking,mayo_4class|drop_gt70_missing|none|mice|none|stacking,ok,,201,51,48,0.491064491064491,0.43137254901960786,0.4116119174942704,0.4354978354978355,0.47507002801120446,0.47619047619047616,0.43137254901960786,0.491064491064491,,,,,0.8431372549019608,0.3333333333333333,0.23529411764705882,0.8888888888888888,0.3076923076923077,0.2222222222222222,0.5454545454545454
strict,selection,5,mayo_4class,drop_gt70_missing,none,mice,tvae,rf,mayo_4class|drop_gt70_missing|none|mice|tvae|rf,ok,,402,51,48,0.4314296814296814,0.49019607843137253,0.4560609668968802,0.444331983805668,0.6240970072239422,0.6677631578947368,0.49019607843137253,0.4314296814296814,,,,,0.6862745098039216,0.35294117647058826,0.1568627450980392,0.3333333333333333,0.23076923076923078,0.8888888888888888,0.2727272727272727
strict,selection,5,mayo_4class,drop_gt70_missing,none,mice,tvae,catboost,mayo_4class|drop_gt70_missing|none|mice|tvae|catboost,ok,,402,51,48,0.46134421134421133,0.47058823529411764,0.4677756723604474,0.4746440242763772,0.49019607843137253,0.5148809523809523,0.47058823529411764,0.46134421134421133,,,,,0.6666666666666666,0.43137254901960786,0.09803921568627451,0.5555555555555556,0.46153846153846156,0.5555555555555556,0.2727272727272727
strict,selection,5,mayo_4class,drop_gt70_missing,none,mice,tvae,stacking,mayo_4class|drop_gt70_missing|none|mice|tvae|stacking,ok,,402,51,48,0.31186868686868685,0.27450980392156865,0.2582247391710307,0.2681935817805383,0.355052790346908,0.32307692307692304,0.27450980392156865,0.31186868686868685,,,,,1.0196078431372548,0.49019607843137253,0.23529411764705882,0.4444444444444444,0.0,0.16666666666666666,0.6363636363636364
strict,selection,5,mayo_4class,drop_gt70_missing,none,softimpute,none,rf,mayo_4class|drop_gt70_missing|none|softimpute|none|rf,ok,,201,51,48,0.24951437451437453,0.27450980392156865,0.244880174291939,0.22638888888888886,0.265635898628226,0.25790513833992096,0.27450980392156865,0.24951437451437453,,,,,0.9215686274509803,0.5490196078431373,0.17647058823529413,0.0,0.5384615384615384,0.2777777777777778,0.18181818181818182
strict,selection,5,mayo_4class,drop_gt70_missing,none,softimpute,none,catboost,mayo_4class|drop_gt70_missing|none|softimpute|none|catboost,ok,,201,51,48,0.27195027195027194,0.29411764705882354,0.28372189386121277,0.2677731259968102,0.315406162464986,0.3107142857142857,0.29411764705882354,0.27195027195027194,,,,,0.9411764705882353,0.5098039215686274,0.19607843137254902,0.1111111111111111,0.46153846153846156,0.3333333333333333,0.18181818181818182
strict,selection,5,mayo_4class,drop_gt70_missing,none,softimpute,none,stacking,mayo_4class|drop_gt70_missing|none|softimpute|none|stacking,ok,,201,51,48,0.4178321678321678,0.39215686274509803,0.3922310628265609,0.4079564495826953,0.42432306255835667,0.4363095238095238,0.39215686274509803,0.4178321678321678,,,,,0.7843137254901961,0.45098039215686275,0.1568627450980392,0.6666666666666666,0.3076923076923077,0.3333333333333333,0.36363636363636365
strict,selection,5,mayo_4class,drop_gt70_missing,none,softimpute,tvae,rf,mayo_4class|drop_gt70_missing|none|softimpute|tvae|rf,ok,,402,51,48,0.3064296814296814,0.37254901960784315,0.32594856124267885,0.28961038961038965,0.3813593004769475,0.36908783783783783,0.37254901960784315,0.3064296814296814,,,,,0.9019607843137255,0.37254901960784315,0.2549019607843137,0.0,0.23076923076923078,0.7222222222222222,0.2727272727272727
strict,selection,5,mayo_4class,drop_gt70_missing,none,softimpute,tvae,catboost,mayo_4class|drop_gt70_missing|none|softimpute|tvae|catboost,ok,,402,51,48,0.3312937062937063,0.3333333333333333,0.3373537650354259,0.344234360410831,0.3819370172311348,0.40429292929292926,0.3333333333333333,0.3312937062937063,,,,,0.8627450980392157,0.49019607843137253,0.17647058823529413,0.2222222222222222,0.46153846153846156,0.2777777777777778,0.36363636363636365
strict,selection,5,mayo_4class,drop_gt70_missing,none,softimpute,tvae,stacking,mayo_4class|drop_gt70_missing|none|softimpute|tvae|stacking,ok,,402,51,48,0.40423465423465427,0.3333333333333333,0.2659313725490196,0.31676136363636365,0.2301341589267286,0.2715311004784689,0.3333333333333333,0.40423465423465427,,,,,0.9019607843137255,0.47058823529411764,0.19607843137254902,0.7777777777777778,0.38461538461538464,0.0,0.45454545454545453
strict,selection,5,mayo_4class,drop_gt70_missing,none,raw,none,catboost,mayo_4class|drop_gt70_missing|none|raw|none|catboost,ok,,201,51,48,0.4234654234654235,0.47058823529411764,0.46121226268285087,0.4283806471306471,0.4733893557422969,0.4546703296703297,0.47058823529411764,0.4234654234654235,,,,,0.7843137254901961,0.29411764705882354,0.23529411764705882,0.1111111111111111,0.46153846153846156,0.6666666666666666,0.45454545454545453
strict,selection,6,mayo_4class,all,none,mean,none,rf,mayo_4class|all|none|mean|none|rf,ok,,201,51,55,0.41113053613053613,0.45098039215686275,0.4409516977522717,0.41164634146341467,0.43980635732553897,0.4201604554865424,0.45098039215686275,0.41113053613053613,,,,,0.803921568627451,0.35294117647058826,0.19607843137254902,0.2222222222222222,0.5384615384615384,0.6111111111111112,0.2727272727272727
strict,selection,6,mayo_4class,all,none,mean,none,catboost,mayo_4class|all|none|mean|none|catboost,ok,,201,51,55,0.34304584304584307,0.37254901960784315,0.3597682348975991,0.3407355915065723,0.3727357609710551,0.3619047619047619,0.37254901960784315,0.34304584304584307,,,,,0.8823529411764706,0.43137254901960786,0.19607843137254902,0.2222222222222222,0.23076923076923078,0.5555555555555556,0.36363636363636365
strict,selection,6,mayo_4class,all,none,mean,none,stacking,mayo_4class|all|none|mean|none|stacking,ok,,201,51,55,0.4323038073038073,0.4117647058823529,0.4115077755240027,0.41454022988505745,0.43896103896103894,0.4238095238095238,0.4117647058823529,0.4323038073038073,,,,,0.8823529411764706,0.35294117647058826,0.23529411764705882,0.4444444444444444,0.46153846153846156,0.2777777777777778,0.5454545454545454
strict,selection,6,mayo_4class,all,none,mean,tvae,rf,mayo_4class|all|none|mean|tvae|rf,ok,,402,51,55,0.36761849261849266,0.4117647058823529,0.3918508607975092,0.36160661044381975,0.3918954248366013,0.3766666666666667,0.4117647058823529,0.36761849261849266,,,,,0.8235294117647058,0.4117647058823529,0.17647058823529413,0.1111111111111111,0.38461538461538464,0.6111111111111112,0.36363636363636365
strict,selection,6,mayo_4class,all,none,mean,tvae,catboost,mayo_4class|all|none|mean|tvae|catboost,ok,,402,51,55,0.4130730380730381,0.43137254901960786,0.4275799554632111,0.4091408032072994,0.4311882647795961,0.4130639097744361,0.43137254901960786,0.4130730380730381,,,,,0.8627450980392157,0.3137254901960784,0.2549019607843137,0.2222222222222222,0.38461538461538464,0.5,0.5454545454545454
strict,selection,6,mayo_4class,all,none,mean,tvae,stacking,mayo_4class|all|none|mean|tvae|stacking,ok,,402,51,55,0.39413364413364416,0.35294117647058826,0.3286200037236284,0.3469376422899661,0.39172113289760346,0.37777777777777777,0.35294117647058826,0.39413364413364416,,,,,1.0196078431372548,0.3333333333333333,0.3137254901960784,0.4444444444444444,0.38461538461538464,0.1111111111111111,0.6363636363636364
strict,selection,6,mayo_4class,all,none,pmm,none,rf,mayo_4class|all|none|pmm|none|rf,ok,,201,51,55,0.37451437451437447,0.43137254901960786,0.4035294117647059,0.365,0.41230936819172115,0.39583333333333337,0.43137254901960786,0.37451437451437447,,,,,0.7254901960784313,0.43137254901960786,0.13725490196078433,0.1111111111111111,0.5384615384615384,0.6666666666666666,0.18181818181818182
strict,selection,6,mayo_4class,all,none,pmm,none,catboost,mayo_4class|all|none|pmm|none|catboost,ok,,201,51,55,0.43172105672105676,0.45098039215686275,0.44455487474344324,0.43398801726416975,0.45637965331059965,0.45289855072463764,0.45098039215686275,0.43172105672105676,,,,,0.7450980392156863,0.39215686274509803,0.1568627450980392,0.4444444444444444,0.3076923076923077,0.6111111111111112,0.36363636363636365
strict,selection,6,mayo_4class,all,none,pmm,none,stacking,mayo_4class|all|none|pmm|none|stacking,ok,,201,51,55,0.3781080031080031,0.3137254901960784,0.2525952168038146,0.28778007309709197,0.3098039215686274,0.30833333333333335,0.3137254901960784,0.3781080031080031,,,,,1.0196078431372548,0.4117647058823529,0.27450980392156865,0.6666666666666666,0.15384615384615385,0.05555555555555555,0.6363636363636364
strict,selection,6,mayo_4class,all,none,pmm,tvae,rf,mayo_4class|all|none|pmm|tvae|rf,ok,,402,51,55,0.43006993006993005,0.47058823529411764,0.46216051638046524,0.44265010351966877,0.48910675381263613,0.4916666666666666,0.47058823529411764,0.43006993006993005,,,,,0.7647058823529411,0.3333333333333333,0.19607843137254902,0.3333333333333333,0.5384615384615384,0.6666666666666666,0.18181818181818182
strict,selection,6,mayo_4class,all,none,pmm,tvae,catboost,mayo_4class|all|none|pmm|tvae|catboost,ok,,402,51,55,0.3761655011655012,0.39215686274509803,0.3913739854916325,0.37653180153180155,0.4052711993888464,0.39123376623376627,0.39215686274509803,0.3761655011655012,,,,,0.8431372549019608,0.4117647058823529,0.19607843137254902,0.3333333333333333,0.3076923076923077,0.5,0.36363636363636365
strict,selection,6,mayo_4class,all,none,pmm,tvae,stacking,mayo_4class|all|none|pmm|tvae|stacking,ok,,402,51,55,0.2862276612276612,0.2549019607843137,0.22227566888824496,0.23926108374384236,0.3333877995642701,0.3034722222222222,0.2549019607843137,0.2862276612276612,,,,,1.0392156862745099,0.5098039215686274,0.23529411764705882,0.2222222222222222,0.23076923076923078,0.05555555555555555,0.6363636363636364
strict,selection,6,mayo_4class,all,none,gain,none,rf,mayo_4class|all|none|gain|none|rf,ok,,201,51,55,0.30992618492618496,0.37254901960784315,0.3280005019135454,0.2819969885187276,0.30678493619670094,0.27162698412698416,0.37254901960784315,0.30992618492618496,,,,,0.8431372549019608,0.47058823529411764,0.1568627450980392,0.0,0.15384615384615385,0.7222222222222222,0.36363636363636365
strict,selection,6,mayo_4class,all,none,gain,none,catboost,mayo_4class|all|none|gain|none|catboost,ok,,201,51,55,0.2818570318570318,0.3333333333333333,0.2944176252061108,0.2621833839918946,0.28509691232814965,0.2680316091954023,0.3333333333333333,0.2818570318570318,,,,,0.9215686274509803,0.47058823529411764,0.19607843137254902,0.1111111111111111,0.07692307692307693,0.6666666666666666,0.2727272727272727
strict,selection,6,mayo_4class,all,none,gain,none,stacking,mayo_4class|all|none|gain|none|stacking,ok,,201,51,55,0.37966200466200467,0.39215686274509803,0.38501481468233384,0.37559541907367994,0.3849206349206349,0.37797619047619047,0.39215686274509803,0.37966200466200467,,,,,0.8431372549019608,0.43137254901960786,0.17647058823529413,0.3333333333333333,0.23076923076923078,0.5,0.45454545454545453
strict,selection,6,mayo_4class,all,none,gain,tvae,rf,mayo_4class|all|none|gain|tvae|rf,ok,,402,51,55,0.29953379953379955,0.35294117647058826,0.3013415892672859,0.26495215311004783,0.28169934640522876,0.2553030303030303,0.35294117647058826,0.29953379953379955,,,,,0.9607843137254902,0.39215686274509803,0.2549019607843137,0.0,0.07692307692307693,0.6666666666666666,0.45454545454545453
strict,selection,6,mayo_4class,all,none,gain,tvae,catboost,mayo_4class|all|none|gain|tvae|catboost,ok,,402,51,55,0.3013791763791764,0.3333333333333333,0.3263814616755793,0.2993686868686869,0.3273915626856803,0.3042929292929293,0.3333333333333333,0.3013791763791764,,,,,0.9803921568627451,0.4117647058823529,0.2549019607843137,0.1111111111111111,0.23076923076923078,0.5,0.36363636363636365
strict,selection,6,mayo_4class,all,none,gain,tvae,stacking,mayo_4class|all|none|gain|tvae|stacking,ok,,402,51,55,0.4360916860916861,0.4117647058823529,0.4042654163114521,0.4027898550724638,0.5359133126934985,0.48026315789473684,0.4117647058823529,0.4360916860916861,,,,,0.9215686274509803,0.3333333333333333,0.2549019607843137,0.3333333333333333,0.46153846153846156,0.2222222222222222,0.7272727272727273
strict,selection,6,mayo_4class,all,none,mice,none,rf,mayo_4class|all|none|mice|none|rf,ok,,201,51,55,0.3830613830613831,0.43137254901960786,0.40839677047289513,0.37882352941176467,0.4150326797385621,0.40277777777777773,0.43137254901960786,0.3830613830613831,,,,,0.7843137254901961,0.39215686274509803,0.17647058823529413,0.2222222222222222,0.46153846153846156,0.6666666666666666,0.18181818181818182
strict,selection,6,mayo_4class,all,none,mice,none,catboost,mayo_4class|all|none|mice|none|catboost,ok,,201,51,55,0.3096348096348096,0.35294117647058826,0.3200221354750901,0.2927154843630816,0.32147525676937444,0.305952380952381,0.35294117647058826,0.3096348096348096,,,,,0.9215686274509803,0.43137254901960786,0.21568627450980393,0.2222222222222222,0.07692307692307693,0.6666666666666666,0.2727272727272727
strict,selection,6,mayo_4class,all,none,mice,none,stacking,mayo_4class|all|none|mice|none|stacking,ok,,201,51,55,0.44774669774669773,0.43137254901960786,0.43039215686274507,0.42969114219114224,0.45098039215686275,0.4338578088578089,0.43137254901960786,0.44774669774669773,,,,,0.8235294117647058,0.37254901960784315,0.19607843137254902,0.5555555555555556,0.5384615384615384,0.3333333333333333,0.36363636363636365
strict,selection,6,mayo_4class,all,none,mice,tvae,rf,mayo_4class|all|none|mice|tvae|rf,ok,,402,51,55,0.3007964257964258,0.37254901960784315,0.30229990437602894,0.26395173453996984,0.31405228758169934,0.3,0.37254901960784315,0.3007964257964258,,,,,0.8823529411764706,0.43137254901960786,0.19607843137254902,0.1111111111111111,0.07692307692307693,0.8333333333333334,0.18181818181818182
strict,selection,6,mayo_4class,all,none,mice,tvae,catboost,mayo_4class|all|none|mice|tvae|catboost,ok,,402,51,55,0.3749028749028749,0.39215686274509803,0.3880507497116493,0.3654248366013072,0.38888888888888884,0.3611111111111111,0.39215686274509803,0.3749028749028749,,,,,0.9019607843137255,0.39215686274509803,0.21568627450980393,0.1111111111111111,0.3076923076923077,0.4444444444444444,0.6363636363636364
strict,selection,6,mayo_4class,all,none,mice,tvae,stacking,mayo_4class|all|none|mice|tvae|stacking,ok,,402,51,55,0.4171522921522922,0.37254901960784315,0.3181601061477222,0.34345864661654135,0.5901573787409701,0.515296052631579,0.37254901960784315,0.4171522921522922,,,,,0.9411764705882353,0.37254901960784315,0.2549019607843137,0.3333333333333333,0.46153846153846156,0.05555555555555555,0.8181818181818182
strict,selection,6,mayo_4class,all,none,softimpute,none,rf,mayo_4class|all|none|softimpute|none|rf,ok,,201,51,55,0.3918997668997669,0.47058823529411764,0.40601307189542485,0.35333333333333333,0.3853291316526611,0.34933035714285715,0.47058823529411764,0.3918997668997669,,,,,0.7254901960784313,0.35294117647058826,0.17647058823529413,0.0,0.46153846153846156,0.8333333333333334,0.2727272727272727
strict,selection,6,mayo_4class,all,none,softimpute,none,catboost,mayo_4class|all|none|softimpute|none|catboost,ok,,201,51,55,0.3761655011655012,0.4117647058823529,0.3998032383685181,0.37648400380107694,0.40278488206876956,0.3938076416337286,0.4117647058823529,0.3761655011655012,,,,,0.803921568627451,0.4117647058823529,0.17647058823529413,0.2222222222222222,0.3076923076923077,0.6111111111111112,0.36363636363636365
strict,selection,6,mayo_4class,all,none,softimpute,none,stacking,mayo_4class|all|none|softimpute|none|stacking,ok,,201,51,55,0.4496891996891996,0.4117647058823529,0.3960288223033321,0.41255170755170756,0.4488840407958055,0.4317193223443223,0.4117647058823529,0.4496891996891996,,,,,0.8431372549019608,0.39215686274509803,0.19607843137254902,0.5555555555555556,0.38461538461538464,0.2222222222222222,0.6363636363636364
strict,selection,6,mayo_4class,all,none,softimpute,tvae,rf,mayo_4class|all|none|softimpute|tvae|rf,ok,,402,51,55,0.2815656565656566,0.37254901960784315,0.2442980987461398,0.1959203036053131,0.20825906120023766,0.17992424242424243,0.37254901960784315,0.2815656565656566,,,,,0.8823529411764706,0.39215686274509803,0.23529411764705882,0.0,0.0,0.9444444444444444,0.18181818181818182
strict,selection,6,mayo_4class,all,none,softimpute,tvae,catboost,mayo_4class|all|none|softimpute|tvae|catboost,ok,,402,51,55,0.2978826728826729,0.35294117647058826,0.3083566760037348,0.2693452380952381,0.2868092691622104,0.25757575757575757,0.35294117647058826,0.2978826728826729,,,,,0.9215686274509803,0.39215686274509803,0.2549019607843137,0.0,0.3076923076923077,0.6111111111111112,0.2727272727272727
strict,selection,6,mayo_4class,all,none,softimpute,tvae,stacking,mayo_4class|all|none|softimpute|tvae|stacking,ok,,402,51,55,0.39121989121989126,0.37254901960784315,0.31860486129935844,0.32427035330261134,0.4436720142602495,0.3992424242424242,0.37254901960784315,0.39121989121989126,,,,,0.9019607843137255,0.4117647058823529,0.21568627450980393,0.1111111111111111,0.6153846153846154,0.1111111111111111,0.7272727272727273
strict,selection,6,mayo_4class,all,none,raw,none,catboost,mayo_4class|all|none|raw|none|catboost,ok,,201,51,55,0.34654234654234656,0.37254901960784315,0.3580739456340773,0.3398656580148689,0.3522544283413849,0.34038757136583225,0.37254901960784315,0.34654234654234656,,,,,0.8627450980392157,0.43137254901960786,0.19607843137254902,0.2222222222222222,0.15384615384615385,0.5555555555555556,0.45454545454545453
strict,selection,6,mayo_4class,drop_gt70_missing,none,mean,none,rf,mayo_4class|drop_gt70_missing|none|mean|none|rf,ok,,201,51,47,0.38655788655788653,0.43137254901960786,0.4151338005557954,0.39049971767363073,0.43535636476812956,0.42936507936507934,0.43137254901960786,0.38655788655788653,,,,,0.7843137254901961,0.39215686274509803,0.17647058823529413,0.2222222222222222,0.38461538461538464,0.6666666666666666,0.2727272727272727
strict,selection,6,mayo_4class,drop_gt70_missing,none,mean,none,catboost,mayo_4class|drop_gt70_missing|none|mean|none|catboost,ok,,201,51,47,0.3342074592074592,0.35294117647058826,0.3485592838534015,0.329995004995005,0.35946814623285206,0.3419184981684982,0.35294117647058826,0.3342074592074592,,,,,0.9607843137254902,0.39215686274509803,0.2549019607843137,0.3333333333333333,0.23076923076923078,0.5,0.2727272727272727
strict,selection,6,mayo_4class,drop_gt70_missing,none,mean,none,stacking,mayo_4class|drop_gt70_missing|none|mean|none|stacking,ok,,201,51,47,0.3433372183372183,0.3333333333333333,0.3355356795667001,0.33292548965760743,0.358746917570447,0.34416971916971917,0.3333333333333333,0.3433372183372183,,,,,1.0196078431372548,0.37254901960784315,0.29411764705882354,0.3333333333333333,0.3076923076923077,0.2777777777777778,0.45454545454545453
strict,selection,6,mayo_4class,drop_gt70_missing,none,mean,tvae,rf,mayo_4class|drop_gt70_missing|none|mean|tvae|rf,ok,,402,51,47,0.2733100233100233,0.3333333333333333,0.28126538064618556,0.2430161943319838,0.28143021914648214,0.2549019607843137,0.3333333333333333,0.2733100233100233,,,,,0.8823529411764706,0.47058823529411764,0.19607843137254902,0.0,0.15384615384615385,0.6666666666666666,0.2727272727272727
strict,selection,6,mayo_4class,drop_gt70_missing,none,mean,tvae,catboost,mayo_4class|drop_gt70_missing|none|mean|tvae|catboost,ok,,402,51,47,0.4234654234654235,0.45098039215686275,0.4455052790346907,0.42434149184149184,0.44397759103641454,0.4291125541125541,0.45098039215686275,0.4234654234654235,,,,,0.803921568627451,0.3333333333333333,0.21568627450980393,0.2222222222222222,0.46153846153846156,0.5555555555555556,0.45454545454545453
strict,selection,6,mayo_4class,drop_gt70_missing,none,mean,tvae,stacking,mayo_4class|drop_gt70_missing|none|mean|tvae|stacking,ok,,402,51,47,0.3997668997668998,0.35294117647058826,0.27618549991291513,0.31145395044413277,0.22775893983324325,0.25605680868838765,0.35294117647058826,0.3997668997668998,,,,,0.9607843137254902,0.39215686274509803,0.2549019607843137,0.3333333333333333,0.5384615384615384,0.0,0.7272727272727273
strict,selection,6,mayo_4class,drop_gt70_missing,none,pmm,none,rf,mayo_4class|drop_gt70_missing|none|pmm|none|rf,ok,,201,51,47,0.4007381507381508,0.43137254901960786,0.42510737628384687,0.40273809523809523,0.4245734657499364,0.410064935064935,0.43137254901960786,0.4007381507381508,,,,,0.8235294117647058,0.35294117647058826,0.21568627450980393,0.2222222222222222,0.46153846153846156,0.5555555555555556,0.36363636363636365
strict,selection,6,mayo_4class,drop_gt70_missing,none,pmm,none,catboost,mayo_4class|drop_gt70_missing|none|pmm|none|catboost,ok,,201,51,47,0.3566433566433566,0.37254901960784315,0.3541238717709306,0.3427849927849928,0.37201426024955436,0.3632575757575758,0.37254901960784315,0.3566433566433566,,,,,0.9411764705882353,0.37254901960784315,0.2549019607843137,0.4444444444444444,0.15384615384615385,0.5555555555555556,0.2727272727272727
strict,selection,6,mayo_4class,drop_gt70_missing,none,pmm,none,stacking,mayo_4class|drop_gt70_missing|none|pmm|none|stacking,ok,,201,51,47,0.33265345765345766,0.29411764705882354,0.2726978903449492,0.2885864135864136,0.3043380750993208,0.2963643790849673,0.29411764705882354,0.33265345765345766,,,,,1.0588235294117647,0.4117647058823529,0.29411764705882354,0.5555555555555556,0.15384615384615385,0.16666666666666666,0.45454545454545453
strict,selection,6,mayo_4class,drop_gt70_missing,none,pmm,tvae,rf,mayo_4class|drop_gt70_missing|none|pmm|tvae|rf,ok,,402,51,47,0.3288655788655789,0.39215686274509803,0.3408077761018937,0.3068376068376068,0.37800845828527485,0.36960784313725487,0.39215686274509803,0.3288655788655789,,,,,0.8235294117647058,0.43137254901960786,0.17647058823529413,0.1111111111111111,0.15384615384615385,0.7777777777777778,0.2727272727272727
strict,selection,6,mayo_4class,drop_gt70_missing,none,pmm,tvae,catboost,mayo_4class|drop_gt70_missing|none|pmm|tvae|catboost,ok,,402,51,47,0.4387140637140637,0.47058823529411764,0.4418855697747769,0.4224644463713856,0.442516339869281,0.4320833333333333,0.47058823529411764,0.4387140637140637,,,,,0.7450980392156863,0.37254901960784315,0.1568627450980392,0.3333333333333333,0.15384615384615385,0.7222222222222222,0.5454545454545454
strict,selection,6,mayo_4class,drop_gt70_missing,none,pmm,tvae,stacking,mayo_4class|drop_gt70_missing|none|pmm|tvae|stacking,ok,,402,51,47,0.48630536130536134,0.4117647058823529,0.3472370766488414,0.38863636363636367,0.4652644683604436,0.4512322472848789,0.4117647058823529,0.48630536130536134,,,,,0.9803921568627451,0.27450980392156865,0.3137254901960784,0.7777777777777778,0.38461538461538464,0.05555555555555555,0.7272727272727273
strict,selection,6,mayo_4class,drop_gt70_missing,none,gain,none,rf,mayo_4class|drop_gt70_missing|none|gain|none|rf,ok,,201,51,47,0.4461926961926962,0.49019607843137253,0.47241505297771286,0.43944099378881984,0.4725490196078432,0.45,0.49019607843137253,0.4461926961926962,,,,,0.7450980392156863,0.3137254901960784,0.19607843137254902,0.1111111111111111,0.46153846153846156,0.6666666666666666,0.5454545454545454
strict,selection,6,mayo_4class,drop_gt70_missing,none,gain,none,catboost,mayo_4class|drop_gt70_missing|none|gain|none|catboost,ok,,201,51,47,0.3347902097902098,0.37254901960784315,0.3634271099744245,0.3298913043478261,0.3617052881758764,0.331439393939394,0.37254901960784315,0.3347902097902098,,,,,0.9803921568627451,0.3333333333333333,0.29411764705882354,0.0,0.38461538461538464,0.5,0.45454545454545453
strict,selection,6,mayo_4class,drop_gt70_missing,none,gain,none,stacking,mayo_4class|drop_gt70_missing|none|gain|none|stacking,ok,,201,51,47,0.39733877233877235,0.37254901960784315,0.36637364088344476,0.3673271173271173,0.41693098808150714,0.39042075163398693,0.37254901960784315,0.39733877233877235,,,,,0.9215686274509803,0.39215686274509803,0.23529411764705882,0.4444444444444444,0.23076923076923078,0.2777777777777778,0.6363636363636364
strict,selection,6,mayo_4class,drop_gt70_missing,none,gain,tvae,rf,mayo_4class|drop_gt70_missing|none|gain|tvae|rf,ok,,402,51,47,0.3342074592074592,0.37254901960784315,0.35420168067226887,0.33115079365079364,0.3616946778711485,0.35036375661375657,0.37254901960784315,0.3342074592074592,,,,,0.8823529411764706,0.4117647058823529,0.21568627450980393,0.2222222222222222,0.23076923076923078,0.6111111111111112,0.2727272727272727
strict,selection,6,mayo_4class,drop_gt70_missing,none,gain,tvae,catboost,mayo_4class|drop_gt70_missing|none|gain|tvae|catboost,ok,,402,51,47,0.3029331779331779,0.3333333333333333,0.3265114658303513,0.30331510594668487,0.3348583877995642,0.3173611111111111,0.3333333333333333,0.3029331779331779,,,,,0.9215686274509803,0.45098039215686275,0.21568627450980393,0.2222222222222222,0.3076923076923077,0.5,0.18181818181818182
strict,selection,6,mayo_4class,drop_gt70_missing,none,gain,tvae,stacking,mayo_4class|drop_gt70_missing|none|gain|tvae|stacking,ok,,402,51,47,0.36227661227661223,0.35294117647058826,0.35600289671735924,0.3503973819541842,0.3782805429864254,0.358974358974359,0.35294117647058826,0.36227661227661223,,,,,1.0,0.37254901960784315,0.27450980392156865,0.4444444444444444,0.3076923076923077,0.3333333333333333,0.36363636363636365
strict,selection,6,mayo_4class,drop_gt70_missing,none,mice,none,rf,mayo_4class|drop_gt70_missing|none|mice|none|rf,ok,,201,51,47,0.4004467754467755,0.45098039215686275,0.43052329731559774,0.40055474655016987,0.4451836290071584,0.4320436507936508,0.45098039215686275,0.4004467754467755,,,,,0.803921568627451,0.35294117647058826,0.19607843137254902,0.2222222222222222,0.38461538461538464,0.7222222222222222,0.2727272727272727
strict,selection,6,mayo_4class,drop_gt70_missing,none,mice,none,catboost,mayo_4class|drop_gt70_missing|none|mice|none|catboost,ok,,201,51,47,0.3641219891219891,0.37254901960784315,0.37743465300558726,0.3625515660809778,0.3872926093514329,0.3670673076923077,0.37254901960784315,0.3641219891219891,,,,,0.9411764705882353,0.39215686274509803,0.23529411764705882,0.3333333333333333,0.46153846153846156,0.3888888888888889,0.2727272727272727
strict,selection,6,mayo_4class,drop_gt70_missing,none,mice,none,stacking,mayo_4class|drop_gt70_missing|none|mice|none|stacking,ok,,201,51,47,0.5070901320901321,0.45098039215686275,0.4176838442152844,0.44425608873884737,0.5397058823529411,0.50625,0.45098039215686275,0.5070901320901321,,,,,0.8431372549019608,0.3137254901960784,0.23529411764705882,0.7777777777777778,0.5384615384615384,0.16666666666666666,0.5454545454545454
strict,selection,6,mayo_4class,drop_gt70_missing,none,mice,tvae,rf,mayo_4class|drop_gt70_missing|none|mice|tvae|rf,ok,,402,51,47,0.3812160062160062,0.45098039215686275,0.4086179871647,0.3688536953242835,0.44264069264069267,0.42613636363636365,0.45098039215686275,0.3812160062160062,,,,,0.8235294117647058,0.3333333333333333,0.21568627450980393,0.1111111111111111,0.3076923076923077,0.8333333333333334,0.2727272727272727
strict,selection,6,mayo_4class,drop_gt70_missing,none,mice,tvae,catboost,mayo_4class|drop_gt70_missing|none|mice|tvae|catboost,ok,,402,51,47,0.3871406371406372,0.43137254901960786,0.41626921038685744,0.3737714987714988,0.4027519779841761,0.36188197767145136,0.43137254901960786,0.3871406371406372,,,,,0.8627450980392157,0.35294117647058826,0.21568627450980393,0.0,0.5384615384615384,0.5555555555555556,0.45454545454545453
strict,selection,6,mayo_4class,drop_gt70_missing,none,mice,tvae,stacking,mayo_4class|drop_gt70_missing|none|mice|tvae|stacking,ok,,402,51,47,0.418997668997669,0.37254901960784315,0.30460884619099626,0.3384804850322092,0.26009227220299885,0.2867647058823529,0.37254901960784315,0.418997668997669,,,,,1.0,0.3333333333333333,0.29411764705882354,0.3333333333333333,0.6153846153846154,0.0,0.7272727272727273
strict,selection,6,mayo_4class,drop_gt70_missing,none,softimpute,none,rf,mayo_4class|drop_gt70_missing|none|softimpute|none|rf,ok,,201,51,47,0.3502331002331002,0.4117647058823529,0.3699017364382824,0.32476676641436364,0.3497899159663866,0.3162774725274725,0.4117647058823529,0.3502331002331002,,,,,0.803921568627451,0.39215686274509803,0.19607843137254902,0.0,0.46153846153846156,0.6666666666666666,0.2727272727272727
strict,selection,6,mayo_4class,drop_gt70_missing,none,softimpute,none,catboost,mayo_4class|drop_gt70_missing|none|softimpute|none|catboost,ok,,201,51,47,0.39539627039627046,0.47058823529411764,0.4133642930856553,0.3615131578947368,0.39052287581699346,0.3541666666666667,0.47058823529411764,0.39539627039627046,,,,,0.7450980392156863,0.3333333333333333,0.19607843137254902,0.0,0.38461538461538464,0.8333333333333334,0.36363636363636365
strict,selection,6,mayo_4class,drop_gt70_missing,none,softimpute,none,stacking,mayo_4class|drop_gt70_missing|none|softimpute|none|stacking,ok,,201,51,47,0.40452602952602956,0.39215686274509803,0.3920089198726969,0.3910103054839897,0.4495475113122172,0.42163461538461544,0.39215686274509803,0.40452602952602956,,,,,0.8823529411764706,0.39215686274509803,0.21568627450980393,0.3333333333333333,0.46153846153846156,0.2777777777777778,0.5454545454545454
strict,selection,6,mayo_4class,drop_gt70_missing,none,softimpute,tvae,rf,mayo_4class|drop_gt70_missing|none|softimpute|tvae|rf,ok,,402,51,47,0.22095959595959597,0.27450980392156865,0.20541549953314658,0.17328042328042326,0.17254901960784316,0.1513888888888889,0.27450980392156865,0.22095959595959597,,,,,0.9803921568627451,0.49019607843137253,0.23529411764705882,0.0,0.0,0.6111111111111112,0.2727272727272727
strict,selection,6,mayo_4class,drop_gt70_missing,none,softimpute,tvae,catboost,mayo_4class|drop_gt70_missing|none|softimpute|tvae|catboost,ok,,402,51,47,0.3537296037296037,0.4117647058823529,0.3768270944741533,0.3325174825174825,0.3567957097368862,0.32264957264957267,0.4117647058823529,0.3537296037296037,,,,,0.8627450980392157,0.37254901960784315,0.21568627450980393,0.0,0.38461538461538464,0.6666666666666666,0.36363636363636365
strict,selection,6,mayo_4class,drop_gt70_missing,none,softimpute,tvae,stacking,mayo_4class|drop_gt70_missing|none|softimpute|tvae|stacking,ok,,402,51,47,0.4019036519036519,0.37254901960784315,0.27272101823185413,0.2982456140350877,0.22218782249742,0.2469298245614035,0.37254901960784315,0.4019036519036519,,,,,0.8627450980392157,0.45098039215686275,0.17647058823529413,0.1111111111111111,0.7692307692307693,0.0,0.7272727272727273
strict,selection,6,mayo_4class,drop_gt70_missing,none,raw,none,catboost,mayo_4class|drop_gt70_missing|none|raw|none|catboost,ok,,201,51,47,0.3276029526029526,0.3333333333333333,0.3252353193529664,0.31721364221364223,0.3253895227579438,0.3154444239970556,0.3333333333333333,0.3276029526029526,,,,,0.9607843137254902,0.43137254901960786,0.23529411764705882,0.2222222222222222,0.15384615384615385,0.3888888888888889,0.5454545454545454
strict,selection,7,mayo_4class,all,none,mean,none,rf,mayo_4class|all|none|mean|none|rf,ok,,202,50,55,0.3301767676767677,0.38,0.3534208236486084,0.32457834197508784,0.3839655172413793,0.37428160919540227,0.38,0.3301767676767677,,,,,0.84,0.4,0.22,0.2222222222222222,0.25,0.6666666666666666,0.18181818181818182
strict,selection,7,mayo_4class,all,none,mean,none,catboost,mayo_4class|all|none|mean|none|catboost,ok,,202,50,55,0.32007575757575757,0.36,0.3509249084249084,0.3171932234432234,0.3451428571428572,0.31726190476190474,0.36,0.32007575757575757,,,,,0.86,0.46,0.18,0.1111111111111111,0.25,0.5555555555555556,0.36363636363636365
strict,selection,7,mayo_4class,all,none,mean,none,stacking,mayo_4class|all|none|mean|none|stacking,ok,,202,50,55,0.37436868686868685,0.36,0.33983529411764707,0.33441176470588235,0.36358823529411766,0.34044117647058825,0.36,0.37436868686868685,,,,,0.94,0.38,0.26,0.4444444444444444,0.08333333333333333,0.3333333333333333,0.6363636363636364
strict,selection,7,mayo_4class,all,none,mean,tvae,rf,mayo_4class|all|none|mean|tvae|rf,ok,,404,50,55,0.31123737373737376,0.36,0.3356986082226844,0.306682930731083,0.34505172413793106,0.3323275862068965,0.36,0.31123737373737376,,,,,0.86,0.44,0.2,0.1111111111111111,0.25,0.6111111111111112,0.2727272727272727
strict,selection,7,mayo_4class,all,none,mean,tvae,catboost,mayo_4class|all|none|mean|tvae|catboost,ok,,404,50,55,0.34974747474747475,0.36,0.36872807017543857,0.3524827694235589,0.386,0.3625,0.36,0.34974747474747475,,,,,0.94,0.36,0.28,0.2222222222222222,0.3333333333333333,0.3888888888888889,0.45454545454545453
strict,selection,7,mayo_4class,all,none,mean,tvae,stacking,mayo_4class|all|none|mean|tvae|stacking,ok,,404,50,55,0.3832070707070707,0.32,0.24937931034482758,0.2795977011494253,0.3977777777777778,0.375,0.32,0.3832070707070707,,,,,1.08,0.36,0.32,0.6666666666666666,0.08333333333333333,0.05555555555555555,0.7272727272727273
strict,selection,7,mayo_4class,all,none,pmm,none,rf,mayo_4class|all|none|pmm|none|rf,ok,,202,50,55,0.2676767676767677,0.32,0.2979156010230179,0.26039002557544755,0.30644405594405594,0.28247377622377623,0.32,0.2676767676767677,,,,,0.86,0.52,0.16,0.1111111111111111,0.16666666666666666,0.6111111111111112,0.18181818181818182
strict,selection,7,mayo_4class,all,none,pmm,none,catboost,mayo_4class|all|none|pmm|none|catboost,ok,,202,50,55,0.2746212121212121,0.34,0.3160989010989011,0.26304945054945056,0.31942857142857145,0.2785714285714286,0.34,0.2746212121212121,,,,,0.88,0.46,0.2,0.0,0.25,0.6666666666666666,0.18181818181818182
strict,selection,7,mayo_4class,all,none,pmm,none,stacking,mayo_4class|all|none|pmm|none|stacking,ok,,202,50,55,0.3832070707070707,0.34,0.29295238095238096,0.30633116883116884,0.3873684210526316,0.3650318979266348,0.34,0.3832070707070707,,,,,1.04,0.36,0.3,0.5555555555555556,0.08333333333333333,0.16666666666666666,0.7272727272727273
strict,selection,7,mayo_4class,all,none,pmm,tvae,rf,mayo_4class|all|none|pmm|tvae|rf,ok,,404,50,55,0.25946969696969696,0.3,0.2737267080745342,0.24663561076604557,0.2646031746031746,0.24702380952380953,0.3,0.25946969696969696,,,,,0.94,0.46,0.24,0.0,0.08333333333333333,0.5,0.45454545454545453
strict,selection,7,mayo_4class,all,none,pmm,tvae,catboost,mayo_4class|all|none|pmm|tvae|catboost,ok,,404,50,55,0.32196969696969696,0.34,0.34403792286145224,0.3274437980320333,0.3492857142857143,0.3343253968253968,0.34,0.32196969696969696,,,,,0.9,0.46,0.2,0.2222222222222222,0.16666666666666666,0.4444444444444444,0.45454545454545453
strict,selection,7,mayo_4class,all,none,pmm,tvae,stacking,mayo_4class|all|none|pmm|tvae|stacking,ok,,404,50,55,0.28914141414141414,0.24,0.184,0.22,0.15139676113360323,0.1799089068825911,0.24,0.28914141414141414,,,,,1.14,0.42,0.34,0.4444444444444444,0.16666666666666666,0.0,0.5454545454545454
strict,selection,7,mayo_4class,all,none,gain,none,rf,mayo_4class|all|none|gain|none|rf,ok,,202,50,55,0.3566919191919192,0.4,0.388279427359491,0.3556137327677625,0.38556496643453164,0.36235021017629715,0.4,0.3566919191919192,,,,,0.82,0.42,0.18,0.1111111111111111,0.25,0.6111111111111112,0.45454545454545453
strict,selection,7,mayo_4class,all,none,gain,none,catboost,mayo_4class|all|none|gain|none|catboost,ok,,202,50,55,0.2904040404040404,0.32,0.31646825396825395,0.2878637566137566,0.31571428571428567,0.28849206349206347,0.32,0.2904040404040404,,,,,0.96,0.48,0.2,0.1111111111111111,0.3333333333333333,0.4444444444444444,0.2727272727272727
strict,selection,7,mayo_4class,all,none,gain,none,stacking,mayo_4class|all|none|gain|none|stacking,ok,,202,50,55,0.30808080808080807,0.32,0.3291880232904076,0.30600269879722897,0.35217582417582416,0.31648351648351647,0.32,0.30808080808080807,,,,,1.0,0.44,0.24,0.2222222222222222,0.16666666666666666,0.3888888888888889,0.45454545454545453
strict,selection,7,mayo_4class,all,none,gain,tvae,rf,mayo_4class|all|none|gain|tvae|rf,ok,,404,50,55,0.37058080808080807,0.42,0.3971255411255411,0.3637445887445887,0.39615384615384613,0.37580128205128205,0.42,0.37058080808080807,,,,,0.82,0.38,0.2,0.1111111111111111,0.25,0.6666666666666666,0.45454545454545453
strict,selection,7,mayo_4class,all,none,gain,tvae,catboost,mayo_4class|all|none|gain|tvae|catboost,ok,,404,50,55,0.27840909090909094,0.3,0.29877647058823525,0.27754307783719545,0.2978846153846154,0.27707362082362086,0.3,0.27840909090909094,,,,,0.98,0.48,0.22,0.1111111111111111,0.25,0.3888888888888889,0.36363636363636365
strict,selection,7,mayo_4class,all,none,gain,tvae,stacking,mayo_4class|all|none|gain|tvae|stacking,ok,,404,50,55,0.3484848484848485,0.32,0.29923809523809525,0.3049603174603175,0.3810526315789474,0.3530701754385965,0.32,0.3484848484848485,,,,,1.0,0.44,0.24,0.3333333333333333,0.16666666666666666,0.16666666666666666,0.7272727272727273
strict,selection,7,mayo_4class,all,none,mice,none,rf,mayo_4class|all|none|mice|none|rf,ok,,202,50,55,0.28030303030303033,0.3,0.3100056899004267,0.2928402086296823,0.3264952153110048,0.31274920255183414,0.3,0.28030303030303033,,,,,0.94,0.46,0.24,0.1111111111111111,0.16666666666666666,0.3888888888888889,0.45454545454545453
strict,selection,7,mayo_4class,all,none,mice,none,catboost,mayo_4class|all|none|mice|none|catboost,ok,,202,50,55,0.3339646464646464,0.34,0.3434285714285714,0.33571428571428574,0.3498715663421546,0.3409547968371498,0.34,0.3339646464646464,,,,,0.94,0.4,0.26,0.2222222222222222,0.4166666666666667,0.3333333333333333,0.36363636363636365
strict,selection,7,mayo_4class,all,none,mice,none,stacking,mayo_4class|all|none|mice|none|stacking,ok,,202,50,55,0.38131313131313127,0.36,0.3480469809760132,0.3531237937689551,0.37081447963800906,0.3633107088989442,0.36,0.38131313131313127,,,,,0.98,0.32,0.32,0.4444444444444444,0.16666666666666666,0.2777777777777778,0.6363636363636364
strict,selection,7,mayo_4class,all,none,mice,tvae,rf,mayo_4class|all|none|mice|tvae|rf,ok,,404,50,55,0.32891414141414144,0.36,0.3402631578947368,0.32492690058479534,0.3412698412698413,0.3386243386243386,0.36,0.32891414141414144,,,,,0.9,0.38,0.26,0.2222222222222222,0.08333333333333333,0.5555555555555556,0.45454545454545453
strict,selection,7,mayo_4class,all,none,mice,tvae,catboost,mayo_4class|all|none|mice|tvae|catboost,ok,,404,50,55,0.38131313131313127,0.4,0.39790141231317705,0.3733802961744138,0.40153296703296704,0.3706272893772894,0.4,0.38131313131313127,,,,,0.84,0.38,0.22,0.1111111111111111,0.3333333333333333,0.4444444444444444,0.6363636363636364
strict,selection,7,mayo_4class,all,none,mice,tvae,stacking,mayo_4class|all|none|mice|tvae|stacking,ok,,404,50,55,0.3693181818181818,0.32,0.2754253154253154,0.30657305657305656,0.32378151260504195,0.3207282913165266,0.32,0.3693181818181818,,,,,0.98,0.4,0.28,0.4444444444444444,0.25,0.05555555555555555,0.7272727272727273
strict,selection,7,mayo_4class,all,none,softimpute,none,rf,mayo_4class|all|none|softimpute|none|rf,ok,,202,50,55,0.3547979797979798,0.38,0.35471822295351707,0.32627176744823805,0.3857777777777778,0.3574074074074074,0.38,0.3547979797979798,,,,,0.8,0.44,0.18,0.0,0.6666666666666666,0.3888888888888889,0.36363636363636365
strict,selection,7,mayo_4class,all,none,softimpute,none,catboost,mayo_4class|all|none|softimpute|none|catboost,ok,,202,50,55,0.34595959595959597,0.38,0.34553296703296704,0.31059981684981686,0.3725228758169935,0.3417211328976035,0.38,0.34595959595959597,,,,,0.78,0.46,0.16,0.0,0.6666666666666666,0.4444444444444444,0.2727272727272727
strict,selection,7,mayo_4class,all,none,softimpute,none,stacking,mayo_4class|all|none|softimpute|none|stacking,ok,,202,50,55,0.3535353535353535,0.32,0.2930200833649109,0.313913098395857,0.3005555555555556,0.3055555555555555,0.32,0.3535353535353535,,,,,0.98,0.42,0.26,0.3333333333333333,0.3333333333333333,0.1111111111111111,0.6363636363636364
strict,selection,7,mayo_4class,all,none,softimpute,tvae,rf,mayo_4class|all|none|softimpute|tvae|rf,ok,,404,50,55,0.28345959595959597,0.36,0.28534745762711866,0.2457274011299435,0.3349268292682927,0.31869918699186994,0.36,0.28345959595959597,,,,,0.86,0.42,0.22,0.0,0.08333333333333333,0.7777777777777778,0.2727272727272727
strict,selection,7,mayo_4class,all,none,softimpute,tvae,catboost,mayo_4class|all|none|softimpute|tvae|catboost,ok,,404,50,55,0.30618686868686873,0.32,0.28549019607843135,0.2696078431372549,0.27024598930481286,0.2530748663101604,0.32,0.30618686868686873,,,,,0.94,0.44,0.24,0.0,0.5833333333333334,0.2777777777777778,0.36363636363636365
strict,selection,7,mayo_4class,all,none,softimpute,tvae,stacking,mayo_4class|all|none|softimpute|tvae|stacking,ok,,404,50,55,0.37247474747474746,0.34,0.2857142857142857,0.3131868131868132,0.35111111111111115,0.3574074074074074,0.34,0.37247474747474746,,,,,0.94,0.42,0.24,0.2222222222222222,0.6666666666666666,0.05555555555555555,0.5454545454545454
strict,selection,7,mayo_4class,all,none,raw,none,catboost,mayo_4class|all|none|raw|none|catboost,ok,,202,50,55,0.3547979797979798,0.4,0.38884920634920633,0.3566468253968254,0.3964285714285714,0.37648809523809523,0.4,0.3547979797979798,,,,,0.8,0.42,0.18,0.1111111111111111,0.3333333333333333,0.6111111111111112,0.36363636363636365
strict,selection,7,mayo_4class,drop_gt70_missing,none,mean,none,rf,mayo_4class|drop_gt70_missing|none|mean|none|rf,ok,,202,50,47,0.3529040404040404,0.4,0.38357729138166896,0.35277017783857734,0.3942285714285714,0.3789285714285714,0.4,0.3529040404040404,,,,,0.78,0.44,0.16,0.2222222222222222,0.25,0.6666666666666666,0.2727272727272727
strict,selection,7,mayo_4class,drop_gt70_missing,none,mean,none,catboost,mayo_4class|drop_gt70_missing|none|mean|none|catboost,ok,,202,50,47,0.3301767676767677,0.38,0.3576860465116279,0.32165697674418603,0.364421978021978,0.3418681318681319,0.38,0.3301767676767677,,,,,0.86,0.42,0.2,0.1111111111111111,0.4166666666666667,0.6111111111111112,0.18181818181818182
strict,selection,7,mayo_4class,drop_gt70_missing,none,mean,none,stacking,mayo_4class|drop_gt70_missing|none|mean|none|stacking,ok,,202,50,47,0.36742424242424243,0.36,0.33203933461997975,0.31945593235915815,0.33244909502262443,0.3028139140271493,0.36,0.36742424242424243,,,,,0.94,0.38,0.26,0.4444444444444444,0.0,0.3888888888888889,0.6363636363636364
strict,selection,7,mayo_4class,drop_gt70_missing,none,mean,tvae,rf,mayo_4class|drop_gt70_missing|none|mean|tvae|rf,ok,,404,50,47,0.27335858585858586,0.28,0.2744360902255639,0.2690248348143085,0.27066666666666667,0.26641414141414144,0.28,0.27335858585858586,,,,,0.94,0.5,0.22,0.2222222222222222,0.08333333333333333,0.3333333333333333,0.45454545454545453
strict,selection,7,mayo_4class,drop_gt70_missing,none,mean,tvae,catboost,mayo_4class|drop_gt70_missing|none|mean|tvae|catboost,ok,,404,50,47,0.28030303030303033,0.3,0.31177489177489176,0.28860028860028863,0.32799999999999996,0.30069444444444443,0.3,0.28030303030303033,,,,,0.94,0.5,0.2,0.1111111111111111,0.16666666666666666,0.3888888888888889,0.45454545454545453
strict,selection,7,mayo_4class,drop_gt70_missing,none,mean,tvae,stacking,mayo_4class|drop_gt70_missing|none|mean|tvae|stacking,ok,,404,50,47,0.32765151515151514,0.28,0.21769554428740964,0.2519419570611716,0.1852192513368984,0.21229946524064172,0.28,0.32765151515151514,,,,,1.08,0.4,0.32,0.3333333333333333,0.25,0.0,0.7272727272727273
strict,selection,7,mayo_4class,drop_gt70_missing,none,pmm,none,rf,mayo_4class|drop_gt70_missing|none|pmm|none|rf,ok,,202,50,47,0.40025252525252525,0.42,0.41879999999999995,0.4091666666666667,0.4277855477855478,0.42919580419580416,0.42,0.40025252525252525,,,,,0.74,0.42,0.16,0.2222222222222222,0.3333333333333333,0.5,0.5454545454545454
strict,selection,7,mayo_4class,drop_gt70_missing,none,pmm,none,catboost,mayo_4class|drop_gt70_missing|none|pmm|none|catboost,ok,,202,50,47,0.36742424242424243,0.36,0.35634377898769914,0.35291254957316665,0.3736363636363636,0.3553030303030303,0.36,0.36742424242424243,,,,,0.88,0.44,0.2,0.2222222222222222,0.3333333333333333,0.2777777777777778,0.6363636363636364
strict,selection,7,mayo_4class,drop_gt70_missing,none,pmm,none,stacking,mayo_4class|drop_gt70_missing|none|pmm|none|stacking,ok,,202,50,47,0.4267676767676768,0.4,0.37959787798408484,0.38709549071618043,0.43337662337662336,0.4074675324675324,0.4,0.4267676767676768,,,,,0.82,0.42,0.18,0.3333333333333333,0.3333333333333333,0.2222222222222222,0.8181818181818182
strict,selection,7,mayo_4class,drop_gt70_missing,none,pmm,tvae,rf,mayo_4class|drop_gt70_missing|none|pmm|tvae|rf,ok,,404,50,47,0.3882575757575758,0.42,0.4034492044063647,0.3847783217734258,0.4037968253968253,0.3957142857142857,0.42,0.3882575757575758,,,,,0.78,0.4,0.18,0.2222222222222222,0.08333333333333333,0.6111111111111112,0.6363636363636364
strict,selection,7,mayo_4class,drop_gt70_missing,none,pmm,tvae,catboost,mayo_4class|drop_gt70_missing|none|pmm|tvae|catboost,ok,,404,50,47,0.44065656565656564,0.44,0.43567538200339556,0.42553480475382005,0.44512087912087916,0.4222527472527472,0.44,0.44065656565656564,,,,,0.8,0.38,0.18,0.2222222222222222,0.3333333333333333,0.3888888888888889,0.8181818181818182
strict,selection,7,mayo_4class,drop_gt70_missing,none,pmm,tvae,stacking,mayo_4class|drop_gt70_missing|none|pmm|tvae|stacking,ok,,404,50,47,0.3642676767676768,0.32,0.2686268514094601,0.29671922280617935,0.31421052631578944,0.3088972431077694,0.32,0.3642676767676768,,,,,0.96,0.46,0.22,0.3333333333333333,0.25,0.05555555555555555,0.8181818181818182
strict,selection,7,mayo_4class,drop_gt70_missing,none,gain,none,rf,mayo_4class|drop_gt70_missing|none|gain|none|rf,ok,,202,50,47,0.4627525252525252,0.5,0.4947007672634271,0.46751918158567773,0.497121212121212,0.47916666666666663,0.5,0.4627525252525252,,,,,0.7,0.32,0.18,0.2222222222222222,0.4166666666666667,0.6666666666666666,0.5454545454545454
strict,selection,7,mayo_4class,drop_gt70_missing,none,gain,none,catboost,mayo_4class|drop_gt70_missing|none|gain|none|catboost,ok,,202,50,47,0.37247474747474746,0.4,0.4041558441558441,0.3722943722943723,0.41279034690799393,0.37743955391014217,0.4,0.37247474747474746,,,,,0.86,0.4,0.2,0.2222222222222222,0.16666666666666666,0.5555555555555556,0.5454545454545454
strict,selection,7,mayo_4class,drop_gt70_missing,none,gain,none,stacking,mayo_4class|drop_gt70_missing|none|gain|none|stacking,ok,,202,50,47,0.39015151515151514,0.38,0.37928465608465606,0.36687830687830686,0.43708333333333327,0.3940972222222222,0.38,0.39015151515151514,,,,,0.92,0.4,0.22,0.3333333333333333,0.16666666666666666,0.3333333333333333,0.7272727272727273
strict,selection,7,mayo_4class,drop_gt70_missing,none,gain,tvae,rf,mayo_4class|drop_gt70_missing|none|gain|tvae|rf,ok,,404,50,47,0.37247474747474746,0.4,0.38442857142857145,0.3679112554112554,0.3814285714285714,0.37445887445887444,0.4,0.37247474747474746,,,,,0.8,0.44,0.16,0.2222222222222222,0.16666666666666666,0.5555555555555556,0.5454545454545454
strict,selection,7,mayo_4class,drop_gt70_missing,none,gain,tvae,catboost,mayo_4class|drop_gt70_missing|none|gain|tvae|catboost,ok,,404,50,47,0.42487373737373735,0.44,0.4308533425065933,0.40813266827198713,0.4385,0.409375,0.44,0.42487373737373735,,,,,0.82,0.36,0.2,0.2222222222222222,0.25,0.5,0.7272727272727273
strict,selection,7,mayo_4class,drop_gt70_missing,none,gain,tvae,stacking,mayo_4class|drop_gt70_missing|none|gain|tvae|stacking,ok,,404,50,47,0.3642676767676768,0.32,0.2704166666666667,0.28506944444444443,0.5285714285714286,0.44642857142857145,0.32,0.3642676767676768,,,,,1.08,0.38,0.3,0.4444444444444444,0.08333333333333333,0.1111111111111111,0.8181818181818182
strict,selection,7,mayo_4class,drop_gt70_missing,none,mice,none,rf,mayo_4class|drop_gt70_missing|none|mice|none|rf,ok,,202,50,47,0.3964646464646465,0.42,0.4204118951349941,0.40550736924481545,0.44827931488801054,0.4435441370223979,0.42,0.3964646464646465,,,,,0.78,0.38,0.2,0.3333333333333333,0.3333333333333333,0.5555555555555556,0.36363636363636365
strict,selection,7,mayo_4class,drop_gt70_missing,none,mice,none,catboost,mayo_4class|drop_gt70_missing|none|mice|none|catboost,ok,,202,50,47,0.37563131313131315,0.4,0.40430252100840336,0.3771942110177404,0.4152777777777778,0.3854166666666667,0.4,0.37563131313131315,,,,,0.76,0.46,0.14,0.2222222222222222,0.4166666666666667,0.5,0.36363636363636365
strict,selection,7,mayo_4class,drop_gt70_missing,none,mice,none,stacking,mayo_4class|drop_gt70_missing|none|mice|none|stacking,ok,,202,50,47,0.3327020202020202,0.3,0.29202113442113437,0.30131572131572126,0.43366666666666664,0.3833333333333333,0.3,0.3327020202020202,,,,,0.94,0.48,0.22,0.4444444444444444,0.08333333333333333,0.16666666666666666,0.6363636363636364
strict,selection,7,mayo_4class,drop_gt70_missing,none,mice,tvae,rf,mayo_4class|drop_gt70_missing|none|mice|tvae|rf,ok,,404,50,47,0.34785353535353536,0.4,0.3605294117647059,0.33848039215686276,0.41574229691876746,0.41701680672268904,0.4,0.34785353535353536,,,,,0.8,0.4,0.2,0.2222222222222222,0.08333333333333333,0.7222222222222222,0.36363636363636365
strict,selection,7,mayo_4class,drop_gt70_missing,none,mice,tvae,catboost,mayo_4class|drop_gt70_missing|none|mice|tvae|catboost,ok,,404,50,47,0.38446969696969696,0.4,0.39942253824606766,0.385136105724341,0.4007142857142857,0.3878968253968254,0.4,0.38446969696969696,,,,,0.82,0.4,0.2,0.2222222222222222,0.4166666666666667,0.4444444444444444,0.45454545454545453
strict,selection,7,mayo_4class,drop_gt70_missing,none,mice,tvae,stacking,mayo_4class|drop_gt70_missing|none|mice|tvae|stacking,ok,,404,50,47,0.3970959595959596,0.36,0.3293268921095008,0.3466988727858293,0.5752380952380952,0.498015873015873,0.36,0.3970959595959596,,,,,0.9,0.4,0.24,0.3333333333333333,0.4166666666666667,0.1111111111111111,0.7272727272727273
strict,selection,7,mayo_4class,drop_gt70_missing,none,softimpute,none,rf,mayo_4class|drop_gt70_missing|none|softimpute|none|rf,ok,,202,50,47,0.3667929292929293,0.4,0.3822142857142857,0.3586309523809524,0.4086060606060606,0.39949494949494946,0.4,0.3667929292929293,,,,,0.8,0.4,0.2,0.1111111111111111,0.5833333333333334,0.5,0.2727272727272727
strict,selection,7,mayo_4class,drop_gt70_missing,none,softimpute,none,catboost,mayo_4class|drop_gt70_missing|none|softimpute|none|catboost,ok,,202,50,47,0.41919191919191917,0.44,0.42700159489633166,0.40556884635832,0.46950000000000003,0.45625,0.44,0.41919191919191917,,,,,0.7,0.42,0.14,0.1111111111111111,0.6666666666666666,0.4444444444444444,0.45454545454545453
strict,selection,7,mayo_4class,drop_gt70_missing,none,softimpute,none,stacking,mayo_4class|drop_gt70_missing|none|softimpute|none|stacking,ok,,202,50,47,0.31691919191919193,0.32,0.3339354838709677,0.31451612903225806,0.4255712708344287,0.3693148956306851,0.32,0.31691919191919193,,,,,0.94,0.44,0.24,0.1111111111111111,0.3333333333333333,0.2777777777777778,0.5454545454545454
strict,selection,7,mayo_4class,drop_gt70_missing,none,softimpute,tvae,rf,mayo_4class|drop_gt70_missing|none|softimpute|tvae|rf,ok,,404,50,47,0.2746212121212121,0.34,0.2828741258741259,0.25039335664335666,0.3194864864864865,0.3128378378378378,0.34,0.2746212121212121,,,,,0.88,0.44,0.22,0.1111111111111111,0.08333333333333333,0.7222222222222222,0.18181818181818182
strict,selection,7,mayo_4class,drop_gt70_missing,none,softimpute,tvae,catboost,mayo_4class|drop_gt70_missing|none|softimpute|tvae|catboost,ok,,404,50,47,0.44886363636363635,0.48,0.462,0.4335858585858586,0.4733333333333334,0.4558080808080808,0.48,0.44886363636363635,,,,,0.68,0.38,0.14,0.1111111111111111,0.5833333333333334,0.5555555555555556,0.5454545454545454
strict,selection,7,mayo_4class,drop_gt70_missing,none,softimpute,tvae,stacking,mayo_4class|drop_gt70_missing|none|softimpute|tvae|stacking,ok,,404,50,47,0.2683080808080808,0.22,0.17142857142857146,0.20604395604395603,0.1430375939849624,0.17048872180451127,0.22,0.2683080808080808,,,,,1.08,0.5,0.28,0.4444444444444444,0.08333333333333333,0.0,0.5454545454545454
strict,selection,7,mayo_4class,drop_gt70_missing,none,raw,none,catboost,mayo_4class|drop_gt70_missing|none|raw|none|catboost,ok,,202,50,47,0.31123737373737376,0.36,0.3456899281451711,0.30891487029594444,0.3472402597402598,0.32115800865800864,0.36,0.31123737373737376,,,,,0.86,0.46,0.18,0.1111111111111111,0.25,0.6111111111111112,0.2727272727272727
strict,selection,8,mayo_4class,all,none,mean,none,rf,mayo_4class|all|none|mean|none|rf,ok,,202,50,55,0.4356574797751268,0.46,0.4494025974025974,0.4409090909090909,0.4651555555555556,0.4711111111111111,0.46,0.4356574797751268,,,,,0.7,0.4,0.14,0.3333333333333333,0.3076923076923077,0.6470588235294118,0.45454545454545453
strict,selection,8,mayo_4class,all,none,mean,none,catboost,mayo_4class|all|none|mean|none|catboost,ok,,202,50,55,0.3274601215777686,0.36,0.3250513538748832,0.30683940242763774,0.3235185185185185,0.3143518518518519,0.36,0.3274601215777686,,,,,0.86,0.46,0.18,0.2222222222222222,0.07692307692307693,0.6470588235294118,0.36363636363636365
strict,selection,8,mayo_4class,all,none,mean,none,stacking,mayo_4class|all|none|mean|none|stacking,ok,,202,50,55,0.35441519265048677,0.34,0.3273723100855587,0.32510694840549653,0.36276767676767674,0.34419191919191916,0.34,0.35441519265048677,,,,,1.0,0.4,0.26,0.3333333333333333,0.15384615384615385,0.29411764705882354,0.6363636363636364
strict,selection,8,mayo_4class,all,none,mean,tvae,rf,mayo_4class|all|none|mean|tvae|rf,ok,,404,50,55,0.33948078065725124,0.36,0.3396270396270396,0.3245920745920746,0.3433030303030303,0.33674242424242423,0.36,0.33948078065725124,,,,,0.88,0.46,0.18,0.1111111111111111,0.23076923076923078,0.47058823529411764,0.5454545454545454
strict,selection,8,mayo_4class,all,none,mean,tvae,catboost,mayo_4class|all|none|mean|tvae|catboost,ok,,404,50,55,0.39264820147173085,0.42,0.4108240035826243,0.3832848186296462,0.4100384615384616,0.38413461538461535,0.42,0.39264820147173085,,,,,0.78,0.4,0.18,0.1111111111111111,0.38461538461538464,0.5294117647058824,0.5454545454545454
strict,selection,8,mayo_4class,all,none,mean,tvae,stacking,mayo_4class|all|none|mean|tvae|stacking,ok,,404,50,55,0.34823346588052473,0.32,0.2729323308270677,0.28822055137844615,0.37047619047619046,0.34523809523809523,0.32,0.34823346588052473,,,,,1.04,0.38,0.3,0.2222222222222222,0.38461538461538464,0.058823529411764705,0.7272727272727273
strict,selection,8,mayo_4class,all,none,pmm,none,rf,mayo_4class|all|none|pmm|none|rf,ok,,202,50,55,0.2232620320855615,0.26,0.2295238095238095,0.20238095238095238,0.2104,0.19,0.26,0.2232620320855615,,,,,0.94,0.56,0.18,0.0,0.0,0.5294117647058824,0.36363636363636365
strict,selection,8,mayo_4class,all,none,pmm,none,catboost,mayo_4class|all|none|pmm|none|catboost,ok,,202,50,55,0.22778691896338957,0.26,0.23964528225397794,0.21224789703050573,0.22585858585858584,0.20202020202020202,0.26,0.22778691896338957,,,,,0.98,0.54,0.2,0.0,0.07692307692307693,0.47058823529411764,0.36363636363636365
strict,selection,8,mayo_4class,all,none,pmm,none,stacking,mayo_4class|all|none|pmm|none|stacking,ok,,202,50,55,0.34989030577265867,0.34,0.3224976958525345,0.3164746543778802,0.34459740259740257,0.3220779220779221,0.34,0.34989030577265867,,,,,0.98,0.4,0.26,0.3333333333333333,0.07692307692307693,0.35294117647058826,0.6363636363636364
strict,selection,8,mayo_4class,all,none,pmm,tvae,rf,mayo_4class|all|none|pmm|tvae|rf,ok,,404,50,55,0.2606951871657754,0.3,0.24642857142857147,0.2232142857142857,0.21967741935483873,0.20564516129032256,0.3,0.2606951871657754,,,,,0.96,0.46,0.24,0.0,0.0,0.5882352941176471,0.45454545454545453
strict,selection,8,mayo_4class,all,none,pmm,tvae,catboost,mayo_4class|all|none|pmm|tvae|catboost,ok,,404,50,55,0.28281685634626813,0.3,0.2856962676962677,0.271975546975547,0.28084415584415584,0.2722402597402597,0.3,0.28281685634626813,,,,,0.9,0.54,0.16,0.1111111111111111,0.15384615384615385,0.4117647058823529,0.45454545454545453
strict,selection,8,mayo_4class,all,none,pmm,tvae,stacking,mayo_4class|all|none|pmm|tvae|stacking,ok,,404,50,55,0.24805749805749805,0.22,0.16152941176470587,0.18110859728506787,0.13288537549407115,0.14814533292794163,0.22,0.24805749805749805,,,,,1.16,0.48,0.3,0.1111111111111111,0.15384615384615385,0.0,0.7272727272727273
strict,selection,8,mayo_4class,all,none,gain,none,rf,mayo_4class|all|none|gain|none|rf,ok,,202,50,55,0.31675350792997853,0.34,0.33060153827417255,0.31210009087246937,0.3353030303030303,0.32007575757575757,0.34,0.31675350792997853,,,,,0.92,0.42,0.24,0.1111111111111111,0.23076923076923078,0.47058823529411764,0.45454545454545453
strict,selection,8,mayo_4class,all,none,gain,none,catboost,mayo_4class|all|none|gain|none|catboost,ok,,202,50,55,0.3349558937794232,0.36,0.3361149026412184,0.3147580489685753,0.3287142857142857,0.3113095238095238,0.36,0.3349558937794232,,,,,0.9,0.4,0.24,0.1111111111111111,0.15384615384615385,0.5294117647058824,0.5454545454545454
strict,selection,8,mayo_4class,all,none,gain,none,stacking,mayo_4class|all|none|gain|none|stacking,ok,,202,50,55,0.333630421865716,0.32,0.27596313364055297,0.2782642089093702,0.2556390977443609,0.2493734335839599,0.32,0.333630421865716,,,,,1.0,0.4,0.28,0.2222222222222222,0.0,0.29411764705882354,0.8181818181818182
strict,selection,8,mayo_4class,all,none,gain,tvae,rf,mayo_4class|all|none|gain|tvae|rf,ok,,404,50,55,0.30265322912381737,0.34,0.29923636363636363,0.2677272727272727,0.2710006901311249,0.24361628709454797,0.34,0.30265322912381737,,,,,0.9,0.44,0.22,0.0,0.07692307692307693,0.5882352941176471,0.5454545454545454
strict,selection,8,mayo_4class,all,none,gain,tvae,catboost,mayo_4class|all|none|gain|tvae|catboost,ok,,404,50,55,0.3509986745280863,0.36,0.3267716727716728,0.3166361416361416,0.3278947368421053,0.3223684210526316,0.36,0.3509986745280863,,,,,0.9,0.42,0.22,0.1111111111111111,0.15384615384615385,0.4117647058823529,0.7272727272727273
strict,selection,8,mayo_4class,all,none,gain,tvae,stacking,mayo_4class|all|none|gain|tvae|stacking,ok,,404,50,55,0.3688239864710453,0.32,0.25952347737513976,0.2905498167646505,0.2784715719063545,0.28724916387959865,0.32,0.3688239864710453,,,,,0.94,0.48,0.2,0.4444444444444444,0.15384615384615385,0.058823529411764705,0.8181818181818182
strict,selection,8,mayo_4class,all,none,mice,none,rf,mayo_4class|all|none|mice|none|rf,ok,,202,50,55,0.21360665478312535,0.24,0.21238095238095236,0.19444444444444442,0.1948,0.18277777777777776,0.24,0.21360665478312535,,,,,1.04,0.5,0.26,0.1111111111111111,0.0,0.47058823529411764,0.2727272727272727
strict,selection,8,mayo_4class,all,none,mice,none,catboost,mayo_4class|all|none|mice|none|catboost,ok,,202,50,55,0.3595456830750948,0.36,0.3410857142857143,0.3355602240896358,0.33285714285714285,0.32317927170868344,0.36,0.3595456830750948,,,,,0.98,0.36,0.28,0.2222222222222222,0.07692307692307693,0.4117647058823529,0.7272727272727273
strict,selection,8,mayo_4class,all,none,mice,none,stacking,mayo_4class|all|none|mice|none|stacking,ok,,202,50,55,0.4003953562777092,0.38,0.3537723619393311,0.35595454152622935,0.3648627450980392,0.3509803921568627,0.38,0.4003953562777092,,,,,0.98,0.34,0.28,0.4444444444444444,0.07692307692307693,0.35294117647058826,0.7272727272727273
strict,selection,8,mayo_4class,all,none,mice,tvae,rf,mayo_4class|all|none|mice|tvae|rf,ok,,404,50,55,0.3048128342245989,0.36,0.2733333333333333,0.2410873440285205,0.23,0.2092245989304813,0.36,0.3048128342245989,,,,,0.84,0.44,0.2,0.0,0.0,0.7647058823529411,0.45454545454545453
strict,selection,8,mayo_4class,all,none,mice,tvae,catboost,mayo_4class|all|none|mice|tvae|catboost,ok,,404,50,55,0.3403149138443256,0.34,0.30995670995670993,0.30447330447330445,0.29227941176470584,0.28257761437908496,0.34,0.3403149138443256,,,,,0.94,0.4,0.26,0.2222222222222222,0.0,0.4117647058823529,0.7272727272727273
strict,selection,8,mayo_4class,all,none,mice,tvae,stacking,mayo_4class|all|none|mice|tvae|stacking,ok,,404,50,55,0.33139083139083136,0.28,0.20898395721925134,0.24701768819415879,0.17190635451505018,0.20234113712374582,0.28,0.33139083139083136,,,,,1.08,0.42,0.3,0.4444444444444444,0.15384615384615385,0.0,0.7272727272727273
strict,selection,8,mayo_4class,all,none,softimpute,none,rf,mayo_4class|all|none|softimpute|none|rf,ok,,202,50,55,0.25267379679144386,0.3,0.2326530612244898,0.20315398886827457,0.196875,0.1768465909090909,0.3,0.25267379679144386,,,,,0.84,0.58,0.12,0.0,0.0,0.6470588235294118,0.36363636363636365
strict,selection,8,mayo_4class,all,none,softimpute,none,catboost,mayo_4class|all|none|softimpute|none|catboost,ok,,202,50,55,0.3993326934503405,0.44,0.41409119830328733,0.38899583979117386,0.5275,0.5649038461538461,0.44,0.3993326934503405,,,,,0.7,0.44,0.12,0.1111111111111111,0.38461538461538464,0.6470588235294118,0.45454545454545453
strict,selection,8,mayo_4class,all,none,softimpute,none,stacking,mayo_4class|all|none|softimpute|none|stacking,ok,,202,50,55,0.4279217514511632,0.44,0.4158928571428572,0.4010416666666667,0.4261960784313725,0.4176470588235295,0.44,0.4279217514511632,,,,,0.72,0.42,0.14,0.1111111111111111,0.46153846153846156,0.4117647058823529,0.7272727272727273
strict,selection,8,mayo_4class,all,none,softimpute,tvae,rf,mayo_4class|all|none|softimpute|tvae|rf,ok,,404,50,55,0.27406417112299464,0.34,0.23631372549019608,0.20490196078431372,0.22069767441860463,0.2063953488372093,0.34,0.27406417112299464,,,,,0.82,0.5,0.16,0.0,0.0,0.8235294117647058,0.2727272727272727
strict,selection,8,mayo_4class,all,none,softimpute,tvae,catboost,mayo_4class|all|none|softimpute|tvae|catboost,ok,,404,50,55,0.33711549888020476,0.38,0.3293648889695435,0.3081255615702278,0.361,0.37083333333333335,0.38,0.33711549888020476,,,,,0.8,0.46,0.16,0.1111111111111111,0.07692307692307693,0.7058823529411765,0.45454545454545453
strict,selection,8,mayo_4class,all,none,softimpute,tvae,stacking,mayo_4class|all|none|softimpute|tvae|stacking,ok,,404,50,55,0.40705699529228945,0.4,0.3838016925603132,0.3857490210938487,0.41842703349282295,0.4220245215311005,0.4,0.40705699529228945,,,,,0.82,0.42,0.18,0.2222222222222222,0.38461538461538464,0.29411764705882354,0.7272727272727273
strict,selection,8,mayo_4class,all,none,raw,none,catboost,mayo_4class|all|none|raw|none|catboost,ok,,202,50,55,0.43759998171762876,0.46,0.42314814814814816,0.4078703703703704,0.4366086956521739,0.42789855072463767,0.46,0.43759998171762876,,,,,0.78,0.34,0.2,0.2222222222222222,0.15384615384615385,0.6470588235294118,0.7272727272727273
strict,selection,8,mayo_4class,drop_gt70_missing,none,mean,none,rf,mayo_4class|drop_gt70_missing|none|mean|none|rf,ok,,202,50,47,0.3789935554641437,0.4,0.38747830839652936,0.3768531802965088,0.39466666666666667,0.3916666666666667,0.4,0.3789935554641437,,,,,0.8,0.42,0.18,0.3333333333333333,0.23076923076923078,0.5882352941176471,0.36363636363636365
strict,selection,8,mayo_4class,drop_gt70_missing,none,mean,none,catboost,mayo_4class|drop_gt70_missing|none|mean|none|catboost,ok,,202,50,47,0.2702705790941085,0.3,0.27425917735515254,0.2537795022315146,0.2682333333333333,0.25382575757575754,0.3,0.2702705790941085,,,,,0.94,0.5,0.2,0.1111111111111111,0.07692307692307693,0.5294117647058824,0.36363636363636365
strict,selection,8,mayo_4class,drop_gt70_missing,none,mean,none,stacking,mayo_4class|drop_gt70_missing|none|mean|none|stacking,ok,,202,50,47,0.4485122720416838,0.44,0.4255665024630542,0.4171182266009852,0.45897243107769425,0.4338972431077694,0.44,0.4485122720416838,,,,,0.84,0.34,0.22,0.3333333333333333,0.23076923076923078,0.4117647058823529,0.8181818181818182
strict,selection,8,mayo_4class,drop_gt70_missing,none,mean,tvae,rf,mayo_4class|drop_gt70_missing|none|mean|tvae|rf,ok,,404,50,47,0.39830431006901595,0.44,0.40345454545454545,0.37803030303030305,0.42407814407814404,0.41697191697191693,0.44,0.39830431006901595,,,,,0.8,0.36,0.2,0.1111111111111111,0.23076923076923078,0.7058823529411765,0.5454545454545454
strict,selection,8,mayo_4class,drop_gt70_missing,none,mean,tvae,catboost,mayo_4class|drop_gt70_missing|none|mean|tvae|catboost,ok,,404,50,47,0.3592371680606975,0.38,0.36938528138528137,0.36103896103896105,0.37906666666666666,0.38166666666666665,0.38,0.3592371680606975,,,,,0.86,0.4,0.22,0.2222222222222222,0.23076923076923078,0.5294117647058824,0.45454545454545453
strict,selection,8,mayo_4class,drop_gt70_missing,none,mean,tvae,stacking,mayo_4class|drop_gt70_missing|none|mean|tvae|stacking,ok,,404,50,47,0.40617715617715616,0.34,0.25894465894465896,0.2985842985842986,0.2805344129554656,0.30587044534412955,0.34,0.40617715617715616,,,,,1.18,0.24,0.42,0.6666666666666666,0.23076923076923078,0.0,0.7272727272727273
strict,selection,8,mayo_4class,drop_gt70_missing,none,pmm,none,rf,mayo_4class|drop_gt70_missing|none|pmm|none|rf,ok,,202,50,47,0.3172791261026555,0.34,0.3252727272727273,0.3113636363636364,0.32224982746721875,0.31571930484973965,0.34,0.3172791261026555,,,,,0.84,0.5,0.16,0.2222222222222222,0.15384615384615385,0.5294117647058824,0.36363636363636365
strict,selection,8,mayo_4class,drop_gt70_missing,none,pmm,none,catboost,mayo_4class|drop_gt70_missing|none|pmm|none|catboost,ok,,202,50,47,0.33948078065725124,0.36,0.34471933471933475,0.32926195426195426,0.34253846153846157,0.3355769230769231,0.36,0.33948078065725124,,,,,0.8,0.5,0.14,0.1111111111111111,0.23076923076923078,0.47058823529411764,0.5454545454545454
strict,selection,8,mayo_4class,drop_gt70_missing,none,pmm,none,stacking,mayo_4class|drop_gt70_missing|none|pmm|none|stacking,ok,,202,50,47,0.41962612550847844,0.4,0.38521769418321145,0.3854057819575061,0.4149401709401709,0.3935897435897436,0.4,0.41962612550847844,,,,,0.86,0.38,0.22,0.4444444444444444,0.15384615384615385,0.35294117647058826,0.7272727272727273
strict,selection,8,mayo_4class,drop_gt70_missing,none,pmm,tvae,rf,mayo_4class|drop_gt70_missing|none|pmm|tvae|rf,ok,,404,50,47,0.34061200237670824,0.38,0.30920000000000003,0.295,0.4051748251748252,0.45629370629370636,0.38,0.34061200237670824,,,,,0.8,0.46,0.16,0.1111111111111111,0.0,0.7058823529411765,0.5454545454545454
strict,selection,8,mayo_4class,drop_gt70_missing,none,pmm,tvae,catboost,mayo_4class|drop_gt70_missing|none|pmm|tvae|catboost,ok,,404,50,47,0.409742218565748,0.42,0.40880879120879116,0.4068131868131868,0.42087662337662335,0.42816558441558444,0.42,0.409742218565748,,,,,0.76,0.42,0.16,0.3333333333333333,0.23076923076923078,0.5294117647058824,0.5454545454545454
strict,selection,8,mayo_4class,drop_gt70_missing,none,pmm,tvae,stacking,mayo_4class|drop_gt70_missing|none|pmm|tvae|stacking,ok,,404,50,47,0.3957676310617487,0.36,0.3298109790605546,0.35149971703452176,0.45213725490196083,0.4276960784313726,0.36,0.3957676310617487,,,,,0.94,0.4,0.24,0.4444444444444444,0.38461538461538464,0.11764705882352941,0.6363636363636364
strict,selection,8,mayo_4class,drop_gt70_missing,none,gain,none,rf,mayo_4class|drop_gt70_missing|none|gain|none|rf,ok,,202,50,47,0.3819644407879702,0.4,0.3888260869565217,0.38074769433465083,0.3910434782608696,0.3925230566534914,0.4,0.3819644407879702,,,,,0.74,0.46,0.14,0.2222222222222222,0.23076923076923078,0.5294117647058824,0.5454545454545454
strict,selection,8,mayo_4class,drop_gt70_missing,none,gain,none,catboost,mayo_4class|drop_gt70_missing|none|gain|none|catboost,ok,,202,50,47,0.3784679372914667,0.4,0.3909159856162144,0.37680614579928084,0.40028571428571424,0.39642857142857146,0.4,0.3784679372914667,,,,,0.8,0.44,0.16,0.2222222222222222,0.3076923076923077,0.5294117647058824,0.45454545454545453
strict,selection,8,mayo_4class,drop_gt70_missing,none,gain,none,stacking,mayo_4class|drop_gt70_missing|none|gain|none|stacking,ok,,202,50,47,0.3787764523058641,0.38,0.36066666666666664,0.3472222222222222,0.3811721611721612,0.3568376068376068,0.38,0.3787764523058641,,,,,0.96,0.36,0.26,0.2222222222222222,0.15384615384615385,0.4117647058823529,0.7272727272727273
strict,selection,8,mayo_4class,drop_gt70_missing,none,gain,tvae,rf,mayo_4class|drop_gt70_missing|none|gain|tvae|rf,ok,,404,50,47,0.30584121760592353,0.36,0.29793684210526317,0.2635406698564593,0.2903030303030303,0.26515151515151514,0.36,0.30584121760592353,,,,,0.86,0.44,0.2,0.0,0.15384615384615385,0.7058823529411765,0.36363636363636365
strict,selection,8,mayo_4class,drop_gt70_missing,none,gain,tvae,catboost,mayo_4class|drop_gt70_missing|none|gain|tvae|catboost,ok,,404,50,47,0.362208053384524,0.38,0.36436036036036035,0.3497747747747748,0.35537062937062935,0.3444638694638694,0.38,0.362208053384524,,,,,0.8,0.46,0.16,0.1111111111111111,0.23076923076923078,0.47058823529411764,0.6363636363636364
strict,selection,8,mayo_4class,drop_gt70_missing,none,gain,tvae,stacking,mayo_4class|drop_gt70_missing|none|gain|tvae|stacking,ok,,404,50,47,0.33352758352758355,0.3,0.23079838709677417,0.2571572580645161,0.18914832535885168,0.21124401913875598,0.3,0.33352758352758355,,,,,1.02,0.42,0.28,0.2222222222222222,0.38461538461538464,0.0,0.7272727272727273
strict,selection,8,mayo_4class,drop_gt70_missing,none,mice,none,rf,mayo_4class|drop_gt70_missing|none|mice|none|rf,ok,,202,50,47,0.26061520179167236,0.28,0.25988004895960837,0.24989460084319326,0.2612820512820513,0.25747863247863245,0.28,0.26061520179167236,,,,,0.94,0.52,0.2,0.2222222222222222,0.07692307692307693,0.47058823529411764,0.2727272727272727
strict,selection,8,mayo_4class,drop_gt70_missing,none,mice,none,catboost,mayo_4class|drop_gt70_missing|none|mice|none|catboost,ok,,202,50,47,0.30257324374971434,0.32,0.3086404975649827,0.29478378219796986,0.3196363636363636,0.30757575757575756,0.32,0.30257324374971434,,,,,1.0,0.42,0.26,0.2222222222222222,0.15384615384615385,0.47058823529411764,0.36363636363636365
strict,selection,8,mayo_4class,drop_gt70_missing,none,mice,none,stacking,mayo_4class|drop_gt70_missing|none|mice|none|stacking,ok,,202,50,47,0.30740664564193976,0.3,0.2778843159065629,0.2763348164627364,0.27685425685425685,0.2676767676767677,0.3,0.30740664564193976,,,,,0.98,0.48,0.22,0.2222222222222222,0.07692307692307693,0.29411764705882354,0.6363636363636364
strict,selection,8,mayo_4class,drop_gt70_missing,none,mice,tvae,rf,mayo_4class|drop_gt70_missing|none|mice|tvae|rf,ok,,404,50,47,0.2951574569221628,0.34,0.27646996278575225,0.2618288144603934,0.31027027027027027,0.3310810810810811,0.34,0.2951574569221628,,,,,0.86,0.46,0.2,0.1111111111111111,0.0,0.7058823529411765,0.36363636363636365
strict,selection,8,mayo_4class,drop_gt70_missing,none,mice,tvae,catboost,mayo_4class|drop_gt70_missing|none|mice|tvae|catboost,ok,,404,50,47,0.3354815119521002,0.36,0.32669509043927647,0.31489018087855297,0.3273846153846154,0.32564102564102565,0.36,0.3354815119521002,,,,,0.88,0.42,0.22,0.2222222222222222,0.07692307692307693,0.5882352941176471,0.45454545454545453
strict,selection,8,mayo_4class,drop_gt70_missing,none,mice,tvae,stacking,mayo_4class|drop_gt70_missing|none|mice|tvae|stacking,ok,,404,50,47,0.33139083139083136,0.28,0.20947144075021312,0.2462702472293265,0.17522303783173349,0.2038396386222473,0.28,0.33139083139083136,,,,,1.08,0.42,0.3,0.4444444444444444,0.15384615384615385,0.0,0.7272727272727273
strict,selection,8,mayo_4class,drop_gt70_missing,none,softimpute,none,rf,mayo_4class|drop_gt70_missing|none|softimpute|none|rf,ok,,202,50,47,0.30018510900863843,0.34,0.3095238095238095,0.2793040293040293,0.29040000000000005,0.26692307692307693,0.34,0.30018510900863843,,,,,0.82,0.52,0.14,0.0,0.3076923076923077,0.5294117647058824,0.36363636363636365
strict,selection,8,mayo_4class,drop_gt70_missing,none,softimpute,none,catboost,mayo_4class|drop_gt70_missing|none|softimpute|none|catboost,ok,,202,50,47,0.2985511220805338,0.32,0.31274396135265703,0.2944351542177629,0.30859649122807015,0.2940283400809716,0.32,0.2985511220805338,,,,,0.9,0.5,0.18,0.1111111111111111,0.3076923076923077,0.4117647058823529,0.36363636363636365
strict,selection,8,mayo_4class,drop_gt70_missing,none,softimpute,none,stacking,mayo_4class|drop_gt70_missing|none|softimpute|none|stacking,ok,,202,50,47,0.3584144613556378,0.34,0.3151483870967742,0.32151089054314863,0.33549999999999996,0.3262286324786325,0.34,0.3584144613556378,,,,,0.94,0.44,0.22,0.2222222222222222,0.3076923076923077,0.17647058823529413,0.7272727272727273
strict,selection,8,mayo_4class,drop_gt70_missing,none,softimpute,tvae,rf,mayo_4class|drop_gt70_missing|none|softimpute|tvae|rf,ok,,404,50,47,0.31705059646236117,0.38,0.3174736842105263,0.2789473684210526,0.32021428571428573,0.29375,0.38,0.31705059646236117,,,,,0.82,0.44,0.18,0.0,0.23076923076923078,0.7647058823529411,0.2727272727272727
strict,selection,8,mayo_4class,drop_gt70_missing,none,softimpute,tvae,catboost,mayo_4class|drop_gt70_missing|none|softimpute|tvae|catboost,ok,,404,50,47,0.3993326934503405,0.44,0.4194871794871795,0.3892773892773893,0.415,0.3972902097902098,0.44,0.3993326934503405,,,,,0.72,0.42,0.14,0.1111111111111111,0.38461538461538464,0.6470588235294118,0.45454545454545453
strict,selection,8,mayo_4class,drop_gt70_missing,none,softimpute,tvae,stacking,mayo_4class|drop_gt70_missing|none|softimpute|tvae|stacking,ok,,404,50,47,0.3821701174642351,0.36,0.32720525451559934,0.33440065681444986,0.4467982456140351,0.40734649122807015,0.36,0.3821701174642351,,,,,0.98,0.38,0.26,0.2222222222222222,0.46153846153846156,0.11764705882352941,0.7272727272727273
strict,selection,8,mayo_4class,drop_gt70_missing,none,raw,none,catboost,mayo_4class|drop_gt70_missing|none|raw|none|catboost,ok,,202,50,47,0.3723890488596371,0.4,0.36902144249512664,0.34454191033138404,0.3624404761904762,0.3415178571428571,0.4,0.3723890488596371,,,,,0.86,0.38,0.22,0.1111111111111111,0.15384615384615385,0.5882352941176471,0.6363636363636364
strict,selection,9,mayo_4class,all,none,mean,none,rf,mayo_4class|all|none|mean|none|rf,ok,,202,50,55,0.35521504639151696,0.38,0.3722857142857143,0.35054112554112554,0.36777777777777776,0.34974747474747475,0.38,0.35521504639151696,,,,,0.88,0.38,0.24,0.1111111111111111,0.38461538461538464,0.47058823529411764,0.45454545454545453
strict,selection,9,mayo_4class,all,none,mean,none,catboost,mayo_4class|all|none|mean|none|catboost,ok,,202,50,55,0.2440468028703323,0.28,0.2573512224209899,0.2347793679189028,0.2588539238539238,0.25004856254856256,0.28,0.2440468028703323,,,,,1.0,0.46,0.26,0.1111111111111111,0.15384615384615385,0.5294117647058824,0.18181818181818182
strict,selection,9,mayo_4class,all,none,mean,none,stacking,mayo_4class|all|none|mean|none|stacking,ok,,202,50,55,0.3084350290232643,0.3,0.2915708812260537,0.2933244916003537,0.29583333333333334,0.29033119658119655,0.3,0.3084350290232643,,,,,0.98,0.46,0.24,0.2222222222222222,0.23076923076923078,0.23529411764705882,0.5454545454545454
strict,selection,9,mayo_4class,all,none,mean,tvae,rf,mayo_4class|all|none|mean|tvae|rf,ok,,404,50,55,0.3164449929155812,0.36,0.3403157894736842,0.3071187584345479,0.3328260869565217,0.30901616499442586,0.36,0.3164449929155812,,,,,0.9,0.4,0.24,0.1111111111111111,0.38461538461538464,0.5882352941176471,0.18181818181818182
strict,selection,9,mayo_4class,all,none,mean,tvae,catboost,mayo_4class|all|none|mean|tvae|catboost,ok,,404,50,55,0.3653960418666301,0.4,0.38229185002640376,0.35565921492694946,0.3785714285714286,0.3626373626373626,0.4,0.3653960418666301,,,,,0.9,0.32,0.28,0.1111111111111111,0.3076923076923077,0.5882352941176471,0.45454545454545453
strict,selection,9,mayo_4class,all,none,mean,tvae,stacking,mayo_4class|all|none|mean|tvae|stacking,ok,,404,50,55,0.3108003108003108,0.28,0.21600000000000003,0.23939393939393938,0.17919786096256687,0.1985294117647059,0.28,0.3108003108003108,,,,,1.1,0.38,0.34,0.2222222222222222,0.38461538461538464,0.0,0.6363636363636364
strict,selection,9,mayo_4class,all,none,pmm,none,rf,mayo_4class|all|none|pmm|none|rf,ok,,202,50,55,0.3779423191187897,0.4,0.38554889222055644,0.36941945693819755,0.39440789473684207,0.39172149122807015,0.4,0.3779423191187897,,,,,0.84,0.38,0.22,0.1111111111111111,0.38461538461538464,0.47058823529411764,0.5454545454545454
strict,selection,9,mayo_4class,all,none,pmm,none,catboost,mayo_4class|all|none|pmm|none|catboost,ok,,202,50,55,0.3264088852324146,0.36,0.3415384615384615,0.3054298642533937,0.32799999999999996,0.29004524886877825,0.36,0.3264088852324146,,,,,0.96,0.38,0.26,0.0,0.23076923076923078,0.5294117647058824,0.5454545454545454
strict,selection,9,mayo_4class,all,none,pmm,none,stacking,mayo_4class|all|none|pmm|none|stacking,ok,,202,50,55,0.3124571506924448,0.3,0.283615982484948,0.2811275314723591,0.3050637254901961,0.28927696078431375,0.3,0.3124571506924448,,,,,1.12,0.4,0.3,0.3333333333333333,0.07692307692307693,0.29411764705882354,0.5454545454545454
strict,selection,9,mayo_4class,all,none,pmm,tvae,rf,mayo_4class|all|none|pmm|tvae|rf,ok,,404,50,55,0.29463183874948584,0.34,0.29363636363636364,0.26136363636363635,0.2674074074074074,0.24326599326599324,0.34,0.29463183874948584,,,,,0.88,0.46,0.2,0.0,0.07692307692307693,0.6470588235294118,0.45454545454545453
strict,selection,9,mayo_4class,all,none,pmm,tvae,catboost,mayo_4class|all|none|pmm|tvae|catboost,ok,,404,50,55,0.36273367155720093,0.38,0.36673873873873875,0.354954954954955,0.36181118881118884,0.35667249417249414,0.38,0.36273367155720093,,,,,0.88,0.38,0.24,0.2222222222222222,0.15384615384615385,0.5294117647058824,0.5454545454545454
strict,selection,9,mayo_4class,all,none,pmm,tvae,stacking,mayo_4class|all|none|pmm|tvae|stacking,ok,,404,50,55,0.4411421911421911,0.38,0.3046095238095238,0.3438095238095238,0.26789473684210524,0.29605263157894735,0.38,0.4411421911421911,,,,,0.98,0.34,0.28,0.6666666666666666,0.46153846153846156,0.0,0.6363636363636364
strict,selection,9,mayo_4class,all,none,gain,none,rf,mayo_4class|all|none|gain|none|rf,ok,,202,50,55,0.308732117555647,0.34,0.3241591017677974,0.30055542283803155,0.31933333333333336,0.3037878787878788,0.34,0.308732117555647,,,,,0.9,0.46,0.2,0.1111111111111111,0.23076923076923078,0.5294117647058824,0.36363636363636365
strict,selection,9,mayo_4class,all,none,gain,none,catboost,mayo_4class|all|none|gain|none|catboost,ok,,202,50,55,0.3148909913615796,0.36,0.336288441145281,0.29981683216041644,0.3256666666666667,0.29507575757575755,0.36,0.3148909913615796,,,,,0.9,0.42,0.22,0.0,0.3076923076923077,0.5882352941176471,0.36363636363636365
strict,selection,9,mayo_4class,all,none,gain,none,stacking,mayo_4class|all|none|gain|none|stacking,ok,,202,50,55,0.3314593902829197,0.36,0.35008556149732617,0.32259358288770057,0.3487907268170426,0.32229010025062654,0.36,0.3314593902829197,,,,,0.9,0.42,0.22,0.1111111111111111,0.23076923076923078,0.5294117647058824,0.45454545454545453
strict,selection,9,mayo_4class,all,none,gain,tvae,rf,mayo_4class|all|none|gain|tvae|rf,ok,,404,50,55,0.40498880204762555,0.46,0.4145558441558442,0.38783549783549787,0.5002424242424243,0.5060606060606061,0.46,0.40498880204762555,,,,,0.7,0.4,0.14,0.1111111111111111,0.23076923076923078,0.8235294117647058,0.45454545454545453
strict,selection,9,mayo_4class,all,none,gain,tvae,catboost,mayo_4class|all|none|gain|tvae|catboost,ok,,404,50,55,0.29668860551213494,0.34,0.3169230769230769,0.27972027972027974,0.2990909090909091,0.2666083916083916,0.34,0.29668860551213494,,,,,0.88,0.46,0.2,0.0,0.38461538461538464,0.5294117647058824,0.2727272727272727
strict,selection,9,mayo_4class,all,none,gain,tvae,stacking,mayo_4class|all|none|gain|tvae|stacking,ok,,404,50,55,0.3108003108003108,0.28,0.22081140350877193,0.24533991228070173,0.18580392156862746,0.2068627450980392,0.28,0.3108003108003108,,,,,1.04,0.46,0.26,0.2222222222222222,0.38461538461538464,0.0,0.6363636363636364
strict,selection,9,mayo_4class,all,none,mice,none,rf,mayo_4class|all|none|mice|none|rf,ok,,202,50,55,0.3007107271813154,0.34,0.3208536585365854,0.29278455284552846,0.3159090909090909,0.2973484848484848,0.34,0.3007107271813154,,,,,0.96,0.38,0.28,0.1111111111111111,0.23076923076923078,0.5882352941176471,0.2727272727272727
strict,selection,9,mayo_4class,all,none,mice,none,catboost,mayo_4class|all|none|mice|none|catboost,ok,,202,50,55,0.2537021801727684,0.3,0.2718536585365854,0.23541275797373357,0.255,0.22596153846153844,0.3,0.2537021801727684,,,,,0.96,0.46,0.24,0.0,0.15384615384615385,0.5882352941176471,0.2727272727272727
strict,selection,9,mayo_4class,all,none,mice,none,stacking,mayo_4class|all|none|mice|none|stacking,ok,,202,50,55,0.28467937291466705,0.28,0.26478968253968255,0.26304563492063493,0.26106060606060605,0.2537878787878788,0.28,0.28467937291466705,,,,,1.08,0.42,0.3,0.2222222222222222,0.07692307692307693,0.29411764705882354,0.5454545454545454
strict,selection,9,mayo_4class,all,none,mice,tvae,rf,mayo_4class|all|none|mice|tvae|rf,ok,,404,50,55,0.3675556469674117,0.42,0.3811630591630591,0.34953102453102447,0.39252380952380955,0.3827380952380952,0.42,0.3675556469674117,,,,,0.74,0.44,0.14,0.1111111111111111,0.23076923076923078,0.7647058823529411,0.36363636363636365
strict,selection,9,mayo_4class,all,none,mice,tvae,catboost,mayo_4class|all|none|mice|tvae|catboost,ok,,404,50,55,0.29371772018830844,0.34,0.31486434920191725,0.279189352692075,0.30829545454545454,0.28551136363636365,0.34,0.29371772018830844,,,,,0.92,0.42,0.24,0.1111111111111111,0.38461538461538464,0.5882352941176471,0.09090909090909091
strict,selection,9,mayo_4class,all,none,mice,tvae,stacking,mayo_4class|all|none|mice|tvae|stacking,ok,,404,50,55,0.3169591846062434,0.3,0.2515277777777778,0.2586805555555556,0.515438596491228,0.4400584795321637,0.3,0.3169591846062434,,,,,1.04,0.4,0.3,0.1111111111111111,0.46153846153846156,0.058823529411764705,0.6363636363636364
strict,selection,9,mayo_4class,all,none,softimpute,none,rf,mayo_4class|all|none|softimpute|none|rf,ok,,202,50,55,0.30584121760592353,0.36,0.30847619047619046,0.2702380952380952,0.280987012987013,0.2525974025974026,0.36,0.30584121760592353,,,,,0.9,0.42,0.22,0.0,0.15384615384615385,0.7058823529411765,0.36363636363636365
strict,selection,9,mayo_4class,all,none,softimpute,none,catboost,mayo_4class|all|none|softimpute|none|catboost,ok,,202,50,55,0.24568078979843688,0.3,0.25029239766081873,0.21603027175782594,0.2595238095238095,0.23564425770308123,0.3,0.24568078979843688,,,,,1.02,0.42,0.28,0.0,0.15384615384615385,0.6470588235294118,0.18181818181818182
strict,selection,9,mayo_4class,all,none,softimpute,none,stacking,mayo_4class|all|none|softimpute|none|stacking,ok,,202,50,55,0.3095662507427213,0.32,0.28253846153846157,0.2778846153846154,0.2576894409937888,0.25838509316770186,0.32,0.3095662507427213,,,,,1.0,0.42,0.26,0.2222222222222222,0.0,0.47058823529411764,0.5454545454545454
strict,selection,9,mayo_4class,all,none,softimpute,tvae,rf,mayo_4class|all|none|softimpute|tvae|rf,ok,,404,50,55,0.3114973262032086,0.38,0.26551293487957184,0.23238180196253344,0.23142857142857143,0.2142857142857143,0.38,0.3114973262032086,,,,,0.84,0.42,0.2,0.0,0.0,0.8823529411764706,0.36363636363636365
strict,selection,9,mayo_4class,all,none,softimpute,tvae,catboost,mayo_4class|all|none|softimpute|tvae|catboost,ok,,404,50,55,0.25586178527354997,0.32,0.24707482993197283,0.20408163265306123,0.21462499999999998,0.1828125,0.32,0.25586178527354997,,,,,0.92,0.46,0.22,0.0,0.07692307692307693,0.7647058823529411,0.18181818181818182
strict,selection,9,mayo_4class,all,none,softimpute,tvae,stacking,mayo_4class|all|none|softimpute|tvae|stacking,ok,,404,50,55,0.33782394076511724,0.34,0.3015568965517242,0.2900646551724138,0.30884502923976603,0.28307748538011696,0.34,0.33782394076511724,,,,,0.98,0.36,0.3,0.0,0.5384615384615384,0.17647058823529413,0.6363636363636364
strict,selection,9,mayo_4class,all,none,raw,none,catboost,mayo_4class|all|none|raw|none|catboost,ok,,202,50,55,0.27293294940353763,0.32,0.2852286843591191,0.2502823263692829,0.26992592592592596,0.24259259259259258,0.32,0.27293294940353763,,,,,0.96,0.44,0.24,0.0,0.23076923076923078,0.5882352941176471,0.2727272727272727
strict,selection,9,mayo_4class,drop_gt70_missing,none,mean,none,rf,mayo_4class|drop_gt70_missing|none|mean|none|rf,ok,,202,50,47,0.34719365601718544,0.38,0.3698509521667417,0.34657369920527814,0.37194805194805197,0.3582251082251082,0.38,0.34719365601718544,,,,,0.92,0.34,0.28,0.1111111111111111,0.38461538461538464,0.5294117647058824,0.36363636363636365
strict,selection,9,mayo_4class,drop_gt70_missing,none,mean,none,catboost,mayo_4class|drop_gt70_missing|none|mean|none|catboost,ok,,202,50,47,0.24701768819415879,0.28,0.2576,0.23090909090909092,0.24159420289855071,0.219532279314888,0.28,0.24701768819415879,,,,,1.02,0.44,0.28,0.0,0.15384615384615385,0.47058823529411764,0.36363636363636365
strict,selection,9,mayo_4class,drop_gt70_missing,none,mean,none,stacking,mayo_4class|drop_gt70_missing|none|mean|none|stacking,ok,,202,50,47,0.361602449837744,0.36,0.3612255158970223,0.34867244740202996,0.4146904761904762,0.3788690476190476,0.36,0.361602449837744,,,,,1.0,0.34,0.3,0.2222222222222222,0.38461538461538464,0.29411764705882354,0.5454545454545454
strict,selection,9,mayo_4class,drop_gt70_missing,none,mean,tvae,rf,mayo_4class|drop_gt70_missing|none|mean|tvae|rf,ok,,404,50,47,0.3426687691393574,0.38,0.36205128205128206,0.3344988344988345,0.35954545454545456,0.34396853146853146,0.38,0.3426687691393574,,,,,0.8,0.46,0.16,0.1111111111111111,0.3076923076923077,0.5882352941176471,0.36363636363636365
strict,selection,9,mayo_4class,drop_gt70_missing,none,mean,tvae,catboost,mayo_4class|drop_gt70_missing|none|mean|tvae|catboost,ok,,404,50,47,0.34905617258558436,0.36,0.36014080459770115,0.3491738505747127,0.36828205128205127,0.3586538461538461,0.36,0.34905617258558436,,,,,0.9,0.4,0.24,0.2222222222222222,0.3076923076923077,0.4117647058823529,0.45454545454545453
strict,selection,9,mayo_4class,drop_gt70_missing,none,mean,tvae,stacking,mayo_4class|drop_gt70_missing|none|mean|tvae|stacking,ok,,404,50,47,0.36635586635586637,0.32,0.25164502164502167,0.28625541125541126,0.21205128205128204,0.23980186480186477,0.32,0.36635586635586637,,,,,1.06,0.36,0.32,0.4444444444444444,0.38461538461538464,0.0,0.6363636363636364
strict,selection,9,mayo_4class,drop_gt70_missing,none,pmm,none,rf,mayo_4class|drop_gt70_missing|none|pmm|none|rf,ok,,202,50,47,0.28600484482837424,0.32,0.3051419768934532,0.2820367993153615,0.305,0.29166666666666663,0.32,0.28600484482837424,,,,,0.96,0.42,0.26,0.1111111111111111,0.23076923076923078,0.5294117647058824,0.2727272727272727
strict,selection,9,mayo_4class,drop_gt70_missing,none,pmm,none,catboost,mayo_4class|drop_gt70_missing|none|pmm|none|catboost,ok,,202,50,47,0.33487590840532017,0.34,0.3403,0.33669117647058827,0.345,0.3440126050420168,0.34,0.33487590840532017,,,,,0.92,0.42,0.24,0.3333333333333333,0.23076923076923078,0.4117647058823529,0.36363636363636365
strict,selection,9,mayo_4class,drop_gt70_missing,none,pmm,none,stacking,mayo_4class|drop_gt70_missing|none|pmm|none|stacking,ok,,202,50,47,0.29980803510215276,0.28,0.26755343915343915,0.279021164021164,0.2787127578304049,0.2787910618792972,0.28,0.29980803510215276,,,,,1.06,0.42,0.3,0.3333333333333333,0.38461538461538464,0.11764705882352941,0.36363636363636365
strict,selection,9,mayo_4class,drop_gt70_missing,none,pmm,tvae,rf,mayo_4class|drop_gt70_missing|none|pmm|tvae|rf,ok,,404,50,47,0.2951574569221628,0.34,0.2877777777777778,0.2704248366013072,0.3057142857142857,0.31442577030812324,0.34,0.2951574569221628,,,,,0.86,0.48,0.18,0.1111111111111111,0.0,0.7058823529411765,0.36363636363636365
strict,selection,9,mayo_4class,drop_gt70_missing,none,pmm,tvae,catboost,mayo_4class|drop_gt70_missing|none|pmm|tvae|catboost,ok,,404,50,47,0.2758238493532611,0.3,0.2969283413848631,0.2734826418490101,0.295,0.27258403361344535,0.3,0.2758238493532611,,,,,1.0,0.44,0.26,0.1111111111111111,0.3076923076923077,0.4117647058823529,0.2727272727272727
strict,selection,9,mayo_4class,drop_gt70_missing,none,pmm,tvae,stacking,mayo_4class|drop_gt70_missing|none|pmm|tvae|stacking,ok,,404,50,47,0.36183097947803833,0.32,0.27543987889635096,0.3034226277596104,0.37200000000000005,0.3583333333333333,0.32,0.36183097947803833,,,,,1.0,0.4,0.28,0.4444444444444444,0.3076923076923077,0.058823529411764705,0.6363636363636364
strict,selection,9,mayo_4class,drop_gt70_missing,none,gain,none,rf,mayo_4class|drop_gt70_missing|none|gain|none|rf,ok,,202,50,47,0.30523561405914346,0.34,0.32450638792102204,0.30023228803716606,0.3240454545454546,0.30965909090909094,0.34,0.30523561405914346,,,,,0.94,0.4,0.26,0.1111111111111111,0.3076923076923077,0.5294117647058824,0.2727272727272727
strict,selection,9,mayo_4class,drop_gt70_missing,none,gain,none,catboost,mayo_4class|drop_gt70_missing|none|gain|none|catboost,ok,,202,50,47,0.308732117555647,0.34,0.3259230769230769,0.30212703962703963,0.32,0.303030303030303,0.34,0.308732117555647,,,,,0.96,0.38,0.28,0.1111111111111111,0.23076923076923078,0.5294117647058824,0.36363636363636365
strict,selection,9,mayo_4class,drop_gt70_missing,none,gain,none,stacking,mayo_4class|drop_gt70_missing|none|gain|none|stacking,ok,,202,50,47,0.2614264820147173,0.26,0.24701049475262368,0.24022155588872232,0.2548070175438596,0.24005847953216372,0.26,0.2614264820147173,,,,,1.1,0.46,0.28,0.1111111111111111,0.15384615384615385,0.23529411764705882,0.5454545454545454
strict,selection,9,mayo_4class,drop_gt70_missing,none,gain,tvae,rf,mayo_4class|drop_gt70_missing|none|gain|tvae|rf,ok,,404,50,47,0.33814388226152936,0.38,0.3525,0.3304924242424242,0.4166451612903226,0.4129521016617791,0.38,0.33814388226152936,,,,,0.84,0.42,0.2,0.1111111111111111,0.23076923076923078,0.6470588235294118,0.36363636363636365
strict,selection,9,mayo_4class,drop_gt70_missing,none,gain,tvae,catboost,mayo_4class|drop_gt70_missing|none|gain|tvae|catboost,ok,,404,50,47,0.2288153023447141,0.26,0.2396260869565217,0.2127173913043478,0.22862111801242238,0.20465838509316772,0.26,0.2288153023447141,,,,,1.04,0.46,0.28,0.0,0.23076923076923078,0.4117647058823529,0.2727272727272727
strict,selection,9,mayo_4class,drop_gt70_missing,none,gain,tvae,stacking,mayo_4class|drop_gt70_missing|none|gain|tvae|stacking,ok,,404,50,47,0.24456099456099456,0.22,0.16607380520266182,0.18410053346532473,0.13675,0.15142045454545455,0.22,0.24456099456099456,,,,,1.16,0.44,0.34,0.1111111111111111,0.23076923076923078,0.0,0.6363636363636364
strict,selection,9,mayo_4class,drop_gt70_missing,none,mice,none,rf,mayo_4class|drop_gt70_missing|none|mice|none|rf,ok,,202,50,47,0.20958453311394487,0.24,0.2249084249084249,0.19963369963369962,0.21418181818181817,0.193006993006993,0.24,0.20958453311394487,,,,,1.06,0.48,0.28,0.0,0.15384615384615385,0.4117647058823529,0.2727272727272727
strict,selection,9,mayo_4class,drop_gt70_missing,none,mice,none,catboost,mayo_4class|drop_gt70_missing|none|mice|none|catboost,ok,,202,50,47,0.2764294529000412,0.32,0.2997744360902256,0.26597744360902253,0.2924927536231884,0.2670289855072464,0.32,0.2764294529000412,,,,,0.94,0.44,0.24,0.0,0.15384615384615385,0.5882352941176471,0.36363636363636365
strict,selection,9,mayo_4class,drop_gt70_missing,none,mice,none,stacking,mayo_4class|drop_gt70_missing|none|mice|none|stacking,ok,,202,50,47,0.2239933269345034,0.22,0.21043356643356645,0.2134032634032634,0.2070833333333333,0.21033653846153844,0.22,0.2239933269345034,,,,,1.04,0.54,0.24,0.1111111111111111,0.15384615384615385,0.17647058823529413,0.45454545454545453
strict,selection,9,mayo_4class,drop_gt70_missing,none,mice,tvae,rf,mayo_4class|drop_gt70_missing|none|mice|tvae|rf,ok,,404,50,47,0.3290941085058732,0.38,0.3268,0.3032456140350877,0.3472727272727273,0.3484848484848485,0.38,0.3290941085058732,,,,,0.76,0.5,0.12,0.1111111111111111,0.07692307692307693,0.7647058823529411,0.36363636363636365
strict,selection,9,mayo_4class,drop_gt70_missing,none,mice,tvae,catboost,mayo_4class|drop_gt70_missing|none|mice|tvae|catboost,ok,,404,50,47,0.27293294940353763,0.32,0.2952699490662139,0.2549660441426146,0.2785714285714285,0.244047619047619,0.32,0.27293294940353763,,,,,0.98,0.4,0.28,0.0,0.23076923076923078,0.5882352941176471,0.2727272727272727
strict,selection,9,mayo_4class,drop_gt70_missing,none,mice,tvae,stacking,mayo_4class|drop_gt70_missing|none|mice|tvae|stacking,ok,,404,50,47,0.276029526029526,0.26,0.19814965066486365,0.2128408834798287,0.1627415458937198,0.17678140096618358,0.26,0.276029526029526,,,,,1.1,0.42,0.32,0.1111111111111111,0.5384615384615384,0.0,0.45454545454545453
strict,selection,9,mayo_4class,drop_gt70_missing,none,softimpute,none,rf,mayo_4class|drop_gt70_missing|none|softimpute|none|rf,ok,,202,50,47,0.29968234379999087,0.34,0.31027646973855266,0.2853603928932544,0.3036239316239316,0.2918803418803419,0.34,0.29968234379999087,,,,,0.9,0.44,0.22,0.1111111111111111,0.07692307692307693,0.6470588235294118,0.36363636363636365
strict,selection,9,mayo_4class,drop_gt70_missing,none,softimpute,none,catboost,mayo_4class|drop_gt70_missing|none|softimpute|none|catboost,ok,,202,50,47,0.24568078979843688,0.3,0.2596491228070175,0.21929824561403508,0.24079124579124578,0.2098063973063973,0.3,0.24568078979843688,,,,,1.02,0.42,0.28,0.0,0.15384615384615385,0.6470588235294118,0.18181818181818182
strict,selection,9,mayo_4class,drop_gt70_missing,none,softimpute,none,stacking,mayo_4class|drop_gt70_missing|none|softimpute|none|stacking,ok,,202,50,47,0.2987796517208282,0.28,0.2711192118226601,0.283111658456486,0.27883838383838383,0.2834595959595959,0.28,0.2987796517208282,,,,,1.0,0.48,0.24,0.3333333333333333,0.23076923076923078,0.17647058823529413,0.45454545454545453
strict,selection,9,mayo_4class,drop_gt70_missing,none,softimpute,tvae,rf,mayo_4class|drop_gt70_missing|none|softimpute|tvae|rf,ok,,404,50,47,0.29329494035376386,0.36,0.2746588693957115,0.23635477582846,0.2631486486486487,0.23834459459459462,0.36,0.29329494035376386,,,,,0.78,0.52,0.12,0.0,0.07692307692307693,0.8235294117647058,0.2727272727272727
strict,selection,9,mayo_4class,drop_gt70_missing,none,softimpute,tvae,catboost,mayo_4class|drop_gt70_missing|none|softimpute|tvae|catboost,ok,,404,50,47,0.29166095342565934,0.34,0.29952644456992283,0.2719555806512328,0.32771428571428574,0.33214285714285713,0.34,0.29166095342565934,,,,,0.88,0.46,0.2,0.1111111111111111,0.07692307692307693,0.7058823529411765,0.2727272727272727
strict,selection,9,mayo_4class,drop_gt70_missing,none,softimpute,tvae,stacking,mayo_4class|drop_gt70_missing|none|softimpute|tvae|stacking,ok,,404,50,47,0.26995063759769644,0.26,0.2060215053763441,0.20814132104454686,0.2210909090909091,0.20681818181818182,0.26,0.26995063759769644,,,,,1.08,0.44,0.3,0.0,0.38461538461538464,0.058823529411764705,0.6363636363636364
strict,selection,9,mayo_4class,drop_gt70_missing,none,raw,none,catboost,mayo_4class|drop_gt70_missing|none|raw|none|catboost,ok,,202,50,47,0.25556469674116733,0.28,0.2599448315911731,0.24352959032837082,0.2515476190476191,0.24120670995670995,0.28,0.25556469674116733,,,,,0.98,0.5,0.22,0.1111111111111111,0.07692307692307693,0.47058823529411764,0.36363636363636365
strict,selection,0,severity_binary,all,none,mean,none,rf,severity_binary|all|none|mean|none|rf,ok,,201,51,55,0.6183385579937304,0.6470588235294118,0.6292335115864528,0.6136363636363636,0.646150352032705,0.6457528957528957,0.6470588235294118,0.6183385579937304,0.6974921630094044,0.719119916413462,0.8275862068965517,0.4090909090909091,,,,0.4090909090909091,0.8275862068965517,,
strict,selection,0,severity_binary,all,none,mean,none,catboost,severity_binary|all|none|mean|none|catboost,ok,,201,51,55,0.6238244514106583,0.6470588235294118,0.6357391640866874,0.622532894736842,0.6432773109243698,0.6410714285714285,0.6470588235294118,0.6238244514106583,0.658307210031348,0.6858817169403618,0.7931034482758621,0.45454545454545453,,,,0.45454545454545453,0.7931034482758621,,
strict,selection,0,severity_binary,all,none,mean,none,stacking,severity_binary|all|none|mean|none|stacking,ok,,201,51,55,0.646551724137931,0.6666666666666666,0.6585266585266586,0.647130647130647,0.6637831603229527,0.661764705882353,0.6666666666666666,0.646551724137931,0.6786833855799372,0.6958201828459311,0.7931034482758621,0.5,,,,0.5,0.7931034482758621,,
strict,selection,0,severity_binary,all,none,mean,tvae,rf,severity_binary|all|none|mean|tvae|rf,ok,,402,51,55,0.572884012539185,0.6078431372549019,0.5790080738177624,0.5588235294117647,0.6015585721468075,0.5993589743589745,0.6078431372549019,0.572884012539185,0.6692789968652038,0.728058347080545,0.8275862068965517,0.3181818181818182,,,,0.3181818181818182,0.8275862068965517,,
strict,selection,0,severity_binary,all,none,mean,tvae,catboost,severity_binary|all|none|mean|tvae|catboost,ok,,402,51,55,0.634796238244514,0.6470588235294118,0.6445378151260504,0.6357142857142857,0.644022770398482,0.6387096774193548,0.6470588235294118,0.634796238244514,0.6175548589341693,0.6700758977659108,0.7241379310344828,0.5454545454545454,,,,0.5454545454545454,0.7241379310344828,,
strict,selection,0,severity_binary,all,none,mean,tvae,stacking,severity_binary|all|none|mean|tvae|stacking,ok,,402,51,55,0.6575235109717869,0.6666666666666666,0.6656155564314807,0.6582577847851794,0.665079365079365,0.6595238095238095,0.6666666666666666,0.6575235109717869,0.6410658307210032,0.6883951073514951,0.7241379310344828,0.5909090909090909,,,,0.5909090909090909,0.7241379310344828,,
strict,selection,0,severity_binary,all,none,pmm,none,rf,severity_binary|all|none|pmm|none|rf,ok,,201,51,55,0.646551724137931,0.6666666666666666,0.6585266585266586,0.647130647130647,0.6637831603229527,0.661764705882353,0.6666666666666666,0.646551724137931,0.6818181818181818,0.7349525739629061,0.7931034482758621,0.5,,,,0.5,0.7931034482758621,,
strict,selection,0,severity_binary,all,none,pmm,none,catboost,severity_binary|all|none|pmm|none|catboost,ok,,201,51,55,0.6747648902821317,0.6862745098039216,0.6840336134453782,0.6761904761904762,0.6839342188488299,0.6798387096774194,0.6862745098039216,0.6747648902821317,0.6677115987460814,0.7258119053710065,0.7586206896551724,0.5909090909090909,,,,0.5909090909090909,0.7586206896551724,,
strict,selection,0,severity_binary,all,none,pmm,none,stacking,severity_binary|all|none|pmm|none|stacking,ok,,201,51,55,0.6575235109717869,0.6666666666666666,0.6656155564314807,0.6582577847851794,0.665079365079365,0.6595238095238095,0.6666666666666666,0.6575235109717869,0.677115987460815,0.7359477836812062,0.7241379310344828,0.5909090909090909,,,,0.5909090909090909,0.7241379310344828,,
strict,selection,0,severity_binary,all,none,pmm,tvae,rf,severity_binary|all|none|pmm|tvae|rf,ok,,402,51,55,0.5846394984326019,0.6274509803921569,0.5834424637642427,0.5597455701953657,0.6395891690009338,0.6428571428571428,0.6274509803921569,0.5846394984326019,0.6567398119122256,0.738885644772573,0.896551724137931,0.2727272727272727,,,,0.2727272727272727,0.896551724137931,,
strict,selection,0,severity_binary,all,none,pmm,tvae,catboost,severity_binary|all|none|pmm|tvae|catboost,ok,,402,51,55,0.5321316614420063,0.5490196078431373,0.5436100069776011,0.5309876049580168,0.5419569143446852,0.5337171052631579,0.5490196078431373,0.5321316614420063,0.5705329153605015,0.6815695042339126,0.6551724137931034,0.4090909090909091,,,,0.4090909090909091,0.6551724137931034,,
strict,selection,0,severity_binary,all,none,pmm,tvae,stacking,severity_binary|all|none|pmm|tvae|stacking,ok,,402,51,55,0.6057993730407524,0.6078431372549019,0.6093654853245646,0.6040372670807453,0.6127450980392157,0.6041666666666666,0.6078431372549019,0.6057993730407524,0.6238244514106583,0.7106461726394794,0.6206896551724138,0.5909090909090909,,,,0.5909090909090909,0.6206896551724138,,
strict,selection,0,severity_binary,all,none,gain,none,rf,severity_binary|all|none|gain|none|rf,ok,,201,51,55,0.658307210031348,0.6862745098039216,0.6704297880768468,0.6565656565656566,0.6923309864486334,0.6949806949806949,0.6862745098039216,0.658307210031348,0.6833855799373041,0.6967375483396517,0.8620689655172413,0.45454545454545453,,,,0.45454545454545453,0.8620689655172413,,
strict,selection,0,severity_binary,all,none,gain,none,catboost,severity_binary|all|none|gain|none|catboost,ok,,201,51,55,0.6238244514106583,0.6470588235294118,0.6357391640866874,0.622532894736842,0.6432773109243698,0.6410714285714285,0.6470588235294118,0.6238244514106583,0.6974921630094044,0.7328500990398917,0.7931034482758621,0.45454545454545453,,,,0.45454545454545453,0.7931034482758621,,
strict,selection,0,severity_binary,all,none,gain,none,stacking,severity_binary|all|none|gain|none|stacking,ok,,201,51,55,0.6747648902821317,0.6862745098039216,0.6840336134453782,0.6761904761904762,0.6839342188488299,0.6798387096774194,0.6862745098039216,0.6747648902821317,0.6912225705329154,0.725727343091569,0.7586206896551724,0.5909090909090909,,,,0.5909090909090909,0.7586206896551724,,
strict,selection,0,severity_binary,all,none,gain,tvae,rf,severity_binary|all|none|gain|tvae|rf,ok,,402,51,55,0.6128526645768024,0.6470588235294118,0.6211072664359862,0.6029411764705883,0.6520864756158874,0.6538461538461539,0.6470588235294118,0.6128526645768024,0.6755485893416928,0.701507194822093,0.8620689655172413,0.36363636363636365,,,,0.36363636363636365,0.8620689655172413,,
strict,selection,0,severity_binary,all,none,gain,tvae,catboost,severity_binary|all|none|gain|tvae|catboost,ok,,402,51,55,0.6120689655172413,0.6274509803921569,0.6229821796771488,0.6125549780087964,0.6229037667698658,0.6175986842105263,0.6274509803921569,0.6120689655172413,0.6410658307210032,0.7058335851871109,0.7241379310344828,0.5,,,,0.5,0.7241379310344828,,
strict,selection,0,severity_binary,all,none,gain,tvae,stacking,severity_binary|all|none|gain|tvae|stacking,ok,,402,51,55,0.6630094043887147,0.6666666666666666,0.6674463937621833,0.6619883040935672,0.6687370600414079,0.6614906832298137,0.6666666666666666,0.6630094043887147,0.6614420062695925,0.7114767337891069,0.6896551724137931,0.6363636363636364,,,,0.6363636363636364,0.6896551724137931,,
strict,selection,0,severity_binary,all,none,mice,none,rf,severity_binary|all|none|mice|none|rf,ok,,201,51,55,0.658307210031348,0.6862745098039216,0.6704297880768468,0.6565656565656566,0.6923309864486334,0.6949806949806949,0.6862745098039216,0.658307210031348,0.731974921630094,0.7622803072011852,0.8620689655172413,0.45454545454545453,,,,0.45454545454545453,0.8620689655172413,,
strict,selection,0,severity_binary,all,none,mice,none,catboost,severity_binary|all|none|mice|none|catboost,ok,,201,51,55,0.6120689655172413,0.6274509803921569,0.6229821796771488,0.6125549780087964,0.6229037667698658,0.6175986842105263,0.6274509803921569,0.6120689655172413,0.6833855799373041,0.7247854412504015,0.7241379310344828,0.5,,,,0.5,0.7241379310344828,,
strict,selection,0,severity_binary,all,none,mice,none,stacking,severity_binary|all|none|mice|none|stacking,ok,,201,51,55,0.6575235109717869,0.6666666666666666,0.6656155564314807,0.6582577847851794,0.665079365079365,0.6595238095238095,0.6666666666666666,0.6575235109717869,0.7053291536050157,0.7458322974851412,0.7241379310344828,0.5909090909090909,,,,0.5909090909090909,0.7241379310344828,,
strict,selection,0,severity_binary,all,none,mice,tvae,rf,severity_binary|all|none|mice|tvae|rf,ok,,402,51,55,0.5901253918495297,0.6274509803921569,0.5950554134697358,0.5744400527009222,0.6299019607843137,0.6306818181818181,0.6274509803921569,0.5901253918495297,0.6849529780564263,0.7005692229335014,0.8620689655172413,0.3181818181818182,,,,0.3181818181818182,0.8620689655172413,,
strict,selection,0,severity_binary,all,none,mice,tvae,catboost,severity_binary|all|none|mice|tvae|catboost,ok,,402,51,55,0.6175548589341693,0.6274509803921569,0.626276210129302,0.6180528182893181,0.6255835667600373,0.6190476190476191,0.6274509803921569,0.6175548589341693,0.6520376175548589,0.6840086884663931,0.6896551724137931,0.5454545454545454,,,,0.5454545454545454,0.6896551724137931,,
strict,selection,0,severity_binary,all,none,mice,tvae,stacking,severity_binary|all|none|mice|tvae|stacking,ok,,402,51,55,0.6394984326018809,0.6274509803921569,0.6274509803921569,0.6274509803921569,0.6515458848116049,0.6394984326018809,0.6274509803921569,0.6394984326018809,0.6583072100313481,0.6973625053146641,0.5517241379310345,0.7272727272727273,,,,0.7272727272727273,0.5517241379310345,,
strict,selection,0,severity_binary,all,none,softimpute,none,rf,severity_binary|all|none|softimpute|none|rf,ok,,201,51,55,0.6238244514106583,0.6470588235294118,0.6357391640866874,0.622532894736842,0.6432773109243698,0.6410714285714285,0.6470588235294118,0.6238244514106583,0.6739811912225706,0.696807217730722,0.7931034482758621,0.45454545454545453,,,,0.45454545454545453,0.7931034482758621,,
strict,selection,0,severity_binary,all,none,softimpute,none,catboost,severity_binary|all|none|softimpute|none|catboost,ok,,201,51,55,0.646551724137931,0.6666666666666666,0.6585266585266586,0.647130647130647,0.6637831603229527,0.661764705882353,0.6666666666666666,0.646551724137931,0.6551724137931034,0.7168777093043667,0.7931034482758621,0.5,,,,0.5,0.7931034482758621,,
strict,selection,0,severity_binary,all,none,softimpute,none,stacking,severity_binary|all|none|softimpute|none|stacking,ok,,201,51,55,0.6747648902821317,0.6862745098039216,0.6840336134453782,0.6761904761904762,0.6839342188488299,0.6798387096774194,0.6862745098039216,0.6747648902821317,0.6755485893416928,0.7067971482278,0.7586206896551724,0.5909090909090909,,,,0.5909090909090909,0.7586206896551724,,
strict,selection,0,severity_binary,all,none,softimpute,tvae,rf,severity_binary|all|none|softimpute|tvae|rf,ok,,402,51,55,0.572884012539185,0.6078431372549019,0.5790080738177624,0.5588235294117647,0.6015585721468075,0.5993589743589745,0.6078431372549019,0.572884012539185,0.6426332288401253,0.6984721624461439,0.8275862068965517,0.3181818181818182,,,,0.3181818181818182,0.8275862068965517,,
strict,selection,0,severity_binary,all,none,softimpute,tvae,catboost,severity_binary|all|none|softimpute|tvae|catboost,ok,,402,51,55,0.6293103448275862,0.6470588235294118,0.6407969639468692,0.6298387096774194,0.6427015250544662,0.6388888888888888,0.6470588235294118,0.6293103448275862,0.6457680250783698,0.743149989576439,0.7586206896551724,0.5,,,,0.5,0.7586206896551724,,
strict,selection,0,severity_binary,all,none,softimpute,tvae,stacking,severity_binary|all|none|softimpute|tvae|stacking,ok,,402,51,55,0.6575235109717869,0.6666666666666666,0.6656155564314807,0.6582577847851794,0.665079365079365,0.6595238095238095,0.6666666666666666,0.6575235109717869,0.6410658307210031,0.7214110359572884,0.7241379310344828,0.5909090909090909,,,,0.5909090909090909,0.7241379310344828,,
strict,selection,0,severity_binary,all,none,raw,none,catboost,severity_binary|all|none|raw|none|catboost,ok,,201,51,55,0.6293103448275862,0.6470588235294118,0.6407969639468692,0.6298387096774194,0.6427015250544662,0.6388888888888888,0.6470588235294118,0.6293103448275862,0.6724137931034483,0.7200200050569183,0.7586206896551724,0.5,,,,0.5,0.7586206896551724,,
strict,selection,0,severity_binary,drop_gt70_missing,none,mean,none,rf,severity_binary|drop_gt70_missing|none|mean|none|rf,ok,,201,51,47,0.6183385579937304,0.6470588235294118,0.6292335115864528,0.6136363636363636,0.646150352032705,0.6457528957528957,0.6470588235294118,0.6183385579937304,0.689655172413793,0.72029441737169,0.8275862068965517,0.4090909090909091,,,,0.4090909090909091,0.8275862068965517,,
strict,selection,0,severity_binary,drop_gt70_missing,none,mean,none,catboost,severity_binary|drop_gt70_missing|none|mean|none|catboost,ok,,201,51,47,0.646551724137931,0.6666666666666666,0.6585266585266586,0.647130647130647,0.6637831603229527,0.661764705882353,0.6666666666666666,0.646551724137931,0.6739811912225705,0.7095449186430656,0.7931034482758621,0.5,,,,0.5,0.7931034482758621,,
strict,selection,0,severity_binary,drop_gt70_missing,none,mean,none,stacking,severity_binary|drop_gt70_missing|none|mean|none|stacking,ok,,201,51,47,0.646551724137931,0.6666666666666666,0.6585266585266586,0.647130647130647,0.6637831603229527,0.661764705882353,0.6666666666666666,0.646551724137931,0.6865203761755485,0.716199650595617,0.7931034482758621,0.5,,,,0.5,0.7931034482758621,,
strict,selection,0,severity_binary,drop_gt70_missing,none,mean,tvae,rf,severity_binary|drop_gt70_missing|none|mean|tvae|rf,ok,,402,51,47,0.5329153605015674,0.5686274509803921,0.5369088811995386,0.5147058823529412,0.5510306686777275,0.5448717948717949,0.5686274509803921,0.5329153605015674,0.6238244514106583,0.7007374034320725,0.7931034482758621,0.2727272727272727,,,,0.2727272727272727,0.7931034482758621,,
strict,selection,0,severity_binary,drop_gt70_missing,none,mean,tvae,catboost,severity_binary|drop_gt70_missing|none|mean|tvae|catboost,ok,,402,51,47,0.554858934169279,0.5686274509803921,0.565546218487395,0.5547619047619048,0.5641998734977862,0.5564516129032258,0.5686274509803921,0.554858934169279,0.5783699059561128,0.6754443653842562,0.6551724137931034,0.45454545454545453,,,,0.45454545454545453,0.6551724137931034,,
strict,selection,0,severity_binary,drop_gt70_missing,none,mean,tvae,stacking,severity_binary|drop_gt70_missing|none|mean|tvae|stacking,ok,,402,51,47,0.5830721003134796,0.5882352941176471,0.5891984864121086,0.5824561403508772,0.5906101571063209,0.5822981366459627,0.5882352941176471,0.5830721003134796,0.5893416927899686,0.6892933540926073,0.6206896551724138,0.5454545454545454,,,,0.5454545454545454,0.6206896551724138,,
strict,selection,0,severity_binary,drop_gt70_missing,none,pmm,none,rf,severity_binary|drop_gt70_missing|none|pmm|none|rf,ok,,201,51,47,0.6810344827586207,0.7058823529411765,0.6938975174269293,0.681912681912682,0.7112200435729849,0.7138888888888888,0.7058823529411765,0.6810344827586207,0.7570532915360502,0.7806687637644496,0.8620689655172413,0.5,,,,0.5,0.8620689655172413,,
strict,selection,0,severity_binary,drop_gt70_missing,none,pmm,none,catboost,severity_binary|drop_gt70_missing|none|pmm|none|catboost,ok,,201,51,47,0.6520376175548589,0.6666666666666666,0.6626682660269225,0.6533386645341863,0.6633771929824561,0.6595394736842105,0.6666666666666666,0.6520376175548589,0.7554858934169278,0.7798793655980734,0.7586206896551724,0.5454545454545454,,,,0.5454545454545454,0.7586206896551724,,
strict,selection,0,severity_binary,drop_gt70_missing,none,pmm,none,stacking,severity_binary|drop_gt70_missing|none|pmm|none|stacking,ok,,201,51,47,0.7374608150470219,0.7450980392156863,0.7442942490358382,0.7386677177769019,0.7440709617180206,0.7404761904761905,0.7450980392156863,0.7374608150470219,0.7664576802507838,0.7972961082170238,0.7931034482758621,0.6818181818181818,,,,0.6818181818181818,0.7931034482758621,,
strict,selection,0,severity_binary,drop_gt70_missing,none,pmm,tvae,rf,severity_binary|drop_gt70_missing|none|pmm|tvae|rf,ok,,402,51,47,0.6128526645768024,0.6470588235294118,0.6211072664359862,0.6029411764705883,0.6520864756158874,0.6538461538461539,0.6470588235294118,0.6128526645768024,0.6818181818181819,0.7171919747451123,0.8620689655172413,0.36363636363636365,,,,0.36363636363636365,0.8620689655172413,,
strict,selection,0,severity_binary,drop_gt70_missing,none,pmm,tvae,catboost,severity_binary|drop_gt70_missing|none|pmm|tvae|catboost,ok,,402,51,47,0.6010971786833856,0.6274509803921569,0.6122701887407771,0.5970893970893971,0.6221132897603485,0.6194444444444445,0.6274509803921569,0.6010971786833856,0.6943573667711599,0.77761387710537,0.7931034482758621,0.4090909090909091,,,,0.4090909090909091,0.7931034482758621,,
strict,selection,0,severity_binary,drop_gt70_missing,none,pmm,tvae,stacking,severity_binary|drop_gt70_missing|none|pmm|tvae|stacking,ok,,402,51,47,0.6285266457680251,0.6274509803921569,0.6291804149125801,0.6251450676982592,0.6352337858220211,0.6261538461538462,0.6274509803921569,0.6285266457680251,0.6880877742946708,0.7576873491063559,0.6206896551724138,0.6363636363636364,,,,0.6363636363636364,0.6206896551724138,,
strict,selection,0,severity_binary,drop_gt70_missing,none,gain,none,rf,severity_binary|drop_gt70_missing|none|gain|none|rf,ok,,201,51,47,0.6183385579937304,0.6470588235294118,0.6292335115864528,0.6136363636363636,0.646150352032705,0.6457528957528957,0.6470588235294118,0.6183385579937304,0.6880877742946708,0.7109222487185836,0.8275862068965517,0.4090909090909091,,,,0.4090909090909091,0.8275862068965517,,
strict,selection,0,severity_binary,drop_gt70_missing,none,gain,none,catboost,severity_binary|drop_gt70_missing|none|gain|none|catboost,ok,,201,51,47,0.6692789968652038,0.6862745098039216,0.680708412397217,0.6709677419354838,0.6838978015448605,0.6818181818181819,0.6862745098039216,0.6692789968652038,0.6959247648902822,0.7496934401891406,0.7931034482758621,0.5454545454545454,,,,0.5454545454545454,0.7931034482758621,,
strict,selection,0,severity_binary,drop_gt70_missing,none,gain,none,stacking,severity_binary|drop_gt70_missing|none|gain|none|stacking,ok,,201,51,47,0.6920062695924765,0.7058823529411765,0.7023543523766963,0.6941223510595762,0.7038506191950464,0.7014802631578947,0.7058823529411765,0.6920062695924765,0.6927899686520376,0.7161367604075143,0.7931034482758621,0.5909090909090909,,,,0.5909090909090909,0.7931034482758621,,
strict,selection,0,severity_binary,drop_gt70_missing,none,gain,tvae,rf,severity_binary|drop_gt70_missing|none|gain|tvae|rf,ok,,402,51,47,0.572884012539185,0.6078431372549019,0.5790080738177624,0.5588235294117647,0.6015585721468075,0.5993589743589745,0.6078431372549019,0.572884012539185,0.652037617554859,0.7143717482456898,0.8275862068965517,0.3181818181818182,,,,0.3181818181818182,0.8275862068965517,,
strict,selection,0,severity_binary,drop_gt70_missing,none,gain,tvae,catboost,severity_binary|drop_gt70_missing|none|gain|tvae|catboost,ok,,402,51,47,0.6293103448275862,0.6470588235294118,0.6407969639468692,0.6298387096774194,0.6427015250544662,0.6388888888888888,0.6470588235294118,0.6293103448275862,0.6786833855799373,0.7475538689063156,0.7586206896551724,0.5,,,,0.5,0.7586206896551724,,
strict,selection,0,severity_binary,drop_gt70_missing,none,gain,tvae,stacking,severity_binary|drop_gt70_missing|none|gain|tvae|stacking,ok,,402,51,47,0.6285266457680251,0.6274509803921569,0.6291804149125801,0.6251450676982592,0.6352337858220211,0.6261538461538462,0.6274509803921569,0.6285266457680251,0.6755485893416928,0.7423939419036679,0.6206896551724138,0.6363636363636364,,,,0.6363636363636364,0.6206896551724138,,
strict,selection,0,severity_binary,drop_gt70_missing,none,mice,none,rf,severity_binary|drop_gt70_missing|none|mice|none|rf,ok,,201,51,47,0.6410658307210031,0.6666666666666666,0.6530838530838532,0.6395010395010395,0.6666666666666666,0.6666666666666666,0.6666666666666666,0.6410658307210031,0.7068965517241379,0.7554186697970949,0.8275862068965517,0.45454545454545453,,,,0.45454545454545453,0.8275862068965517,,
strict,selection,0,severity_binary,drop_gt70_missing,none,mice,none,catboost,severity_binary|drop_gt70_missing|none|mice|none|catboost,ok,,201,51,47,0.634796238244514,0.6470588235294118,0.6445378151260504,0.6357142857142857,0.644022770398482,0.6387096774193548,0.6470588235294118,0.634796238244514,0.6708463949843261,0.7150470929944907,0.7241379310344828,0.5454545454545454,,,,0.5454545454545454,0.7241379310344828,,
strict,selection,0,severity_binary,drop_gt70_missing,none,mice,none,stacking,severity_binary|drop_gt70_missing|none|mice|none|stacking,ok,,201,51,47,0.634796238244514,0.6470588235294118,0.6445378151260504,0.6357142857142857,0.644022770398482,0.6387096774193548,0.6470588235294118,0.634796238244514,0.6974921630094044,0.7381533968755569,0.7241379310344828,0.5454545454545454,,,,0.5454545454545454,0.7241379310344828,,
strict,selection,0,severity_binary,drop_gt70_missing,none,mice,tvae,rf,severity_binary|drop_gt70_missing|none|mice|tvae|rf,ok,,402,51,47,0.6355799373040752,0.6666666666666666,0.6461975835110163,0.630277185501066,0.6727395411605938,0.6751012145748988,0.6666666666666666,0.6355799373040752,0.7084639498432601,0.7475114954614882,0.8620689655172413,0.4090909090909091,,,,0.4090909090909091,0.8620689655172413,,
strict,selection,0,severity_binary,drop_gt70_missing,none,mice,tvae,catboost,severity_binary|drop_gt70_missing|none|mice|tvae|catboost,ok,,402,51,47,0.6175548589341693,0.6274509803921569,0.626276210129302,0.6180528182893181,0.6255835667600373,0.6190476190476191,0.6274509803921569,0.6175548589341693,0.6661442006269592,0.7113604241521039,0.6896551724137931,0.5454545454545454,,,,0.5454545454545454,0.6896551724137931,,
strict,selection,0,severity_binary,drop_gt70_missing,none,mice,tvae,stacking,severity_binary|drop_gt70_missing|none|mice|tvae|stacking,ok,,402,51,47,0.6512539184952978,0.6470588235294118,0.6486928104575163,0.6458333333333333,0.6582805429864252,0.6484615384615384,0.6470588235294118,0.6512539184952978,0.6849529780564264,0.7296298083107885,0.6206896551724138,0.6818181818181818,,,,0.6818181818181818,0.6206896551724138,,
strict,selection,0,severity_binary,drop_gt70_missing,none,softimpute,none,rf,severity_binary|drop_gt70_missing|none|softimpute|none|rf,ok,,201,51,47,0.6692789968652038,0.6862745098039216,0.680708412397217,0.6709677419354838,0.6838978015448605,0.6818181818181819,0.6862745098039216,0.6692789968652038,0.670846394984326,0.7108565856024472,0.7931034482758621,0.5454545454545454,,,,0.5454545454545454,0.7931034482758621,,
strict,selection,0,severity_binary,drop_gt70_missing,none,softimpute,none,catboost,severity_binary|drop_gt70_missing|none|softimpute|none|catboost,ok,,201,51,47,0.7029780564263323,0.7058823529411765,0.7065703474372205,0.7017543859649122,0.7078005115089514,0.7010869565217391,0.7058823529411765,0.7029780564263323,0.6410658307210031,0.7000855210946175,0.7241379310344828,0.6818181818181818,,,,0.6818181818181818,0.7241379310344828,,
strict,selection,0,severity_binary,drop_gt70_missing,none,softimpute,none,stacking,severity_binary|drop_gt70_missing|none|softimpute|none|stacking,ok,,201,51,47,0.6802507836990596,0.6862745098039216,0.6862745098039216,0.6802507836990596,0.6862745098039216,0.6802507836990596,0.6862745098039216,0.6802507836990596,0.6614420062695925,0.7002351116815297,0.7241379310344828,0.6363636363636364,,,,0.6363636363636364,0.7241379310344828,,
strict,selection,0,severity_binary,drop_gt70_missing,none,softimpute,tvae,rf,severity_binary|drop_gt70_missing|none|softimpute|tvae|rf,ok,,402,51,47,0.6010971786833856,0.6274509803921569,0.6122701887407771,0.5970893970893971,0.6221132897603485,0.6194444444444445,0.6274509803921569,0.6010971786833856,0.6786833855799372,0.6922796807858155,0.7931034482758621,0.4090909090909091,,,,0.4090909090909091,0.7931034482758621,,
strict,selection,0,severity_binary,drop_gt70_missing,none,softimpute,tvae,catboost,severity_binary|drop_gt70_missing|none|softimpute|tvae|catboost,ok,,402,51,47,0.6003134796238244,0.6078431372549019,0.6078431372549019,0.6003134796238244,0.6078431372549019,0.6003134796238244,0.6078431372549019,0.6003134796238244,0.6394984326018809,0.6926074210461647,0.6551724137931034,0.5454545454545454,,,,0.5454545454545454,0.6551724137931034,,
strict,selection,0,severity_binary,drop_gt70_missing,none,softimpute,tvae,stacking,severity_binary|drop_gt70_missing|none|softimpute|tvae|stacking,ok,,402,51,47,0.6230407523510972,0.6274509803921569,0.628322440087146,0.6222222222222222,0.6296736085738643,0.6218944099378882,0.6274509803921569,0.6230407523510972,0.6442006269592476,0.6888201655900886,0.6551724137931034,0.5909090909090909,,,,0.5909090909090909,0.6551724137931034,,
strict,selection,0,severity_binary,drop_gt70_missing,none,raw,none,catboost,severity_binary|drop_gt70_missing|none|raw|none|catboost,ok,,201,51,47,0.6747648902821317,0.6862745098039216,0.6840336134453782,0.6761904761904762,0.6839342188488299,0.6798387096774194,0.6862745098039216,0.6747648902821317,0.6865203761755485,0.7252314439275418,0.7586206896551724,0.5909090909090909,,,,0.5909090909090909,0.7586206896551724,,
strict,selection,1,severity_binary,all,none,mean,none,rf,severity_binary|all|none|mean|none|rf,ok,,201,51,55,0.6512539184952978,0.6470588235294118,0.6486928104575163,0.6458333333333333,0.6582805429864252,0.6484615384615384,0.6470588235294118,0.6512539184952978,0.7257053291536051,0.7741323934552916,0.6206896551724138,0.6818181818181818,,,,0.6818181818181818,0.6206896551724138,,
strict,selection,1,severity_binary,all,none,mean,none,catboost,severity_binary|all|none|mean|none|catboost,ok,,201,51,55,0.6512539184952978,0.6470588235294118,0.6486928104575163,0.6458333333333333,0.6582805429864252,0.6484615384615384,0.6470588235294118,0.6512539184952978,0.7272727272727273,0.7786032745578172,0.6206896551724138,0.6818181818181818,,,,0.6818181818181818,0.6206896551724138,,
strict,selection,1,severity_binary,all,none,mean,none,stacking,severity_binary|all|none|mean|none|stacking,ok,,201,51,55,0.6739811912225706,0.6666666666666666,0.6679501989475035,0.6661532537543319,0.6820987654320988,0.6712962962962963,0.6666666666666666,0.6739811912225706,0.725705329153605,0.7777812594204382,0.6206896551724138,0.7272727272727273,,,,0.7272727272727273,0.6206896551724138,,
strict,selection,1,severity_binary,all,none,mean,tvae,rf,severity_binary|all|none|mean|tvae|rf,ok,,402,51,55,0.5266457680250785,0.5490196078431373,0.5380066556537144,0.5225885225885225,0.5374855824682815,0.5294117647058824,0.5490196078431373,0.5266457680250785,0.6081504702194358,0.6688504236093893,0.6896551724137931,0.36363636363636365,,,,0.36363636363636365,0.6896551724137931,,
strict,selection,1,severity_binary,all,none,mean,tvae,catboost,severity_binary|all|none|mean|tvae|catboost,ok,,402,51,55,0.6739811912225706,0.6666666666666666,0.6679501989475035,0.6661532537543319,0.6820987654320988,0.6712962962962963,0.6666666666666666,0.6739811912225706,0.6614420062695925,0.7023626515092206,0.6206896551724138,0.7272727272727273,,,,0.7272727272727273,0.6206896551724138,,
strict,selection,1,severity_binary,all,none,mean,tvae,stacking,severity_binary|all|none|mean|tvae|stacking,ok,,402,51,55,0.6112852664576802,0.6078431372549019,0.6096586782861293,0.6064814814814815,0.6189441930618401,0.6092307692307692,0.6078431372549019,0.6112852664576802,0.6285266457680251,0.6843837701453402,0.5862068965517241,0.6363636363636364,,,,0.6363636363636364,0.5862068965517241,,
strict,selection,1,severity_binary,all,none,pmm,none,rf,severity_binary|all|none|pmm|none|rf,ok,,201,51,55,0.6630094043887147,0.6666666666666666,0.6674463937621833,0.6619883040935672,0.6687370600414079,0.6614906832298137,0.6666666666666666,0.6630094043887147,0.7225705329153604,0.7823768570245743,0.6896551724137931,0.6363636363636364,,,,0.6363636363636364,0.6896551724137931,,
strict,selection,1,severity_binary,all,none,pmm,none,catboost,severity_binary|all|none|pmm|none|catboost,ok,,201,51,55,0.6684952978056427,0.6666666666666666,0.6682140554480981,0.6646034816247582,0.6743589743589743,0.6653846153846154,0.6666666666666666,0.6684952978056427,0.7115987460815048,0.7411920428202753,0.6551724137931034,0.6818181818181818,,,,0.6818181818181818,0.6551724137931034,,
strict,selection,1,severity_binary,all,none,pmm,none,stacking,severity_binary|all|none|pmm|none|stacking,ok,,201,51,55,0.6567398119122256,0.6470588235294118,0.6478733031674209,0.6469230769230769,0.6667884545122397,0.65527950310559,0.6470588235294118,0.6567398119122256,0.7241379310344828,0.7676066454645915,0.5862068965517241,0.7272727272727273,,,,0.7272727272727273,0.5862068965517241,,
strict,selection,1,severity_binary,all,none,pmm,tvae,rf,severity_binary|all|none|pmm|tvae|rf,ok,,402,51,55,0.6300940438871474,0.6666666666666666,0.6376811594202898,0.619235836627141,0.6833333333333333,0.6886363636363637,0.6666666666666666,0.6300940438871474,0.6473354231974922,0.6980879788660119,0.896551724137931,0.36363636363636365,,,,0.36363636363636365,0.896551724137931,,
strict,selection,1,severity_binary,all,none,pmm,tvae,catboost,severity_binary|all|none|pmm|tvae|catboost,ok,,402,51,55,0.6857366771159874,0.6862745098039216,0.6874923882596518,0.6832298136645962,0.6908133623819899,0.6828703703703703,0.6862745098039216,0.6857366771159874,0.6849529780564263,0.7046735642837698,0.6896551724137931,0.6818181818181818,,,,0.6818181818181818,0.6896551724137931,,
strict,selection,1,severity_binary,all,none,pmm,tvae,stacking,severity_binary|all|none|pmm|tvae|stacking,ok,,402,51,55,0.5478056426332288,0.5294117647058824,0.5239651416122004,0.5277777777777778,0.5613390092879257,0.5501644736842105,0.5294117647058824,0.5478056426332288,0.6943573667711599,0.7177318213458816,0.41379310344827586,0.6818181818181818,,,,0.6818181818181818,0.41379310344827586,,
strict,selection,1,severity_binary,all,none,gain,none,rf,severity_binary|all|none|gain|none|rf,ok,,201,51,55,0.6175548589341693,0.6274509803921569,0.626276210129302,0.6180528182893181,0.6255835667600373,0.6190476190476191,0.6274509803921569,0.6175548589341693,0.6786833855799372,0.7392115145143551,0.6896551724137931,0.5454545454545454,,,,0.5454545454545454,0.6896551724137931,,
strict,selection,1,severity_binary,all,none,gain,none,catboost,severity_binary|all|none|gain|none|catboost,ok,,201,51,55,0.6230407523510972,0.6274509803921569,0.628322440087146,0.6222222222222222,0.6296736085738643,0.6218944099378882,0.6274509803921569,0.6230407523510972,0.7210031347962382,0.7558825048110249,0.6551724137931034,0.5909090909090909,,,,0.5909090909090909,0.6551724137931034,,
strict,selection,1,severity_binary,all,none,gain,none,stacking,severity_binary|all|none|gain|none|stacking,ok,,201,51,55,0.64576802507837,0.6470588235294118,0.6484289367921082,0.6436335403726708,0.6517792302106028,0.6435185185185186,0.6470588235294118,0.64576802507837,0.7068965517241379,0.7501463464914074,0.6551724137931034,0.6363636363636364,,,,0.6363636363636364,0.6551724137931034,,
strict,selection,1,severity_binary,all,none,gain,tvae,rf,severity_binary|all|none|gain|tvae|rf,ok,,402,51,55,0.5783699059561129,0.6078431372549019,0.5880372350960587,0.5707070707070707,0.5999697176167765,0.5965250965250966,0.6078431372549019,0.5783699059561129,0.6927899686520376,0.6928544566434919,0.7931034482758621,0.36363636363636365,,,,0.36363636363636365,0.7931034482758621,,
strict,selection,1,severity_binary,all,none,gain,tvae,catboost,severity_binary|all|none|gain|tvae|catboost,ok,,402,51,55,0.6575235109717869,0.6666666666666666,0.6656155564314807,0.6582577847851794,0.665079365079365,0.6595238095238095,0.6666666666666666,0.6575235109717869,0.7147335423197492,0.7199389444684203,0.7241379310344828,0.5909090909090909,,,,0.5909090909090909,0.7241379310344828,,
strict,selection,1,severity_binary,all,none,gain,tvae,stacking,severity_binary|all|none|gain|tvae|stacking,ok,,402,51,55,0.6622257053291536,0.6470588235294118,0.645972850678733,0.6469230769230769,0.6776844070961718,0.6642857142857143,0.6470588235294118,0.6622257053291536,0.7163009404388714,0.7158557582197133,0.5517241379310345,0.7727272727272727,,,,0.7727272727272727,0.5517241379310345,,
strict,selection,1,severity_binary,all,none,mice,none,rf,severity_binary|all|none|mice|none|rf,ok,,201,51,55,0.5321316614420063,0.5490196078431373,0.5436100069776011,0.5309876049580168,0.5419569143446852,0.5337171052631579,0.5490196078431373,0.5321316614420063,0.6347962382445141,0.7646567735774686,0.6551724137931034,0.4090909090909091,,,,0.4090909090909091,0.6551724137931034,,
strict,selection,1,severity_binary,all,none,mice,none,catboost,severity_binary|all|none|mice|none|catboost,ok,,201,51,55,0.5830721003134796,0.5882352941176471,0.5891984864121086,0.5824561403508772,0.5906101571063209,0.5822981366459627,0.5882352941176471,0.5830721003134796,0.658307210031348,0.7552166900060396,0.6206896551724138,0.5454545454545454,,,,0.5454545454545454,0.6206896551724138,,
strict,selection,1,severity_binary,all,none,mice,none,stacking,severity_binary|all|none|mice|none|stacking,ok,,201,51,55,0.5713166144200628,0.5686274509803921,0.5706245461147421,0.5671296296296295,0.5796078431372549,0.5700000000000001,0.5686274509803921,0.5713166144200628,0.6473354231974922,0.7547986147340714,0.5517241379310345,0.5909090909090909,,,,0.5909090909090909,0.5517241379310345,,
strict,selection,1,severity_binary,all,none,mice,tvae,rf,severity_binary|all|none|mice|tvae|rf,ok,,402,51,55,0.6410658307210031,0.6666666666666666,0.6530838530838532,0.6395010395010395,0.6666666666666666,0.6666666666666666,0.6666666666666666,0.6410658307210031,0.6739811912225705,0.7290422137953266,0.8275862068965517,0.45454545454545453,,,,0.45454545454545453,0.8275862068965517,,
strict,selection,1,severity_binary,all,none,mice,tvae,catboost,severity_binary|all|none|mice|tvae|catboost,ok,,402,51,55,0.6003134796238244,0.6078431372549019,0.6078431372549019,0.6003134796238244,0.6078431372549019,0.6003134796238244,0.6078431372549019,0.6003134796238244,0.6692789968652038,0.7021504077006034,0.6551724137931034,0.5454545454545454,,,,0.5454545454545454,0.6551724137931034,,
strict,selection,1,severity_binary,all,none,mice,tvae,stacking,severity_binary|all|none|mice|tvae|stacking,ok,,402,51,55,0.5822884012539185,0.5686274509803921,0.5673001508295626,0.5684615384615385,0.5947712418300654,0.5833333333333333,0.5686274509803921,0.5822884012539185,0.6755485893416928,0.7233514007846451,0.4827586206896552,0.6818181818181818,,,,0.6818181818181818,0.4827586206896552,,
strict,selection,1,severity_binary,all,none,softimpute,none,rf,severity_binary|all|none|softimpute|none|rf,ok,,201,51,55,0.64576802507837,0.6470588235294118,0.6484289367921082,0.6436335403726708,0.6517792302106028,0.6435185185185186,0.6470588235294118,0.64576802507837,0.725705329153605,0.791781925174439,0.6551724137931034,0.6363636363636364,,,,0.6363636363636364,0.6551724137931034,,
strict,selection,1,severity_binary,all,none,softimpute,none,catboost,severity_binary|all|none|softimpute|none|catboost,ok,,201,51,55,0.6802507836990596,0.6862745098039216,0.6862745098039216,0.6802507836990596,0.6862745098039216,0.6802507836990596,0.6862745098039216,0.6802507836990596,0.7272727272727273,0.7809402156457596,0.7241379310344828,0.6363636363636364,,,,0.6363636363636364,0.7241379310344828,,
strict,selection,1,severity_binary,all,none,softimpute,none,stacking,severity_binary|all|none|softimpute|none|stacking,ok,,201,51,55,0.6739811912225706,0.6666666666666666,0.6679501989475035,0.6661532537543319,0.6820987654320988,0.6712962962962963,0.6666666666666666,0.6739811912225706,0.7225705329153606,0.7860140539585706,0.6206896551724138,0.7272727272727273,,,,0.7272727272727273,0.6206896551724138,,
strict,selection,1,severity_binary,all,none,softimpute,tvae,rf,severity_binary|all|none|softimpute|tvae|rf,ok,,402,51,55,0.5791536050156739,0.6274509803921569,0.5693776802171033,0.5422768068020785,0.6570537305831424,0.663961038961039,0.6274509803921569,0.5791536050156739,0.7100313479623824,0.7337850513243104,0.9310344827586207,0.22727272727272727,,,,0.22727272727272727,0.9310344827586207,,
strict,selection,1,severity_binary,all,none,softimpute,tvae,catboost,severity_binary|all|none|softimpute|tvae|catboost,ok,,402,51,55,0.6230407523510972,0.6274509803921569,0.628322440087146,0.6222222222222222,0.6296736085738643,0.6218944099378882,0.6274509803921569,0.6230407523510972,0.6849529780564264,0.7679709114141432,0.6551724137931034,0.5909090909090909,,,,0.5909090909090909,0.6551724137931034,,
strict,selection,1,severity_binary,all,none,softimpute,tvae,stacking,severity_binary|all|none|softimpute|tvae|stacking,ok,,402,51,55,0.5995297805642633,0.5882352941176471,0.5882352941176471,0.5882352941176471,0.6108242670108796,0.5995297805642633,0.5882352941176471,0.5995297805642633,0.6990595611285266,0.7308945384979292,0.5172413793103449,0.6818181818181818,,,,0.6818181818181818,0.5172413793103449,,
strict,selection,1,severity_binary,all,none,raw,none,catboost,severity_binary|all|none|raw|none|catboost,ok,,201,51,55,0.6512539184952978,0.6470588235294118,0.6486928104575163,0.6458333333333333,0.6582805429864252,0.6484615384615384,0.6470588235294118,0.6512539184952978,0.7523510971786834,0.7828509950360255,0.6206896551724138,0.6818181818181818,,,,0.6818181818181818,0.6206896551724138,,
strict,selection,1,severity_binary,drop_gt70_missing,none,mean,none,rf,severity_binary|drop_gt70_missing|none|mean|none|rf,ok,,201,51,47,0.6684952978056427,0.6666666666666666,0.6682140554480981,0.6646034816247582,0.6743589743589743,0.6653846153846154,0.6666666666666666,0.6684952978056427,0.7225705329153606,0.7733610655411219,0.6551724137931034,0.6818181818181818,,,,0.6818181818181818,0.6551724137931034,,
strict,selection,1,severity_binary,drop_gt70_missing,none,mean,none,catboost,severity_binary|drop_gt70_missing|none|mean|none|catboost,ok,,201,51,47,0.6285266457680251,0.6274509803921569,0.6291804149125801,0.6251450676982592,0.6352337858220211,0.6261538461538462,0.6274509803921569,0.6285266457680251,0.7147335423197492,0.768513324828562,0.6206896551724138,0.6363636363636364,,,,0.6363636363636364,0.6206896551724138,,
strict,selection,1,severity_binary,drop_gt70_missing,none,mean,none,stacking,severity_binary|drop_gt70_missing|none|mean|none|stacking,ok,,201,51,47,0.6967084639498433,0.6862745098039216,0.686998491704374,0.6861538461538461,0.706917549628547,0.6948757763975155,0.6862745098039216,0.6967084639498433,0.725705329153605,0.772484392697425,0.6206896551724138,0.7727272727272727,,,,0.7727272727272727,0.6206896551724138,,
strict,selection,1,severity_binary,drop_gt70_missing,none,mean,tvae,rf,severity_binary|drop_gt70_missing|none|mean|tvae|rf,ok,,402,51,47,0.5948275862068966,0.6078431372549019,0.6050420168067226,0.5952380952380952,0.6041113219481341,0.5975806451612904,0.6078431372549019,0.5948275862068966,0.6677115987460814,0.6888396468670351,0.6896551724137931,0.5,,,,0.5,0.6896551724137931,,
strict,selection,1,severity_binary,drop_gt70_missing,none,mean,tvae,catboost,severity_binary|drop_gt70_missing|none|mean|tvae|catboost,ok,,402,51,47,0.6912225705329154,0.6862745098039216,0.6877269426289034,0.6851851851851851,0.6976168929110106,0.6876923076923077,0.6862745098039216,0.6912225705329154,0.69435736677116,0.7248742169437837,0.6551724137931034,0.7272727272727273,,,,0.7272727272727273,0.6551724137931034,,
strict,selection,1,severity_binary,drop_gt70_missing,none,mean,tvae,stacking,severity_binary|drop_gt70_missing|none|mean|tvae|stacking,ok,,402,51,47,0.6731974921630094,0.6470588235294118,0.6388381439532335,0.6436335403726708,0.7093425605536333,0.6911764705882353,0.6470588235294118,0.6731974921630094,0.6818181818181819,0.6999385876252026,0.4827586206896552,0.8636363636363636,,,,0.8636363636363636,0.4827586206896552,,
strict,selection,1,severity_binary,drop_gt70_missing,none,pmm,none,rf,severity_binary|drop_gt70_missing|none|pmm|none|rf,ok,,201,51,47,0.6567398119122256,0.6470588235294118,0.6478733031674209,0.6469230769230769,0.6667884545122397,0.65527950310559,0.6470588235294118,0.6567398119122256,0.7319749216300939,0.7574261296190202,0.5862068965517241,0.7272727272727273,,,,0.7272727272727273,0.5862068965517241,,
strict,selection,1,severity_binary,drop_gt70_missing,none,pmm,none,catboost,severity_binary|drop_gt70_missing|none|pmm|none|catboost,ok,,201,51,47,0.6967084639498433,0.6862745098039216,0.686998491704374,0.6861538461538461,0.706917549628547,0.6948757763975155,0.6862745098039216,0.6967084639498433,0.7413793103448275,0.7598820993926293,0.6206896551724138,0.7727272727272727,,,,0.7727272727272727,0.6206896551724138,,
strict,selection,1,severity_binary,drop_gt70_missing,none,pmm,none,stacking,severity_binary|drop_gt70_missing|none|pmm|none|stacking,ok,,201,51,47,0.6794670846394983,0.6666666666666666,0.6666666666666666,0.6666666666666666,0.6922675026123303,0.6794670846394983,0.6666666666666666,0.6794670846394983,0.7335423197492164,0.7565957117883917,0.5862068965517241,0.7727272727272727,,,,0.7727272727272727,0.5862068965517241,,
strict,selection,1,severity_binary,drop_gt70_missing,none,pmm,tvae,rf,severity_binary|drop_gt70_missing|none|pmm|tvae|rf,ok,,402,51,47,0.658307210031348,0.6862745098039216,0.6704297880768468,0.6565656565656566,0.6923309864486334,0.6949806949806949,0.6862745098039216,0.658307210031348,0.6943573667711599,0.7386595957270143,0.8620689655172413,0.45454545454545453,,,,0.45454545454545453,0.8620689655172413,,
strict,selection,1,severity_binary,drop_gt70_missing,none,pmm,tvae,catboost,severity_binary|drop_gt70_missing|none|pmm|tvae|catboost,ok,,402,51,47,0.6003134796238244,0.6078431372549019,0.6078431372549019,0.6003134796238244,0.6078431372549019,0.6003134796238244,0.6078431372549019,0.6003134796238244,0.6630094043887148,0.7291926742596812,0.6551724137931034,0.5454545454545454,,,,0.5454545454545454,0.6551724137931034,,
strict,selection,1,severity_binary,drop_gt70_missing,none,pmm,tvae,stacking,severity_binary|drop_gt70_missing|none|pmm|tvae|stacking,ok,,402,51,47,0.5705329153605015,0.5490196078431373,0.5413433458489779,0.5462282398452611,0.5882352941176471,0.5757575757575757,0.5490196078431373,0.5705329153605015,0.6755485893416928,0.7281095798025459,0.41379310344827586,0.7272727272727273,,,,0.7272727272727273,0.41379310344827586,,
strict,selection,1,severity_binary,drop_gt70_missing,none,gain,none,rf,severity_binary|drop_gt70_missing|none|gain|none|rf,ok,,201,51,47,0.6003134796238244,0.6078431372549019,0.6078431372549019,0.6003134796238244,0.6078431372549019,0.6003134796238244,0.6078431372549019,0.6003134796238244,0.6755485893416928,0.7451553415637523,0.6551724137931034,0.5454545454545454,,,,0.5454545454545454,0.6551724137931034,,
strict,selection,1,severity_binary,drop_gt70_missing,none,gain,none,catboost,severity_binary|drop_gt70_missing|none|gain|none|catboost,ok,,201,51,47,0.6340125391849529,0.6274509803921569,0.6288855164707392,0.626877165960724,0.6424291938997823,0.6319444444444444,0.6274509803921569,0.6340125391849529,0.7084639498432602,0.7646019232941662,0.5862068965517241,0.6818181818181818,,,,0.6818181818181818,0.5862068965517241,,
strict,selection,1,severity_binary,drop_gt70_missing,none,gain,none,stacking,severity_binary|drop_gt70_missing|none|gain|none|stacking,ok,,201,51,47,0.6567398119122256,0.6470588235294118,0.6478733031674209,0.6469230769230769,0.6667884545122397,0.65527950310559,0.6470588235294118,0.6567398119122256,0.7037617554858934,0.7633791066723891,0.5862068965517241,0.7272727272727273,,,,0.7272727272727273,0.5862068965517241,,
strict,selection,1,severity_binary,drop_gt70_missing,none,gain,tvae,rf,severity_binary|drop_gt70_missing|none|gain|tvae|rf,ok,,402,51,47,0.5956112852664577,0.6274509803921569,0.6045737698064301,0.5867803837953092,0.624593157100897,0.6234817813765182,0.6274509803921569,0.5956112852664577,0.7084639498432601,0.7770936970476848,0.8275862068965517,0.36363636363636365,,,,0.36363636363636365,0.8275862068965517,,
strict,selection,1,severity_binary,drop_gt70_missing,none,gain,tvae,catboost,severity_binary|drop_gt70_missing|none|gain|tvae|catboost,ok,,402,51,47,0.640282131661442,0.6470588235294118,0.6470588235294118,0.640282131661442,0.6470588235294118,0.640282131661442,0.6470588235294118,0.640282131661442,0.713166144200627,0.7840378493109178,0.6896551724137931,0.5909090909090909,,,,0.5909090909090909,0.6896551724137931,,
strict,selection,1,severity_binary,drop_gt70_missing,none,gain,tvae,stacking,severity_binary|drop_gt70_missing|none|gain|tvae|stacking,ok,,402,51,47,0.6394984326018809,0.6274509803921569,0.6274509803921569,0.6274509803921569,0.6515458848116049,0.6394984326018809,0.6274509803921569,0.6394984326018809,0.719435736677116,0.7899679117833207,0.5517241379310345,0.7272727272727273,,,,0.7272727272727273,0.5517241379310345,,
strict,selection,1,severity_binary,drop_gt70_missing,none,mice,none,rf,severity_binary|drop_gt70_missing|none|mice|none|rf,ok,,201,51,47,0.64576802507837,0.6470588235294118,0.6484289367921082,0.6436335403726708,0.6517792302106028,0.6435185185185186,0.6470588235294118,0.64576802507837,0.7147335423197494,0.7758633289238266,0.6551724137931034,0.6363636363636364,,,,0.6363636363636364,0.6551724137931034,,
strict,selection,1,severity_binary,drop_gt70_missing,none,mice,none,catboost,severity_binary|drop_gt70_missing|none|mice|none|catboost,ok,,201,51,47,0.7139498432601881,0.7058823529411765,0.7070148814242677,0.7054293415479399,0.7217683369644153,0.7106481481481481,0.7058823529411765,0.7139498432601881,0.7445141065830722,0.8045899445001566,0.6551724137931034,0.7727272727272727,,,,0.7727272727272727,0.6551724137931034,,
strict,selection,1,severity_binary,drop_gt70_missing,none,mice,none,stacking,severity_binary|drop_gt70_missing|none|mice|none|stacking,ok,,201,51,47,0.6794670846394983,0.6666666666666666,0.6666666666666666,0.6666666666666666,0.6922675026123303,0.6794670846394983,0.6666666666666666,0.6794670846394983,0.7335423197492164,0.8064700628542775,0.5862068965517241,0.7727272727272727,,,,0.7727272727272727,0.5862068965517241,,
strict,selection,1,severity_binary,drop_gt70_missing,none,mice,tvae,rf,severity_binary|drop_gt70_missing|none|mice|tvae|rf,ok,,402,51,47,0.658307210031348,0.6862745098039216,0.6704297880768468,0.6565656565656566,0.6923309864486334,0.6949806949806949,0.6862745098039216,0.658307210031348,0.6912225705329154,0.7157710577438293,0.8620689655172413,0.45454545454545453,,,,0.45454545454545453,0.8620689655172413,,
strict,selection,1,severity_binary,drop_gt70_missing,none,mice,tvae,catboost,severity_binary|drop_gt70_missing|none|mice|tvae|catboost,ok,,402,51,47,0.64576802507837,0.6470588235294118,0.6484289367921082,0.6436335403726708,0.6517792302106028,0.6435185185185186,0.6470588235294118,0.64576802507837,0.7335423197492164,0.7570393695344061,0.6551724137931034,0.6363636363636364,,,,0.6363636363636364,0.6551724137931034,,
strict,selection,1,severity_binary,drop_gt70_missing,none,mice,tvae,stacking,severity_binary|drop_gt70_missing|none|mice|tvae|stacking,ok,,402,51,47,0.6222570532915361,0.6078431372549019,0.6066365007541478,0.6076923076923078,0.6362278244631187,0.6238095238095238,0.6078431372549019,0.6222570532915361,0.7163009404388716,0.7403722783557783,0.5172413793103449,0.7272727272727273,,,,0.7272727272727273,0.5172413793103449,,
strict,selection,1,severity_binary,drop_gt70_missing,none,softimpute,none,rf,severity_binary|drop_gt70_missing|none|softimpute|none|rf,ok,,201,51,47,0.6684952978056427,0.6666666666666666,0.6682140554480981,0.6646034816247582,0.6743589743589743,0.6653846153846154,0.6666666666666666,0.6684952978056427,0.713166144200627,0.7803259850699188,0.6551724137931034,0.6818181818181818,,,,0.6818181818181818,0.6551724137931034,,
strict,selection,1,severity_binary,drop_gt70_missing,none,softimpute,none,catboost,severity_binary|drop_gt70_missing|none|softimpute|none|catboost,ok,,201,51,47,0.6567398119122256,0.6470588235294118,0.6478733031674209,0.6469230769230769,0.6667884545122397,0.65527950310559,0.6470588235294118,0.6567398119122256,0.7413793103448276,0.7868299196907708,0.5862068965517241,0.7272727272727273,,,,0.7272727272727273,0.5862068965517241,,
strict,selection,1,severity_binary,drop_gt70_missing,none,softimpute,none,stacking,severity_binary|drop_gt70_missing|none|softimpute|none|stacking,ok,,201,51,47,0.6794670846394983,0.6666666666666666,0.6666666666666666,0.6666666666666666,0.6922675026123303,0.6794670846394983,0.6666666666666666,0.6794670846394983,0.7225705329153604,0.7823034516319876,0.5862068965517241,0.7727272727272727,,,,0.7727272727272727,0.5862068965517241,,
strict,selection,1,severity_binary,drop_gt70_missing,none,softimpute,tvae,rf,severity_binary|drop_gt70_missing|none|softimpute|tvae|rf,ok,,402,51,47,0.5846394984326019,0.6274509803921569,0.5834424637642427,0.5597455701953657,0.6395891690009338,0.6428571428571428,0.6274509803921569,0.5846394984326019,0.7147335423197493,0.7138659658488494,0.896551724137931,0.2727272727272727,,,,0.2727272727272727,0.896551724137931,,
strict,selection,1,severity_binary,drop_gt70_missing,none,softimpute,tvae,catboost,severity_binary|drop_gt70_missing|none|softimpute|tvae|catboost,ok,,402,51,47,0.640282131661442,0.6470588235294118,0.6470588235294118,0.640282131661442,0.6470588235294118,0.640282131661442,0.6470588235294118,0.640282131661442,0.6426332288401254,0.6457204204446193,0.6896551724137931,0.5909090909090909,,,,0.5909090909090909,0.6896551724137931,,
strict,selection,1,severity_binary,drop_gt70_missing,none,softimpute,tvae,stacking,severity_binary|drop_gt70_missing|none|softimpute|tvae|stacking,ok,,402,51,47,0.6222570532915361,0.6078431372549019,0.6066365007541478,0.6076923076923078,0.6362278244631187,0.6238095238095238,0.6078431372549019,0.6222570532915361,0.6739811912225706,0.6710966135018716,0.5172413793103449,0.7272727272727273,,,,0.7272727272727273,0.5172413793103449,,
strict,selection,1,severity_binary,drop_gt70_missing,none,raw,none,catboost,severity_binary|drop_gt70_missing|none|raw|none|catboost,ok,,201,51,47,0.64576802507837,0.6470588235294118,0.6484289367921082,0.6436335403726708,0.6517792302106028,0.6435185185185186,0.6470588235294118,0.64576802507837,0.7351097178683386,0.7573636568317419,0.6551724137931034,0.6363636363636364,,,,0.6363636363636364,0.6551724137931034,,
strict,selection,2,severity_binary,all,none,mean,none,rf,severity_binary|all|none|mean|none|rf,ok,,202,50,55,0.7060755336617406,0.72,0.7176666666666667,0.7083333333333334,0.7176910016977928,0.7130730050933787,0.72,0.7060755336617406,0.7471264367816092,0.8014861170002268,0.7931034482758621,0.6190476190476191,,,,0.6190476190476191,0.7931034482758621,,
strict,selection,2,severity_binary,all,none,mean,none,catboost,severity_binary|all|none|mean|none|catboost,ok,,202,50,55,0.6436781609195402,0.64,0.6423188405797101,0.6376811594202898,0.6528,0.64,0.64,0.6436781609195402,0.7668308702791462,0.8051790402679384,0.6206896551724138,0.6666666666666666,,,,0.6666666666666666,0.6206896551724138,,
strict,selection,2,severity_binary,all,none,mean,none,stacking,severity_binary|all|none|mean|none|stacking,ok,,202,50,55,0.6674876847290641,0.66,0.6620473705339223,0.6587715776796468,0.6773076923076923,0.6634615384615384,0.66,0.6674876847290641,0.7569786535303777,0.7998031570152973,0.6206896551724138,0.7142857142857143,,,,0.7142857142857143,0.6206896551724138,,
strict,selection,2,severity_binary,all,none,mean,tvae,rf,severity_binary|all|none|mean|tvae|rf,ok,,404,50,55,0.6001642036124795,0.62,0.6147288776796974,0.6006725514922235,0.6139583333333334,0.6059027777777778,0.62,0.6001642036124795,0.6978653530377669,0.7514302850153625,0.7241379310344828,0.47619047619047616,,,,0.47619047619047616,0.7241379310344828,,
strict,selection,2,severity_binary,all,none,mean,tvae,catboost,severity_binary|all|none|mean|tvae|catboost,ok,,404,50,55,0.6157635467980296,0.6,0.6,0.6,0.6315270935960592,0.6157635467980296,0.6,0.6157635467980296,0.6896551724137931,0.7352832784791471,0.5172413793103449,0.7142857142857143,,,,0.7142857142857143,0.5172413793103449,,
strict,selection,2,severity_binary,all,none,mean,tvae,stacking,severity_binary|all|none|mean|tvae|stacking,ok,,404,50,55,0.6395730706075533,0.62,0.6186314525810324,0.6198479391756703,0.659,0.6416666666666666,0.62,0.6395730706075533,0.6962233169129721,0.740619246495597,0.5172413793103449,0.7619047619047619,,,,0.7619047619047619,0.5172413793103449,,
strict,selection,2,severity_binary,all,none,pmm,none,rf,severity_binary|all|none|pmm|none|rf,ok,,202,50,55,0.764367816091954,0.78,0.7769482976040354,0.7688104245481295,0.7797916666666665,0.7795138888888888,0.78,0.764367816091954,0.80623973727422,0.8773015772858481,0.8620689655172413,0.6666666666666666,,,,0.6666666666666666,0.8620689655172413,,
strict,selection,2,severity_binary,all,none,pmm,none,catboost,severity_binary|all|none|pmm|none|catboost,ok,,202,50,55,0.6954022988505747,0.7,0.7008567931456549,0.6940024479804161,0.7022727272727272,0.6931818181818181,0.7,0.6954022988505747,0.7586206896551725,0.8339322192369304,0.7241379310344828,0.6666666666666666,,,,0.6666666666666666,0.7241379310344828,,
strict,selection,2,severity_binary,all,none,pmm,none,stacking,severity_binary|all|none|pmm|none|stacking,ok,,202,50,55,0.6954022988505747,0.7,0.7008567931456549,0.6940024479804161,0.7022727272727272,0.6931818181818181,0.7,0.6954022988505747,0.7848932676518884,0.8548745539691327,0.7241379310344828,0.6666666666666666,,,,0.6666666666666666,0.7241379310344828,,
strict,selection,2,severity_binary,all,none,pmm,tvae,rf,severity_binary|all|none|pmm|tvae|rf,ok,,404,50,55,0.5977011494252873,0.64,0.6102205882352941,0.5863970588235294,0.6390675990675991,0.6386946386946387,0.64,0.5977011494252873,0.6995073891625616,0.7871363662848934,0.8620689655172413,0.3333333333333333,,,,0.3333333333333333,0.8620689655172413,,
strict,selection,2,severity_binary,all,none,pmm,tvae,catboost,severity_binary|all|none|pmm|tvae|catboost,ok,,404,50,55,0.6609195402298851,0.66,0.662060606060606,0.6565656565656566,0.6688461538461539,0.657051282051282,0.66,0.6609195402298851,0.6995073891625616,0.7744860385483805,0.6551724137931034,0.6666666666666666,,,,0.6666666666666666,0.6551724137931034,,
strict,selection,2,severity_binary,all,none,pmm,tvae,stacking,severity_binary|all|none|pmm|tvae|stacking,ok,,404,50,55,0.680623973727422,0.66,0.6587755102040816,0.6598639455782312,0.7020000000000001,0.6833333333333333,0.66,0.680623973727422,0.6962233169129721,0.7702699639853638,0.5517241379310345,0.8095238095238095,,,,0.8095238095238095,0.5517241379310345,,
strict,selection,2,severity_binary,all,none,gain,none,rf,severity_binary|all|none|gain|none|rf,ok,,202,50,55,0.7060755336617406,0.72,0.7176666666666667,0.7083333333333334,0.7176910016977928,0.7130730050933787,0.72,0.7060755336617406,0.7651888341543515,0.8230736784160033,0.7931034482758621,0.6190476190476191,,,,0.6190476190476191,0.7931034482758621,,
strict,selection,2,severity_binary,all,none,gain,none,catboost,severity_binary|all|none|gain|none|catboost,ok,,202,50,55,0.6715927750410509,0.68,0.68,0.6715927750410509,0.68,0.6715927750410509,0.68,0.6715927750410509,0.7651888341543515,0.809729415600388,0.7241379310344828,0.6190476190476191,,,,0.6190476190476191,0.7241379310344828,,
strict,selection,2,severity_binary,all,none,gain,none,stacking,severity_binary|all|none|gain|none|stacking,ok,,202,50,55,0.6609195402298851,0.66,0.662060606060606,0.6565656565656566,0.6688461538461539,0.657051282051282,0.66,0.6609195402298851,0.7701149425287357,0.818985519141211,0.6551724137931034,0.6666666666666666,,,,0.6666666666666666,0.6551724137931034,,
strict,selection,2,severity_binary,all,none,gain,tvae,rf,severity_binary|all|none|gain|tvae|rf,ok,,404,50,55,0.6280788177339901,0.66,0.6443076923076922,0.6263736263736264,0.6566666666666667,0.6547619047619048,0.66,0.6280788177339901,0.7307060755336617,0.79994009808318,0.8275862068965517,0.42857142857142855,,,,0.42857142857142855,0.8275862068965517,,
strict,selection,2,severity_binary,all,none,gain,tvae,catboost,severity_binary|all|none|gain|tvae|catboost,ok,,404,50,55,0.6674876847290641,0.66,0.6620473705339223,0.6587715776796468,0.6773076923076923,0.6634615384615384,0.66,0.6674876847290641,0.6945812807881774,0.7476917545552675,0.6206896551724138,0.7142857142857143,,,,0.7142857142857143,0.6206896551724138,,
strict,selection,2,severity_binary,all,none,gain,tvae,stacking,severity_binary|all|none|gain|tvae|stacking,ok,,404,50,55,0.5985221674876847,0.58,0.5784873949579832,0.5798319327731092,0.616,0.6,0.58,0.5985221674876847,0.7011494252873564,0.7605708841842367,0.4827586206896552,0.7142857142857143,,,,0.7142857142857143,0.4827586206896552,,
strict,selection,2,severity_binary,all,none,mice,none,rf,severity_binary|all|none|mice|none|rf,ok,,202,50,55,0.6412151067323482,0.66,0.6552837326607818,0.6427070197562001,0.6554166666666668,0.6493055555555556,0.66,0.6412151067323482,0.6814449917898194,0.7346412769606543,0.7586206896551724,0.5238095238095238,,,,0.5238095238095238,0.7586206896551724,,
strict,selection,2,severity_binary,all,none,mice,none,catboost,severity_binary|all|none|mice|none|catboost,ok,,202,50,55,0.6305418719211823,0.64,0.64,0.6305418719211823,0.64,0.6305418719211823,0.64,0.6305418719211823,0.7093596059113301,0.7600902801209363,0.6896551724137931,0.5714285714285714,,,,0.5714285714285714,0.6896551724137931,,
strict,selection,2,severity_binary,all,none,mice,none,stacking,severity_binary|all|none|mice|none|stacking,ok,,202,50,55,0.6026272577996716,0.6,0.6025764895330112,0.5974235104669887,0.6128,0.6000000000000001,0.6,0.6026272577996716,0.6929392446633826,0.7460936869579649,0.5862068965517241,0.6190476190476191,,,,0.6190476190476191,0.5862068965517241,,
strict,selection,2,severity_binary,all,none,mice,tvae,rf,severity_binary|all|none|mice|tvae|rf,ok,,404,50,55,0.5459770114942528,0.58,0.5606153846153846,0.5384615384615385,0.5644444444444445,0.5555555555555556,0.58,0.5459770114942528,0.6551724137931034,0.7276658219853323,0.7586206896551724,0.3333333333333333,,,,0.3333333333333333,0.7586206896551724,,
strict,selection,2,severity_binary,all,none,mice,tvae,catboost,severity_binary|all|none|mice|tvae|catboost,ok,,404,50,55,0.5098522167487685,0.5,0.5014005602240895,0.49979991996798717,0.5227272727272727,0.5097402597402597,0.5,0.5098522167487685,0.5812807881773399,0.6750344564424158,0.4482758620689655,0.5714285714285714,,,,0.5714285714285714,0.4482758620689655,,
strict,selection,2,severity_binary,all,none,mice,tvae,stacking,severity_binary|all|none|mice|tvae|stacking,ok,,404,50,55,0.5706075533661741,0.54,0.5279191919191919,0.5353535353535354,0.5963970588235294,0.5790441176470589,0.54,0.5706075533661741,0.5845648604269293,0.6764749699518948,0.3793103448275862,0.7619047619047619,,,,0.7619047619047619,0.3793103448275862,,
strict,selection,2,severity_binary,all,none,softimpute,none,rf,severity_binary|all|none|softimpute|none|rf,ok,,202,50,55,0.638752052545156,0.68,0.6535294117647058,0.6323529411764706,0.6921212121212121,0.696969696969697,0.68,0.638752052545156,0.7898193760262726,0.8392872523009798,0.896551724137931,0.38095238095238093,,,,0.38095238095238093,0.896551724137931,,
strict,selection,2,severity_binary,all,none,softimpute,none,catboost,severity_binary|all|none|softimpute|none|catboost,ok,,202,50,55,0.6625615763546798,0.7,0.6792401628222524,0.66078697421981,0.7118421052631578,0.7171052631578947,0.7,0.6625615763546798,0.6978653530377669,0.7702032716839496,0.896551724137931,0.42857142857142855,,,,0.42857142857142855,0.896551724137931,,
strict,selection,2,severity_binary,all,none,softimpute,none,stacking,severity_binary|all|none|softimpute|none|stacking,ok,,202,50,55,0.6239737274220033,0.64,0.637,0.625,0.6360611205432938,0.6281833616298811,0.64,0.6239737274220033,0.7274220032840722,0.7944659225421202,0.7241379310344828,0.5238095238095238,,,,0.5238095238095238,0.7241379310344828,,
strict,selection,2,severity_binary,all,none,softimpute,tvae,rf,severity_binary|all|none|softimpute|tvae|rf,ok,,404,50,55,0.5607553366174056,0.62,0.5534855403348553,0.5180111618467782,0.635909090909091,0.6401515151515151,0.62,0.5607553366174056,0.6568144499178982,0.7612600658860587,0.9310344827586207,0.19047619047619047,,,,0.19047619047619047,0.9310344827586207,,
strict,selection,2,severity_binary,all,none,softimpute,tvae,catboost,severity_binary|all|none|softimpute|tvae|catboost,ok,,404,50,55,0.5697865353037767,0.6,0.5854166666666667,0.5659722222222222,0.5885714285714285,0.5809523809523809,0.6,0.5697865353037767,0.6568144499178983,0.7686484141029915,0.7586206896551724,0.38095238095238093,,,,0.38095238095238093,0.7586206896551724,,
strict,selection,2,severity_binary,all,none,softimpute,tvae,stacking,severity_binary|all|none|softimpute|tvae|stacking,ok,,404,50,55,0.548440065681445,0.56,0.56,0.548440065681445,0.56,0.548440065681445,0.56,0.548440065681445,0.6535303776683087,0.7682766199572006,0.6206896551724138,0.47619047619047616,,,,0.47619047619047616,0.6206896551724138,,
strict,selection,2,severity_binary,all,none,raw,none,catboost,severity_binary|all|none|raw|none|catboost,ok,,202,50,55,0.7126436781609196,0.72,0.72,0.7126436781609196,0.72,0.7126436781609196,0.72,0.7126436781609196,0.7536945812807883,0.765164124787333,0.7586206896551724,0.6666666666666666,,,,0.6666666666666666,0.7586206896551724,,
strict,selection,2,severity_binary,drop_gt70_missing,none,mean,none,rf,severity_binary|drop_gt70_missing|none|mean|none|rf,ok,,202,50,47,0.6650246305418719,0.68,0.6773333333333333,0.6666666666666666,0.6768760611205432,0.6706281833616299,0.68,0.6650246305418719,0.7733990147783252,0.8328555643515082,0.7586206896551724,0.5714285714285714,,,,0.5714285714285714,0.7586206896551724,,
strict,selection,2,severity_binary,drop_gt70_missing,none,mean,none,catboost,severity_binary|drop_gt70_missing|none|mean|none|catboost,ok,,202,50,47,0.6198686371100164,0.62,0.6223030303030302,0.6161616161616161,0.6290384615384615,0.6169871794871795,0.62,0.6198686371100164,0.742200328407225,0.8016021401584079,0.6206896551724138,0.6190476190476191,,,,0.6190476190476191,0.6206896551724138,,
strict,selection,2,severity_binary,drop_gt70_missing,none,mean,none,stacking,severity_binary|drop_gt70_missing|none|mean|none|stacking,ok,,202,50,47,0.6436781609195402,0.64,0.6423188405797101,0.6376811594202898,0.6528,0.64,0.64,0.6436781609195402,0.7536945812807883,0.8142950677233894,0.6206896551724138,0.6666666666666666,,,,0.6666666666666666,0.6206896551724138,,
strict,selection,2,severity_binary,drop_gt70_missing,none,mean,tvae,rf,severity_binary|drop_gt70_missing|none|mean|tvae|rf,ok,,404,50,47,0.6346469622331692,0.66,0.6505190905190905,0.6353496353496353,0.6548529411764705,0.6507352941176471,0.66,0.6346469622331692,0.7175697865353038,0.7909364321932686,0.7931034482758621,0.47619047619047616,,,,0.47619047619047616,0.7931034482758621,,
strict,selection,2,severity_binary,drop_gt70_missing,none,mean,tvae,catboost,severity_binary|drop_gt70_missing|none|mean|tvae|catboost,ok,,404,50,47,0.6436781609195402,0.64,0.6423188405797101,0.6376811594202898,0.6528,0.64,0.64,0.6436781609195402,0.7142857142857143,0.7697234539596657,0.6206896551724138,0.6666666666666666,,,,0.6666666666666666,0.6206896551724138,,
strict,selection,2,severity_binary,drop_gt70_missing,none,mean,tvae,stacking,severity_binary|drop_gt70_missing|none|mean|tvae|stacking,ok,,404,50,47,0.5919540229885057,0.58,0.5811764705882353,0.5798319327731092,0.6054545454545454,0.5909090909090908,0.58,0.5919540229885057,0.7142857142857143,0.7779346954963622,0.5172413793103449,0.6666666666666666,,,,0.6666666666666666,0.5172413793103449,,
strict,selection,2,severity_binary,drop_gt70_missing,none,pmm,none,rf,severity_binary|drop_gt70_missing|none|pmm|none|rf,ok,,202,50,47,0.6822660098522167,0.7,0.6958385876418663,0.6847414880201765,0.696875,0.6927083333333333,0.7,0.6822660098522167,0.7602627257799672,0.8189040241842035,0.7931034482758621,0.5714285714285714,,,,0.5714285714285714,0.7931034482758621,,
strict,selection,2,severity_binary,drop_gt70_missing,none,pmm,none,catboost,severity_binary|drop_gt70_missing|none|pmm|none|catboost,ok,,202,50,47,0.6239737274220033,0.64,0.637,0.625,0.6360611205432938,0.6281833616298811,0.64,0.6239737274220033,0.7257799671592775,0.7911153096784729,0.7241379310344828,0.5238095238095238,,,,0.5238095238095238,0.7241379310344828,,
strict,selection,2,severity_binary,drop_gt70_missing,none,pmm,none,stacking,severity_binary|drop_gt70_missing|none|pmm|none|stacking,ok,,202,50,47,0.6543513957307061,0.66,0.6609710322317421,0.6532027743778049,0.6624675324675325,0.6525974025974026,0.66,0.6543513957307061,0.7356321839080461,0.8037579750370247,0.6896551724137931,0.6190476190476191,,,,0.6190476190476191,0.6896551724137931,,
strict,selection,2,severity_binary,drop_gt70_missing,none,pmm,tvae,rf,severity_binary|drop_gt70_missing|none|pmm|tvae|rf,ok,,404,50,47,0.6042692939244663,0.64,0.6194652406417113,0.5989304812834224,0.6346777546777547,0.632016632016632,0.64,0.6042692939244663,0.6617405582922824,0.7345837376965481,0.8275862068965517,0.38095238095238093,,,,0.38095238095238093,0.8275862068965517,,
strict,selection,2,severity_binary,drop_gt70_missing,none,pmm,tvae,catboost,severity_binary|drop_gt70_missing|none|pmm|tvae|catboost,ok,,404,50,47,0.5788177339901477,0.58,0.5825454545454545,0.5757575757575757,0.5892307692307692,0.5769230769230769,0.58,0.5788177339901477,0.6223316912972086,0.7161334683703355,0.5862068965517241,0.5714285714285714,,,,0.5714285714285714,0.5862068965517241,,
strict,selection,2,severity_binary,drop_gt70_missing,none,pmm,tvae,stacking,severity_binary|drop_gt70_missing|none|pmm|tvae|stacking,ok,,404,50,47,0.4926108374384236,0.48,0.48,0.48,0.5052216748768472,0.4926108374384236,0.48,0.4926108374384236,0.625615763546798,0.719576095950894,0.41379310344827586,0.5714285714285714,,,,0.5714285714285714,0.41379310344827586,,
strict,selection,2,severity_binary,drop_gt70_missing,none,gain,none,rf,severity_binary|drop_gt70_missing|none|gain|none|rf,ok,,202,50,47,0.6756978653530378,0.7,0.6916344916344918,0.6782496782496783,0.6981617647058823,0.6966911764705883,0.7,0.6756978653530378,0.7635467980295567,0.8061648643328669,0.8275862068965517,0.5238095238095238,,,,0.5238095238095238,0.8275862068965517,,
strict,selection,2,severity_binary,drop_gt70_missing,none,gain,none,catboost,severity_binary|drop_gt70_missing|none|gain|none|catboost,ok,,202,50,47,0.6239737274220033,0.64,0.637,0.625,0.6360611205432938,0.6281833616298811,0.64,0.6239737274220033,0.7487684729064039,0.7896390315251327,0.7241379310344828,0.5238095238095238,,,,0.5238095238095238,0.7241379310344828,,
strict,selection,2,severity_binary,drop_gt70_missing,none,gain,none,stacking,severity_binary|drop_gt70_missing|none|gain|none|stacking,ok,,202,50,47,0.6781609195402298,0.68,0.6815584415584417,0.6753246753246753,0.6852818035426731,0.6747181964573269,0.68,0.6781609195402298,0.7520525451559934,0.7979066139183086,0.6896551724137931,0.6666666666666666,,,,0.6666666666666666,0.6896551724137931,,
strict,selection,2,severity_binary,drop_gt70_missing,none,gain,tvae,rf,severity_binary|drop_gt70_missing|none|gain|tvae|rf,ok,,404,50,47,0.6625615763546798,0.7,0.6792401628222524,0.66078697421981,0.7118421052631578,0.7171052631578947,0.7,0.6625615763546798,0.6896551724137931,0.7560503477071826,0.896551724137931,0.42857142857142855,,,,0.42857142857142855,0.896551724137931,,
strict,selection,2,severity_binary,drop_gt70_missing,none,gain,tvae,catboost,severity_binary|drop_gt70_missing|none|gain|tvae|catboost,ok,,404,50,47,0.6026272577996716,0.6,0.6025764895330112,0.5974235104669887,0.6128,0.6000000000000001,0.6,0.6026272577996716,0.6699507389162562,0.7434488756844033,0.5862068965517241,0.6190476190476191,,,,0.6190476190476191,0.5862068965517241,,
strict,selection,2,severity_binary,drop_gt70_missing,none,gain,tvae,stacking,severity_binary|drop_gt70_missing|none|gain|tvae|stacking,ok,,404,50,47,0.5402298850574713,0.52,0.5161538461538462,0.5192307692307692,0.5559932088285229,0.5415959252971138,0.52,0.5402298850574713,0.6798029556650247,0.7503923336779232,0.41379310344827586,0.6666666666666666,,,,0.6666666666666666,0.41379310344827586,,
strict,selection,2,severity_binary,drop_gt70_missing,none,mice,none,rf,severity_binary|drop_gt70_missing|none|mice|none|rf,ok,,202,50,47,0.6584564860426929,0.68,0.6734804753820035,0.6604414261460102,0.6760071301247773,0.6720142602495545,0.68,0.6584564860426929,0.7733990147783252,0.7987005396213634,0.7931034482758621,0.5238095238095238,,,,0.5238095238095238,0.7931034482758621,,
strict,selection,2,severity_binary,drop_gt70_missing,none,mice,none,catboost,severity_binary|drop_gt70_missing|none|mice|none|catboost,ok,,202,50,47,0.6412151067323482,0.66,0.6552837326607818,0.6427070197562001,0.6554166666666668,0.6493055555555556,0.66,0.6412151067323482,0.7504105090311987,0.7923138836638355,0.7586206896551724,0.5238095238095238,,,,0.5238095238095238,0.7586206896551724,,
strict,selection,2,severity_binary,drop_gt70_missing,none,mice,none,stacking,severity_binary|drop_gt70_missing|none|mice|none|stacking,ok,,202,50,47,0.6781609195402298,0.68,0.6815584415584417,0.6753246753246753,0.6852818035426731,0.6747181964573269,0.68,0.6781609195402298,0.7635467980295566,0.8050122715922051,0.6896551724137931,0.6666666666666666,,,,0.6666666666666666,0.6896551724137931,,
strict,selection,2,severity_binary,drop_gt70_missing,none,mice,tvae,rf,severity_binary|drop_gt70_missing|none|mice|tvae|rf,ok,,404,50,47,0.6625615763546798,0.7,0.6792401628222524,0.66078697421981,0.7118421052631578,0.7171052631578947,0.7,0.6625615763546798,0.7241379310344829,0.7914287747275657,0.896551724137931,0.42857142857142855,,,,0.42857142857142855,0.896551724137931,,
strict,selection,2,severity_binary,drop_gt70_missing,none,mice,tvae,catboost,severity_binary|drop_gt70_missing|none|mice|tvae|catboost,ok,,404,50,47,0.7019704433497538,0.7,0.7018181818181819,0.696969696969697,0.7086538461538461,0.6971153846153846,0.7,0.7019704433497538,0.7454844006568144,0.7987646225411957,0.6896551724137931,0.7142857142857143,,,,0.7142857142857143,0.6896551724137931,,
strict,selection,2,severity_binary,drop_gt70_missing,none,mice,tvae,stacking,severity_binary|drop_gt70_missing|none|mice|tvae|stacking,ok,,404,50,47,0.6502463054187192,0.64,0.6417307692307693,0.6394230769230769,0.6620289855072464,0.6473429951690821,0.64,0.6502463054187192,0.7454844006568144,0.7987646225411957,0.5862068965517241,0.7142857142857143,,,,0.7142857142857143,0.5862068965517241,,
strict,selection,2,severity_binary,drop_gt70_missing,none,softimpute,none,rf,severity_binary|drop_gt70_missing|none|softimpute|none|rf,ok,,202,50,47,0.7274220032840722,0.76,0.7463101604278076,0.732620320855615,0.7786278586278587,0.7879417879417879,0.76,0.7274220032840722,0.7898193760262726,0.8566183200896365,0.9310344827586207,0.5238095238095238,,,,0.5238095238095238,0.9310344827586207,,
strict,selection,2,severity_binary,drop_gt70_missing,none,softimpute,none,catboost,severity_binary|drop_gt70_missing|none|softimpute|none|catboost,ok,,202,50,47,0.6518883415435139,0.68,0.6683333333333334,0.6527777777777778,0.6777142857142857,0.6761904761904762,0.68,0.6518883415435139,0.7208538587848933,0.7856261295616045,0.8275862068965517,0.47619047619047616,,,,0.47619047619047616,0.8275862068965517,,
strict,selection,2,severity_binary,drop_gt70_missing,none,softimpute,none,stacking,severity_binary|drop_gt70_missing|none|softimpute|none|stacking,ok,,202,50,47,0.6822660098522167,0.7,0.6958385876418663,0.6847414880201765,0.696875,0.6927083333333333,0.7,0.6822660098522167,0.748768472906404,0.8138328777918151,0.7931034482758621,0.5714285714285714,,,,0.5714285714285714,0.7931034482758621,,
strict,selection,2,severity_binary,drop_gt70_missing,none,softimpute,tvae,rf,severity_binary|drop_gt70_missing|none|softimpute|tvae|rf,ok,,404,50,47,0.6149425287356322,0.66,0.626778868630201,0.6026180458158018,0.6709999999999999,0.675,0.66,0.6149425287356322,0.7044334975369458,0.7710462135123178,0.896551724137931,0.3333333333333333,,,,0.3333333333333333,0.896551724137931,,
strict,selection,2,severity_binary,drop_gt70_missing,none,softimpute,tvae,catboost,severity_binary|drop_gt70_missing|none|softimpute|tvae|catboost,ok,,404,50,47,0.5870279146141215,0.62,0.6024615384615385,0.5824175824175825,0.6105555555555555,0.6051587301587301,0.62,0.5870279146141215,0.6518883415435139,0.7124627138874187,0.7931034482758621,0.38095238095238093,,,,0.38095238095238093,0.7931034482758621,,
strict,selection,2,severity_binary,drop_gt70_missing,none,softimpute,tvae,stacking,severity_binary|drop_gt70_missing|none|softimpute|tvae|stacking,ok,,404,50,47,0.5870279146141215,0.62,0.6024615384615385,0.5824175824175825,0.6105555555555555,0.6051587301587301,0.62,0.5870279146141215,0.6650246305418719,0.7278961789052163,0.7931034482758621,0.38095238095238093,,,,0.38095238095238093,0.7931034482758621,,
strict,selection,2,severity_binary,drop_gt70_missing,none,raw,none,catboost,severity_binary|drop_gt70_missing|none|raw|none|catboost,ok,,202,50,47,0.7471264367816092,0.76,0.7580000000000001,0.75,0.7585059422750424,0.7555178268251272,0.76,0.7471264367816092,0.7569786535303777,0.7807301810878002,0.8275862068965517,0.6666666666666666,,,,0.6666666666666666,0.8275862068965517,,
strict,selection,3,severity_binary,all,none,mean,none,rf,severity_binary|all|none|mean|none|rf,ok,,202,50,55,0.698051948051948,0.7,0.7006060606060607,0.696969696969697,0.7017713365539453,0.6964573268921095,0.7,0.698051948051948,0.741883116883117,0.7829645681238624,0.7142857142857143,0.6818181818181818,,,,0.6818181818181818,0.7142857142857143,,
strict,selection,3,severity_binary,all,none,mean,none,catboost,severity_binary|all|none|mean|none|catboost,ok,,202,50,55,0.7256493506493507,0.72,0.7208974358974359,0.719551282051282,0.731025641025641,0.7227564102564102,0.72,0.7256493506493507,0.7191558441558441,0.7612737201119747,0.6785714285714286,0.7727272727272727,,,,0.7727272727272727,0.6785714285714286,,
strict,selection,3,severity_binary,all,none,mean,none,stacking,severity_binary|all|none|mean|none|stacking,ok,,202,50,55,0.7256493506493507,0.72,0.7208974358974359,0.719551282051282,0.731025641025641,0.7227564102564102,0.72,0.7256493506493507,0.7321428571428572,0.7718161038826126,0.6785714285714286,0.7727272727272727,,,,0.7727272727272727,0.6785714285714286,,
strict,selection,3,severity_binary,all,none,mean,tvae,rf,severity_binary|all|none|mean|tvae|rf,ok,,404,50,55,0.6655844155844155,0.68,0.6746666666666666,0.6666666666666666,0.6783333333333332,0.6770833333333333,0.68,0.6655844155844155,0.7272727272727273,0.8055734097206824,0.7857142857142857,0.5454545454545454,,,,0.5454545454545454,0.7857142857142857,,
strict,selection,3,severity_binary,all,none,mean,tvae,catboost,severity_binary|all|none|mean|tvae|catboost,ok,,404,50,55,0.7126623376623377,0.7,0.6991596638655463,0.6998799519807923,0.7264367816091953,0.7151067323481117,0.7,0.7126623376623377,0.7126623376623376,0.744958728595012,0.6071428571428571,0.8181818181818182,,,,0.8181818181818182,0.6071428571428571,,
strict,selection,3,severity_binary,all,none,mean,tvae,stacking,severity_binary|all|none|mean|tvae|stacking,ok,,404,50,55,0.6948051948051948,0.68,0.6779487179487179,0.6794871794871795,0.7120000000000001,0.7,0.68,0.6948051948051948,0.7256493506493507,0.7965450036438928,0.5714285714285714,0.8181818181818182,,,,0.8181818181818182,0.5714285714285714,,
strict,selection,3,severity_binary,all,none,pmm,none,rf,severity_binary|all|none|pmm|none|rf,ok,,202,50,55,0.6477272727272727,0.66,0.6562050434063663,0.6486151302190988,0.6572495755517826,0.6544991511035654,0.66,0.6477272727272727,0.7483766233766234,0.789525323071092,0.75,0.5454545454545454,,,,0.5454545454545454,0.75,,
strict,selection,3,severity_binary,all,none,pmm,none,catboost,severity_binary|all|none|pmm|none|catboost,ok,,202,50,55,0.6753246753246753,0.68,0.68,0.6753246753246753,0.68,0.6753246753246753,0.68,0.6753246753246753,0.7386363636363636,0.7783812318994593,0.7142857142857143,0.6363636363636364,,,,0.6363636363636364,0.7142857142857143,,
strict,selection,3,severity_binary,all,none,pmm,none,stacking,severity_binary|all|none|pmm|none|stacking,ok,,202,50,55,0.698051948051948,0.7,0.7006060606060607,0.696969696969697,0.7017713365539453,0.6964573268921095,0.7,0.698051948051948,0.7483766233766234,0.7854725215345627,0.7142857142857143,0.6818181818181818,,,,0.6818181818181818,0.7142857142857143,,
strict,selection,3,severity_binary,all,none,pmm,tvae,rf,severity_binary|all|none|pmm|tvae|rf,ok,,404,50,55,0.6103896103896104,0.64,0.6143315508021391,0.5989304812834224,0.647017543859649,0.6491228070175439,0.64,0.6103896103896104,0.7321428571428572,0.7565540731358955,0.8571428571428571,0.36363636363636365,,,,0.36363636363636365,0.8571428571428571,,
strict,selection,3,severity_binary,all,none,pmm,tvae,catboost,severity_binary|all|none|pmm|tvae|catboost,ok,,404,50,55,0.6931818181818181,0.7,0.6991432068543452,0.6940024479804161,0.6988505747126436,0.6954022988505747,0.7,0.6931818181818181,0.6964285714285714,0.7368096337331759,0.75,0.6363636363636364,,,,0.6363636363636364,0.75,,
strict,selection,3,severity_binary,all,none,pmm,tvae,stacking,severity_binary|all|none|pmm|tvae|stacking,ok,,404,50,55,0.6493506493506493,0.64,0.64,0.64,0.6587012987012987,0.6493506493506493,0.64,0.6493506493506493,0.7272727272727273,0.7498993205725691,0.5714285714285714,0.7272727272727273,,,,0.7272727272727273,0.5714285714285714,,
strict,selection,3,severity_binary,all,none,gain,none,rf,severity_binary|all|none|gain|none|rf,ok,,202,50,55,0.6574675324675325,0.66,0.6606868686868687,0.6565656565656566,0.6619001610305958,0.6561996779388084,0.66,0.6574675324675325,0.7435064935064936,0.7985428029265519,0.6785714285714286,0.6363636363636364,,,,0.6363636363636364,0.6785714285714286,,
strict,selection,3,severity_binary,all,none,gain,none,catboost,severity_binary|all|none|gain|none|catboost,ok,,202,50,55,0.702922077922078,0.7,0.7010839020473705,0.6989160979526294,0.7071999999999999,0.7,0.7,0.702922077922078,0.7321428571428571,0.7704970990569657,0.6785714285714286,0.7272727272727273,,,,0.7272727272727273,0.6785714285714286,,
strict,selection,3,severity_binary,all,none,gain,none,stacking,severity_binary|all|none|gain|none|stacking,ok,,202,50,55,0.6850649350649352,0.68,0.681025641025641,0.6794871794871795,0.6907692307692308,0.6826923076923077,0.68,0.6850649350649352,0.7305194805194805,0.7572193409303981,0.6428571428571429,0.7272727272727273,,,,0.7272727272727273,0.6428571428571429,,
strict,selection,3,severity_binary,all,none,gain,tvae,rf,severity_binary|all|none|gain|tvae|rf,ok,,404,50,55,0.5746753246753247,0.6,0.5805555555555556,0.5659722222222222,0.5936507936507937,0.5912698412698413,0.6,0.5746753246753247,0.702922077922078,0.7742461829464022,0.7857142857142857,0.36363636363636365,,,,0.36363636363636365,0.7857142857142857,,
strict,selection,3,severity_binary,all,none,gain,tvae,catboost,severity_binary|all|none|gain|tvae|catboost,ok,,404,50,55,0.6623376623376623,0.66,0.6612284223203533,0.6587715776796468,0.6672,0.6599999999999999,0.66,0.6623376623376623,0.6623376623376623,0.6980997433018985,0.6428571428571429,0.6818181818181818,,,,0.6818181818181818,0.6428571428571429,,
strict,selection,3,severity_binary,all,none,gain,tvae,stacking,severity_binary|all|none|gain|tvae|stacking,ok,,404,50,55,0.6542207792207793,0.64,0.6376923076923078,0.6394230769230769,0.6693333333333333,0.6583333333333333,0.64,0.6542207792207793,0.6883116883116883,0.7553727447160037,0.5357142857142857,0.7727272727272727,,,,0.7727272727272727,0.5357142857142857,,
strict,selection,3,severity_binary,all,none,mice,none,rf,severity_binary|all|none|mice|none|rf,ok,,202,50,55,0.7337662337662337,0.74,0.7392574459404325,0.7348021215830274,0.7391133004926108,0.7364532019704433,0.74,0.7337662337662337,0.7662337662337662,0.788683794648775,0.7857142857142857,0.6818181818181818,,,,0.6818181818181818,0.7857142857142857,,
strict,selection,3,severity_binary,all,none,mice,none,catboost,severity_binary|all|none|mice|none|catboost,ok,,202,50,55,0.7207792207792207,0.72,0.720901771336554,0.7181964573268921,0.7241025641025641,0.717948717948718,0.72,0.7207792207792207,0.7662337662337662,0.7896572910883718,0.7142857142857143,0.7272727272727273,,,,0.7272727272727273,0.7142857142857143,,
strict,selection,3,severity_binary,all,none,mice,none,stacking,severity_binary|all|none|mice|none|stacking,ok,,202,50,55,0.7256493506493507,0.72,0.7208974358974359,0.719551282051282,0.731025641025641,0.7227564102564102,0.72,0.7256493506493507,0.7613636363636364,0.7863211070746757,0.6785714285714286,0.7727272727272727,,,,0.7727272727272727,0.6785714285714286,,
strict,selection,3,severity_binary,all,none,mice,tvae,rf,severity_binary|all|none|mice|tvae|rf,ok,,404,50,55,0.7012987012987013,0.72,0.7114431239388794,0.7028862478777589,0.7252941176470589,0.7279411764705883,0.72,0.7012987012987013,0.7646103896103895,0.8058468509340375,0.8571428571428571,0.5454545454545454,,,,0.5454545454545454,0.8571428571428571,,
strict,selection,3,severity_binary,all,none,mice,tvae,catboost,severity_binary|all|none|mice|tvae|catboost,ok,,404,50,55,0.7386363636363636,0.74,0.7405252525252526,0.7373737373737375,0.7416425120772948,0.7367149758454106,0.74,0.7386363636363636,0.7353896103896104,0.7488429954909223,0.75,0.7272727272727273,,,,0.7272727272727273,0.75,,
strict,selection,3,severity_binary,all,none,mice,tvae,stacking,severity_binary|all|none|mice|tvae|stacking,ok,,404,50,55,0.702922077922078,0.7,0.7010839020473705,0.6989160979526294,0.7071999999999999,0.7,0.7,0.702922077922078,0.7467532467532467,0.7612874083986887,0.6785714285714286,0.7272727272727273,,,,0.7272727272727273,0.6785714285714286,,
strict,selection,3,severity_binary,all,none,softimpute,none,rf,severity_binary|all|none|softimpute|none|rf,ok,,202,50,55,0.6477272727272727,0.66,0.6562050434063663,0.6486151302190988,0.6572495755517826,0.6544991511035654,0.66,0.6477272727272727,0.7191558441558441,0.775330235521365,0.75,0.5454545454545454,,,,0.5454545454545454,0.75,,
strict,selection,3,severity_binary,all,none,softimpute,none,catboost,severity_binary|all|none|softimpute|none|catboost,ok,,202,50,55,0.6444805194805194,0.64,0.6411538461538462,0.6394230769230769,0.6505128205128206,0.6426282051282051,0.64,0.6444805194805194,0.6956168831168831,0.7502241610984693,0.6071428571428571,0.6818181818181818,,,,0.6818181818181818,0.6071428571428571,,
strict,selection,3,severity_binary,all,none,softimpute,none,stacking,severity_binary|all|none|softimpute|none|stacking,ok,,202,50,55,0.7077922077922079,0.7,0.7006002400960384,0.6998799519807923,0.7152979066022545,0.7061191626409018,0.7,0.7077922077922079,0.7077922077922076,0.7633195315657854,0.6428571428571429,0.7727272727272727,,,,0.7727272727272727,0.6428571428571429,,
strict,selection,3,severity_binary,all,none,softimpute,tvae,rf,severity_binary|all|none|softimpute|tvae|rf,ok,,404,50,55,0.6201298701298701,0.64,0.6289983022071307,0.6179966044142615,0.6373529411764706,0.6360294117647058,0.64,0.6201298701298701,0.737012987012987,0.7843865862096636,0.7857142857142857,0.45454545454545453,,,,0.45454545454545453,0.7857142857142857,,
strict,selection,3,severity_binary,all,none,softimpute,tvae,catboost,severity_binary|all|none|softimpute|tvae|catboost,ok,,404,50,55,0.6704545454545454,0.68,0.6778981937602627,0.6715927750410509,0.6779999999999999,0.675,0.68,0.6704545454545454,0.7483766233766234,0.8126682139784176,0.75,0.5909090909090909,,,,0.5909090909090909,0.75,,
strict,selection,3,severity_binary,all,none,softimpute,tvae,stacking,severity_binary|all|none|softimpute|tvae|stacking,ok,,404,50,55,0.6931818181818181,0.7,0.6991432068543452,0.6940024479804161,0.6988505747126436,0.6954022988505747,0.7,0.6931818181818181,0.7451298701298701,0.8056316115467217,0.75,0.6363636363636364,,,,0.6363636363636364,0.75,,
strict,selection,3,severity_binary,all,none,raw,none,catboost,severity_binary|all|none|raw|none|catboost,ok,,202,50,55,0.6850649350649352,0.68,0.681025641025641,0.6794871794871795,0.6907692307692308,0.6826923076923077,0.68,0.6850649350649352,0.7435064935064934,0.7605046093084546,0.6428571428571429,0.7272727272727273,,,,0.7272727272727273,0.6428571428571429,,
strict,selection,3,severity_binary,drop_gt70_missing,none,mean,none,rf,severity_binary|drop_gt70_missing|none|mean|none|rf,ok,,202,50,47,0.698051948051948,0.7,0.7006060606060607,0.696969696969697,0.7017713365539453,0.6964573268921095,0.7,0.698051948051948,0.7597402597402597,0.804270690185031,0.7142857142857143,0.6818181818181818,,,,0.6818181818181818,0.7142857142857143,,
strict,selection,3,severity_binary,drop_gt70_missing,none,mean,none,catboost,severity_binary|drop_gt70_missing|none|mean|none|catboost,ok,,202,50,47,0.7662337662337663,0.76,0.7607692307692308,0.7596153846153846,0.7712820512820514,0.7628205128205128,0.76,0.7662337662337663,0.7548701298701298,0.7865199733050665,0.7142857142857143,0.8181818181818182,,,,0.8181818181818182,0.7142857142857143,,
strict,selection,3,severity_binary,drop_gt70_missing,none,mean,none,stacking,severity_binary|drop_gt70_missing|none|mean|none|stacking,ok,,202,50,47,0.7483766233766234,0.74,0.7405202080832334,0.7398959583833533,0.7559420289855072,0.7463768115942029,0.74,0.7483766233766234,0.7516233766233766,0.7826339665863196,0.6785714285714286,0.8181818181818182,,,,0.8181818181818182,0.6785714285714286,,
strict,selection,3,severity_binary,drop_gt70_missing,none,mean,tvae,rf,severity_binary|drop_gt70_missing|none|mean|tvae|rf,ok,,404,50,47,0.637987012987013,0.66,0.6467267267267267,0.6353496353496353,0.6613333333333332,0.6619047619047619,0.66,0.637987012987013,0.7337662337662337,0.743647896093378,0.8214285714285714,0.45454545454545453,,,,0.45454545454545453,0.8214285714285714,,
strict,selection,3,severity_binary,drop_gt70_missing,none,mean,tvae,catboost,severity_binary|drop_gt70_missing|none|mean|tvae|catboost,ok,,404,50,47,0.6850649350649352,0.68,0.681025641025641,0.6794871794871795,0.6907692307692308,0.6826923076923077,0.68,0.6850649350649352,0.7159090909090909,0.7654573628122019,0.6428571428571429,0.7272727272727273,,,,0.7272727272727273,0.6428571428571429,,
strict,selection,3,severity_binary,drop_gt70_missing,none,mean,tvae,stacking,severity_binary|drop_gt70_missing|none|mean|tvae|stacking,ok,,404,50,47,0.6899350649350648,0.68,0.68,0.68,0.6998701298701299,0.6899350649350648,0.68,0.6899350649350648,0.7224025974025974,0.7588595326437929,0.6071428571428571,0.7727272727272727,,,,0.7727272727272727,0.6071428571428571,,
strict,selection,3,severity_binary,drop_gt70_missing,none,pmm,none,rf,severity_binary|drop_gt70_missing|none|pmm|none|rf,ok,,202,50,47,0.6931818181818181,0.7,0.6991432068543452,0.6940024479804161,0.6988505747126436,0.6954022988505747,0.7,0.6931818181818181,0.7305194805194806,0.7697975688461575,0.75,0.6363636363636364,,,,0.6363636363636364,0.75,,
strict,selection,3,severity_binary,drop_gt70_missing,none,pmm,none,catboost,severity_binary|drop_gt70_missing|none|pmm|none|catboost,ok,,202,50,47,0.6801948051948052,0.68,0.6810305958132045,0.677938808373591,0.6842307692307692,0.6778846153846154,0.68,0.6801948051948052,0.7159090909090908,0.7427800582189205,0.6785714285714286,0.6818181818181818,,,,0.6818181818181818,0.6785714285714286,,
strict,selection,3,severity_binary,drop_gt70_missing,none,pmm,none,stacking,severity_binary|drop_gt70_missing|none|pmm|none|stacking,ok,,202,50,47,0.702922077922078,0.7,0.7010839020473705,0.6989160979526294,0.7071999999999999,0.7,0.7,0.702922077922078,0.7207792207792207,0.752509901770093,0.6785714285714286,0.7272727272727273,,,,0.7272727272727273,0.6785714285714286,,
strict,selection,3,severity_binary,drop_gt70_missing,none,pmm,tvae,rf,severity_binary|drop_gt70_missing|none|pmm|tvae|rf,ok,,404,50,47,0.6607142857142857,0.68,0.6702207130730051,0.6604414261460102,0.6813235294117647,0.6819852941176471,0.68,0.6607142857142857,0.6866883116883118,0.7267757666135608,0.8214285714285714,0.5,,,,0.5,0.8214285714285714,,
strict,selection,3,severity_binary,drop_gt70_missing,none,pmm,tvae,catboost,severity_binary|drop_gt70_missing|none|pmm|tvae|catboost,ok,,404,50,47,0.6525974025974026,0.66,0.6590289677682577,0.6532027743778049,0.6585878489326765,0.6543513957307061,0.66,0.6525974025974026,0.6655844155844156,0.7083381728191717,0.7142857142857143,0.5909090909090909,,,,0.5909090909090909,0.7142857142857143,,
strict,selection,3,severity_binary,drop_gt70_missing,none,pmm,tvae,stacking,severity_binary|drop_gt70_missing|none|pmm|tvae|stacking,ok,,404,50,47,0.6217532467532467,0.62,0.621372942593336,0.6186270574066639,0.6272000000000001,0.6200000000000001,0.62,0.6217532467532467,0.6753246753246752,0.7164613535670865,0.6071428571428571,0.6363636363636364,,,,0.6363636363636364,0.6071428571428571,,
strict,selection,3,severity_binary,drop_gt70_missing,none,gain,none,rf,severity_binary|drop_gt70_missing|none|gain|none|rf,ok,,202,50,47,0.7159090909090908,0.72,0.72,0.7159090909090908,0.72,0.7159090909090908,0.72,0.7159090909090908,0.7451298701298701,0.7801294066365224,0.75,0.6818181818181818,,,,0.6818181818181818,0.75,,
strict,selection,3,severity_binary,drop_gt70_missing,none,gain,none,catboost,severity_binary|drop_gt70_missing|none|gain|none|catboost,ok,,202,50,47,0.7256493506493507,0.72,0.7208974358974359,0.719551282051282,0.731025641025641,0.7227564102564102,0.72,0.7256493506493507,0.7467532467532467,0.784107143769201,0.6785714285714286,0.7727272727272727,,,,0.7727272727272727,0.6785714285714286,,
strict,selection,3,severity_binary,drop_gt70_missing,none,gain,none,stacking,severity_binary|drop_gt70_missing|none|gain|none|stacking,ok,,202,50,47,0.7256493506493507,0.72,0.7208974358974359,0.719551282051282,0.731025641025641,0.7227564102564102,0.72,0.7256493506493507,0.7418831168831169,0.772771952003772,0.6785714285714286,0.7727272727272727,,,,0.7727272727272727,0.6785714285714286,,
strict,selection,3,severity_binary,drop_gt70_missing,none,gain,tvae,rf,severity_binary|drop_gt70_missing|none|gain|tvae|rf,ok,,404,50,47,0.6428571428571428,0.66,0.6521395544346364,0.6427070197562001,0.6580392156862744,0.6568627450980392,0.66,0.6428571428571428,0.7564935064935064,0.8147496265107544,0.7857142857142857,0.5,,,,0.5,0.7857142857142857,,
strict,selection,3,severity_binary,drop_gt70_missing,none,gain,tvae,catboost,severity_binary|drop_gt70_missing|none|gain|tvae|catboost,ok,,404,50,47,0.698051948051948,0.7,0.7006060606060607,0.696969696969697,0.7017713365539453,0.6964573268921095,0.7,0.698051948051948,0.75,0.8173922772482445,0.7142857142857143,0.6818181818181818,,,,0.6818181818181818,0.7142857142857143,,
strict,selection,3,severity_binary,drop_gt70_missing,none,gain,tvae,stacking,severity_binary|drop_gt70_missing|none|gain|tvae|stacking,ok,,404,50,47,0.7532467532467533,0.74,0.7392717086834734,0.7398959583833533,0.7682758620689656,0.7561576354679802,0.74,0.7532467532467533,0.7516233766233765,0.8194870573153444,0.6428571428571429,0.8636363636363636,,,,0.8636363636363636,0.6428571428571429,,
strict,selection,3,severity_binary,drop_gt70_missing,none,mice,none,rf,severity_binary|drop_gt70_missing|none|mice|none|rf,ok,,202,50,47,0.7337662337662337,0.74,0.7392574459404325,0.7348021215830274,0.7391133004926108,0.7364532019704433,0.74,0.7337662337662337,0.7646103896103895,0.8110127024204992,0.7857142857142857,0.6818181818181818,,,,0.6818181818181818,0.7857142857142857,,
strict,selection,3,severity_binary,drop_gt70_missing,none,mice,none,catboost,severity_binary|drop_gt70_missing|none|mice|none|catboost,ok,,202,50,47,0.7256493506493507,0.72,0.7208974358974359,0.719551282051282,0.731025641025641,0.7227564102564102,0.72,0.7256493506493507,0.7581168831168831,0.7957075274197034,0.6785714285714286,0.7727272727272727,,,,0.7727272727272727,0.6785714285714286,,
strict,selection,3,severity_binary,drop_gt70_missing,none,mice,none,stacking,severity_binary|drop_gt70_missing|none|mice|none|stacking,ok,,202,50,47,0.7256493506493507,0.72,0.7208974358974359,0.719551282051282,0.731025641025641,0.7227564102564102,0.72,0.7256493506493507,0.7613636363636362,0.7963021161369425,0.6785714285714286,0.7727272727272727,,,,0.7727272727272727,0.6785714285714286,,
strict,selection,3,severity_binary,drop_gt70_missing,none,mice,tvae,rf,severity_binary|drop_gt70_missing|none|mice|tvae|rf,ok,,404,50,47,0.724025974025974,0.74,0.7339890710382514,0.7267759562841529,0.7437433155080214,0.7459893048128342,0.74,0.724025974025974,0.7483766233766234,0.7516272474911843,0.8571428571428571,0.5909090909090909,,,,0.5909090909090909,0.8571428571428571,,
strict,selection,3,severity_binary,drop_gt70_missing,none,mice,tvae,catboost,severity_binary|drop_gt70_missing|none|mice|tvae|catboost,ok,,404,50,47,0.7256493506493507,0.72,0.7208974358974359,0.719551282051282,0.731025641025641,0.7227564102564102,0.72,0.7256493506493507,0.7467532467532467,0.7452927461917328,0.6785714285714286,0.7727272727272727,,,,0.7727272727272727,0.6785714285714286,,
strict,selection,3,severity_binary,drop_gt70_missing,none,mice,tvae,stacking,severity_binary|drop_gt70_missing|none|mice|tvae|stacking,ok,,404,50,47,0.7126623376623377,0.7,0.6991596638655463,0.6998799519807923,0.7264367816091953,0.7151067323481117,0.7,0.7126623376623377,0.75,0.7539500751116803,0.6071428571428571,0.8181818181818182,,,,0.8181818181818182,0.6071428571428571,,
strict,selection,3,severity_binary,drop_gt70_missing,none,softimpute,none,rf,severity_binary|drop_gt70_missing|none|softimpute|none|rf,ok,,202,50,47,0.6704545454545454,0.68,0.6778981937602627,0.6715927750410509,0.6779999999999999,0.675,0.68,0.6704545454545454,0.6996753246753247,0.7339265393363213,0.75,0.5909090909090909,,,,0.5909090909090909,0.75,,
strict,selection,3,severity_binary,drop_gt70_missing,none,softimpute,none,catboost,severity_binary|drop_gt70_missing|none|softimpute|none|catboost,ok,,202,50,47,0.6525974025974026,0.66,0.6590289677682577,0.6532027743778049,0.6585878489326765,0.6543513957307061,0.66,0.6525974025974026,0.6883116883116883,0.7220458763349337,0.7142857142857143,0.5909090909090909,,,,0.5909090909090909,0.7142857142857143,,
strict,selection,3,severity_binary,drop_gt70_missing,none,softimpute,none,stacking,severity_binary|drop_gt70_missing|none|softimpute|none|stacking,ok,,202,50,47,0.6801948051948052,0.68,0.6810305958132045,0.677938808373591,0.6842307692307692,0.6778846153846154,0.68,0.6801948051948052,0.6948051948051949,0.7246247361596742,0.6785714285714286,0.6818181818181818,,,,0.6818181818181818,0.6785714285714286,,
strict,selection,3,severity_binary,drop_gt70_missing,none,softimpute,tvae,rf,severity_binary|drop_gt70_missing|none|softimpute|tvae|rf,ok,,404,50,47,0.5827922077922079,0.62,0.5761196820944366,0.5558672276764843,0.6347967479674798,0.6382113821138211,0.62,0.5827922077922079,0.7435064935064934,0.7679212925498854,0.8928571428571429,0.2727272727272727,,,,0.2727272727272727,0.8928571428571429,,
strict,selection,3,severity_binary,drop_gt70_missing,none,softimpute,tvae,catboost,severity_binary|drop_gt70_missing|none|softimpute|tvae|catboost,ok,,404,50,47,0.7207792207792207,0.72,0.720901771336554,0.7181964573268921,0.7241025641025641,0.717948717948718,0.72,0.7207792207792207,0.7288961038961039,0.7379518857592141,0.7142857142857143,0.7272727272727273,,,,0.7272727272727273,0.7142857142857143,,
strict,selection,3,severity_binary,drop_gt70_missing,none,softimpute,tvae,stacking,severity_binary|drop_gt70_missing|none|softimpute|tvae|stacking,ok,,404,50,47,0.7256493506493507,0.72,0.7208974358974359,0.719551282051282,0.731025641025641,0.7227564102564102,0.72,0.7256493506493507,0.7353896103896104,0.7544042018937612,0.6785714285714286,0.7727272727272727,,,,0.7727272727272727,0.6785714285714286,,
strict,selection,3,severity_binary,drop_gt70_missing,none,raw,none,catboost,severity_binary|drop_gt70_missing|none|raw|none|catboost,ok,,202,50,47,0.6850649350649352,0.68,0.681025641025641,0.6794871794871795,0.6907692307692308,0.6826923076923077,0.68,0.6850649350649352,0.74512987012987,0.7710109072760963,0.6428571428571429,0.7272727272727273,,,,0.7272727272727273,0.6428571428571429,,
strict,selection,4,severity_binary,all,none,mean,none,rf,severity_binary|all|none|mean|none|rf,ok,,202,50,55,0.6574675324675325,0.66,0.6606868686868687,0.6565656565656566,0.6619001610305958,0.6561996779388084,0.66,0.6574675324675325,0.6688311688311688,0.6858208995181383,0.6785714285714286,0.6363636363636364,,,,0.6363636363636364,0.6785714285714286,,
strict,selection,4,severity_binary,all,none,mean,none,catboost,severity_binary|all|none|mean|none|catboost,ok,,202,50,55,0.7159090909090908,0.72,0.72,0.7159090909090908,0.72,0.7159090909090908,0.72,0.7159090909090908,0.7305194805194806,0.7507673923106395,0.75,0.6818181818181818,,,,0.6818181818181818,0.75,,
strict,selection,4,severity_binary,all,none,mean,none,stacking,severity_binary|all|none|mean|none|stacking,ok,,202,50,55,0.6801948051948052,0.68,0.6810305958132045,0.677938808373591,0.6842307692307692,0.6778846153846154,0.68,0.6801948051948052,0.7061688311688312,0.7185371410280098,0.6785714285714286,0.6818181818181818,,,,0.6818181818181818,0.6785714285714286,,
strict,selection,4,severity_binary,all,none,mean,tvae,rf,severity_binary|all|none|mean|tvae|rf,ok,,404,50,55,0.5941558441558441,0.6,0.6,0.5941558441558441,0.6,0.5941558441558441,0.6,0.5941558441558441,0.698051948051948,0.705607247590717,0.6428571428571429,0.5454545454545454,,,,0.5454545454545454,0.6428571428571429,,
strict,selection,4,severity_binary,all,none,mean,tvae,catboost,severity_binary|all|none|mean|tvae|catboost,ok,,404,50,55,0.6672077922077921,0.66,0.6606802721088434,0.6598639455782312,0.6746537842190016,0.6658615136876006,0.66,0.6672077922077921,0.737012987012987,0.7681453347520757,0.6071428571428571,0.7272727272727273,,,,0.7272727272727273,0.6071428571428571,,
strict,selection,4,severity_binary,all,none,mean,tvae,stacking,severity_binary|all|none|mean|tvae|stacking,ok,,404,50,55,0.6899350649350648,0.68,0.68,0.68,0.6998701298701299,0.6899350649350648,0.68,0.6899350649350648,0.724025974025974,0.7566207947201323,0.6071428571428571,0.7727272727272727,,,,0.7727272727272727,0.6071428571428571,,
strict,selection,4,severity_binary,all,none,pmm,none,rf,severity_binary|all|none|pmm|none|rf,ok,,202,50,55,0.7061688311688312,0.72,0.7153333333333333,0.7083333333333334,0.7202777777777777,0.7204861111111112,0.72,0.7061688311688312,0.6964285714285714,0.679637468462047,0.8214285714285714,0.5909090909090909,,,,0.5909090909090909,0.8214285714285714,,
strict,selection,4,severity_binary,all,none,pmm,none,catboost,severity_binary|all|none|pmm|none|catboost,ok,,202,50,55,0.6753246753246753,0.68,0.68,0.6753246753246753,0.68,0.6753246753246753,0.68,0.6753246753246753,0.698051948051948,0.7032694582519137,0.7142857142857143,0.6363636363636364,,,,0.6363636363636364,0.7142857142857143,,
strict,selection,4,severity_binary,all,none,pmm,none,stacking,severity_binary|all|none|pmm|none|stacking,ok,,202,50,55,0.6396103896103896,0.64,0.641159420289855,0.6376811594202898,0.6443589743589743,0.6378205128205128,0.64,0.6396103896103896,0.6996753246753247,0.6816260474250548,0.6428571428571429,0.6363636363636364,,,,0.6363636363636364,0.6428571428571429,,
strict,selection,4,severity_binary,all,none,pmm,tvae,rf,severity_binary|all|none|pmm|tvae|rf,ok,,404,50,55,0.6331168831168831,0.66,0.6398241758241758,0.6263736263736264,0.6678586278586277,0.6704781704781705,0.66,0.6331168831168831,0.7207792207792209,0.7411642138466252,0.8571428571428571,0.4090909090909091,,,,0.4090909090909091,0.8571428571428571,,
strict,selection,4,severity_binary,all,none,pmm,tvae,catboost,severity_binary|all|none|pmm|tvae|catboost,ok,,404,50,55,0.7386363636363636,0.74,0.7405252525252526,0.7373737373737375,0.7416425120772948,0.7367149758454106,0.74,0.7386363636363636,0.7694805194805194,0.7690814328218062,0.75,0.7272727272727273,,,,0.7272727272727273,0.75,,
strict,selection,4,severity_binary,all,none,pmm,tvae,stacking,severity_binary|all|none|pmm|tvae|stacking,ok,,404,50,55,0.676948051948052,0.66,0.6563147330389402,0.6587715776796468,0.6975891341256367,0.6850594227504245,0.66,0.676948051948052,0.7467532467532467,0.7672184199114168,0.5357142857142857,0.8181818181818182,,,,0.8181818181818182,0.5357142857142857,,
strict,selection,4,severity_binary,all,none,gain,none,rf,severity_binary|all|none|gain|none|rf,ok,,202,50,55,0.637987012987013,0.66,0.6467267267267267,0.6353496353496353,0.6613333333333332,0.6619047619047619,0.66,0.637987012987013,0.7256493506493507,0.7160781557290429,0.8214285714285714,0.45454545454545453,,,,0.45454545454545453,0.8214285714285714,,
strict,selection,4,severity_binary,all,none,gain,none,catboost,severity_binary|all|none|gain|none|catboost,ok,,202,50,55,0.6883116883116883,0.7,0.6966515088879703,0.6899545266639107,0.698471986417657,0.6969439728353142,0.7,0.6883116883116883,0.7337662337662337,0.7259789904834894,0.7857142857142857,0.5909090909090909,,,,0.5909090909090909,0.7857142857142857,,
strict,selection,4,severity_binary,all,none,gain,none,stacking,severity_binary|all|none|gain|none|stacking,ok,,202,50,55,0.6525974025974026,0.66,0.6590289677682577,0.6532027743778049,0.6585878489326765,0.6543513957307061,0.66,0.6525974025974026,0.7402597402597403,0.7205069854410827,0.7142857142857143,0.5909090909090909,,,,0.5909090909090909,0.7142857142857143,,
strict,selection,4,severity_binary,all,none,gain,tvae,rf,severity_binary|all|none|gain|tvae|rf,ok,,404,50,55,0.6558441558441558,0.68,0.6644444444444444,0.6527777777777778,0.6876190476190476,0.6904761904761905,0.68,0.6558441558441558,0.7386363636363636,0.7278345409546132,0.8571428571428571,0.45454545454545453,,,,0.45454545454545453,0.8571428571428571,,
strict,selection,4,severity_binary,all,none,gain,tvae,catboost,severity_binary|all|none|gain|tvae|catboost,ok,,404,50,55,0.6883116883116883,0.7,0.6966515088879703,0.6899545266639107,0.698471986417657,0.6969439728353142,0.7,0.6883116883116883,0.7305194805194805,0.7281640994152282,0.7857142857142857,0.5909090909090909,,,,0.5909090909090909,0.7857142857142857,,
strict,selection,4,severity_binary,all,none,gain,tvae,stacking,severity_binary|all|none|gain|tvae|stacking,ok,,404,50,55,0.7256493506493507,0.72,0.7208974358974359,0.719551282051282,0.731025641025641,0.7227564102564102,0.72,0.7256493506493507,0.7386363636363638,0.7316096259139145,0.6785714285714286,0.7727272727272727,,,,0.7727272727272727,0.6785714285714286,,
strict,selection,4,severity_binary,all,none,mice,none,rf,severity_binary|all|none|mice|none|rf,ok,,202,50,55,0.6574675324675325,0.66,0.6606868686868687,0.6565656565656566,0.6619001610305958,0.6561996779388084,0.66,0.6574675324675325,0.7061688311688311,0.761521105339239,0.6785714285714286,0.6363636363636364,,,,0.6363636363636364,0.6785714285714286,,
strict,selection,4,severity_binary,all,none,mice,none,catboost,severity_binary|all|none|mice|none|catboost,ok,,202,50,55,0.6266233766233766,0.62,0.6207603041216487,0.6198479391756703,0.6340096618357488,0.6256038647342995,0.62,0.6266233766233766,0.7353896103896104,0.7903104286637703,0.5714285714285714,0.6818181818181818,,,,0.6818181818181818,0.5714285714285714,,
strict,selection,4,severity_binary,all,none,mice,none,stacking,severity_binary|all|none|mice|none|stacking,ok,,202,50,55,0.6444805194805194,0.64,0.6411538461538462,0.6394230769230769,0.6505128205128206,0.6426282051282051,0.64,0.6444805194805194,0.7305194805194806,0.7856518861638461,0.6071428571428571,0.6818181818181818,,,,0.6818181818181818,0.6071428571428571,,
strict,selection,4,severity_binary,all,none,mice,tvae,rf,severity_binary|all|none|mice|tvae|rf,ok,,404,50,55,0.6688311688311689,0.7,0.6746268656716419,0.66078697421981,0.7333333333333333,0.7424242424242424,0.7,0.6688311688311689,0.7386363636363635,0.7765813241659989,0.9285714285714286,0.4090909090909091,,,,0.4090909090909091,0.9285714285714286,,
strict,selection,4,severity_binary,all,none,mice,tvae,catboost,severity_binary|all|none|mice|tvae|catboost,ok,,404,50,55,0.702922077922078,0.7,0.7010839020473705,0.6989160979526294,0.7071999999999999,0.7,0.7,0.702922077922078,0.7711038961038961,0.813798205369362,0.6785714285714286,0.7272727272727273,,,,0.7272727272727273,0.6785714285714286,,
strict,selection,4,severity_binary,all,none,mice,tvae,stacking,severity_binary|all|none|mice|tvae|stacking,ok,,404,50,55,0.6672077922077921,0.66,0.6606802721088434,0.6598639455782312,0.6746537842190016,0.6658615136876006,0.66,0.6672077922077921,0.7597402597402597,0.799036464790444,0.6071428571428571,0.7272727272727273,,,,0.7272727272727273,0.6071428571428571,,
strict,selection,4,severity_binary,all,none,softimpute,none,rf,severity_binary|all|none|softimpute|none|rf,ok,,202,50,55,0.612012987012987,0.62,0.6189147286821705,0.6124031007751938,0.6183251231527094,0.6133004926108374,0.62,0.612012987012987,0.6542207792207793,0.7155230670879932,0.6785714285714286,0.5454545454545454,,,,0.5454545454545454,0.6785714285714286,,
strict,selection,4,severity_binary,all,none,softimpute,none,catboost,severity_binary|all|none|softimpute|none|catboost,ok,,202,50,55,0.7207792207792207,0.72,0.720901771336554,0.7181964573268921,0.7241025641025641,0.717948717948718,0.72,0.7207792207792207,0.7288961038961039,0.7640642737486214,0.7142857142857143,0.7272727272727273,,,,0.7272727272727273,0.7142857142857143,,
strict,selection,4,severity_binary,all,none,softimpute,none,stacking,severity_binary|all|none|softimpute|none|stacking,ok,,202,50,55,0.6672077922077921,0.66,0.6606802721088434,0.6598639455782312,0.6746537842190016,0.6658615136876006,0.66,0.6672077922077921,0.6964285714285714,0.7418020272802011,0.6071428571428571,0.7272727272727273,,,,0.7272727272727273,0.6071428571428571,,
strict,selection,4,severity_binary,all,none,softimpute,tvae,rf,severity_binary|all|none|softimpute|tvae|rf,ok,,404,50,55,0.6185064935064934,0.66,0.6079844584749878,0.587178241864983,0.7287707641196013,0.7425249169435215,0.66,0.6185064935064934,0.7240259740259741,0.7320275511556816,0.9642857142857143,0.2727272727272727,,,,0.2727272727272727,0.9642857142857143,,
strict,selection,4,severity_binary,all,none,softimpute,tvae,catboost,severity_binary|all|none|softimpute|tvae|catboost,ok,,404,50,55,0.7012987012987013,0.72,0.7114431239388794,0.7028862478777589,0.7252941176470589,0.7279411764705883,0.72,0.7012987012987013,0.7435064935064934,0.7704389202968602,0.8571428571428571,0.5454545454545454,,,,0.5454545454545454,0.8571428571428571,,
strict,selection,4,severity_binary,all,none,softimpute,tvae,stacking,severity_binary|all|none|softimpute|tvae|stacking,ok,,404,50,55,0.6850649350649352,0.68,0.681025641025641,0.6794871794871795,0.6907692307692308,0.6826923076923077,0.68,0.6850649350649352,0.75,0.7519909520605916,0.6428571428571429,0.7272727272727273,,,,0.7272727272727273,0.6428571428571429,,
strict,selection,4,severity_binary,all,none,raw,none,catboost,severity_binary|all|none|raw|none|catboost,ok,,202,50,55,0.6753246753246753,0.68,0.68,0.6753246753246753,0.68,0.6753246753246753,0.68,0.6753246753246753,0.6931818181818182,0.7327913646961974,0.7142857142857143,0.6363636363636364,,,,0.6363636363636364,0.7142857142857143,,
strict,selection,4,severity_binary,drop_gt70_missing,none,mean,none,rf,severity_binary|drop_gt70_missing|none|mean|none|rf,ok,,202,50,47,0.6298701298701299,0.64,0.6376354679802955,0.6305418719211823,0.6373333333333333,0.6333333333333333,0.64,0.6298701298701299,0.6623376623376623,0.6643956146337595,0.7142857142857143,0.5454545454545454,,,,0.5454545454545454,0.7142857142857143,,
strict,selection,4,severity_binary,drop_gt70_missing,none,mean,none,catboost,severity_binary|drop_gt70_missing|none|mean|none|catboost,ok,,202,50,47,0.698051948051948,0.7,0.7006060606060607,0.696969696969697,0.7017713365539453,0.6964573268921095,0.7,0.698051948051948,0.6834415584415585,0.7191793120429424,0.7142857142857143,0.6818181818181818,,,,0.6818181818181818,0.7142857142857143,,
strict,selection,4,severity_binary,drop_gt70_missing,none,mean,none,stacking,severity_binary|drop_gt70_missing|none|mean|none|stacking,ok,,202,50,47,0.6801948051948052,0.68,0.6810305958132045,0.677938808373591,0.6842307692307692,0.6778846153846154,0.68,0.6801948051948052,0.6655844155844156,0.6898677600699169,0.6785714285714286,0.6818181818181818,,,,0.6818181818181818,0.6785714285714286,,
strict,selection,4,severity_binary,drop_gt70_missing,none,mean,tvae,rf,severity_binary|drop_gt70_missing|none|mean|tvae|rf,ok,,404,50,47,0.6607142857142857,0.68,0.6702207130730051,0.6604414261460102,0.6813235294117647,0.6819852941176471,0.68,0.6607142857142857,0.6931818181818182,0.6984253164151384,0.8214285714285714,0.5,,,,0.5,0.8214285714285714,,
strict,selection,4,severity_binary,drop_gt70_missing,none,mean,tvae,catboost,severity_binary|drop_gt70_missing|none|mean|tvae|catboost,ok,,404,50,47,0.7337662337662337,0.74,0.7392574459404325,0.7348021215830274,0.7391133004926108,0.7364532019704433,0.74,0.7337662337662337,0.7175324675324676,0.724167757840353,0.7857142857142857,0.6818181818181818,,,,0.6818181818181818,0.7857142857142857,,
strict,selection,4,severity_binary,drop_gt70_missing,none,mean,tvae,stacking,severity_binary|drop_gt70_missing|none|mean|tvae|stacking,ok,,404,50,47,0.6850649350649352,0.68,0.681025641025641,0.6794871794871795,0.6907692307692308,0.6826923076923077,0.68,0.6850649350649352,0.7207792207792207,0.7142703152237541,0.6428571428571429,0.7272727272727273,,,,0.7272727272727273,0.6428571428571429,,
strict,selection,4,severity_binary,drop_gt70_missing,none,pmm,none,rf,severity_binary|drop_gt70_missing|none|pmm|none|rf,ok,,202,50,47,0.711038961038961,0.72,0.7181609195402298,0.7126436781609196,0.7186666666666666,0.7166666666666666,0.72,0.711038961038961,0.7077922077922079,0.725632980563338,0.7857142857142857,0.6363636363636364,,,,0.6363636363636364,0.7857142857142857,,
strict,selection,4,severity_binary,drop_gt70_missing,none,pmm,none,catboost,severity_binary|drop_gt70_missing|none|pmm|none|catboost,ok,,202,50,47,0.6266233766233766,0.62,0.6207603041216487,0.6198479391756703,0.6340096618357488,0.6256038647342995,0.62,0.6266233766233766,0.7175324675324676,0.7489876999826484,0.5714285714285714,0.6818181818181818,,,,0.6818181818181818,0.5714285714285714,,
strict,selection,4,severity_binary,drop_gt70_missing,none,pmm,none,stacking,severity_binary|drop_gt70_missing|none|pmm|none|stacking,ok,,202,50,47,0.6266233766233766,0.62,0.6207603041216487,0.6198479391756703,0.6340096618357488,0.6256038647342995,0.62,0.6266233766233766,0.7224025974025975,0.7412955066625313,0.5714285714285714,0.6818181818181818,,,,0.6818181818181818,0.5714285714285714,,
strict,selection,4,severity_binary,drop_gt70_missing,none,pmm,tvae,rf,severity_binary|drop_gt70_missing|none|pmm|tvae|rf,ok,,404,50,47,0.6558441558441558,0.68,0.6644444444444444,0.6527777777777778,0.6876190476190476,0.6904761904761905,0.68,0.6558441558441558,0.7288961038961038,0.7488666328808887,0.8571428571428571,0.45454545454545453,,,,0.45454545454545453,0.8571428571428571,,
strict,selection,4,severity_binary,drop_gt70_missing,none,pmm,tvae,catboost,severity_binary|drop_gt70_missing|none|pmm|tvae|catboost,ok,,404,50,47,0.6574675324675325,0.66,0.6606868686868687,0.6565656565656566,0.6619001610305958,0.6561996779388084,0.66,0.6574675324675325,0.7467532467532467,0.7619649439736011,0.6785714285714286,0.6363636363636364,,,,0.6363636363636364,0.6785714285714286,,
strict,selection,4,severity_binary,drop_gt70_missing,none,pmm,tvae,stacking,severity_binary|drop_gt70_missing|none|pmm|tvae|stacking,ok,,404,50,47,0.6948051948051948,0.68,0.6779487179487179,0.6794871794871795,0.7120000000000001,0.7,0.68,0.6948051948051948,0.7386363636363635,0.7559265615608672,0.5714285714285714,0.8181818181818182,,,,0.8181818181818182,0.5714285714285714,,
strict,selection,4,severity_binary,drop_gt70_missing,none,gain,none,rf,severity_binary|drop_gt70_missing|none|gain|none|rf,ok,,202,50,47,0.6655844155844155,0.68,0.6746666666666666,0.6666666666666666,0.6783333333333332,0.6770833333333333,0.68,0.6655844155844155,0.7305194805194806,0.7120340557719236,0.7857142857142857,0.5454545454545454,,,,0.5454545454545454,0.7857142857142857,,
strict,selection,4,severity_binary,drop_gt70_missing,none,gain,none,catboost,severity_binary|drop_gt70_missing|none|gain|none|catboost,ok,,202,50,47,0.6931818181818181,0.7,0.6991432068543452,0.6940024479804161,0.6988505747126436,0.6954022988505747,0.7,0.6931818181818181,0.7418831168831169,0.7525331888623275,0.75,0.6363636363636364,,,,0.6363636363636364,0.75,,
strict,selection,4,severity_binary,drop_gt70_missing,none,gain,none,stacking,severity_binary|drop_gt70_missing|none|gain|none|stacking,ok,,202,50,47,0.6931818181818181,0.7,0.6991432068543452,0.6940024479804161,0.6988505747126436,0.6954022988505747,0.7,0.6931818181818181,0.7386363636363636,0.7312258989478487,0.75,0.6363636363636364,,,,0.6363636363636364,0.75,,
strict,selection,4,severity_binary,drop_gt70_missing,none,gain,tvae,rf,severity_binary|drop_gt70_missing|none|gain|tvae|rf,ok,,404,50,47,0.6412337662337663,0.68,0.6373333333333333,0.6190476190476191,0.745,0.7589285714285714,0.68,0.6412337662337663,0.6704545454545454,0.6725195263539764,0.9642857142857143,0.3181818181818182,,,,0.3181818181818182,0.9642857142857143,,
strict,selection,4,severity_binary,drop_gt70_missing,none,gain,tvae,catboost,severity_binary|drop_gt70_missing|none|gain|tvae|catboost,ok,,404,50,47,0.7159090909090908,0.72,0.72,0.7159090909090908,0.72,0.7159090909090908,0.72,0.7159090909090908,0.7435064935064934,0.730740815760946,0.75,0.6818181818181818,,,,0.6818181818181818,0.75,,
strict,selection,4,severity_binary,drop_gt70_missing,none,gain,tvae,stacking,severity_binary|drop_gt70_missing|none|gain|tvae|stacking,ok,,404,50,47,0.5957792207792207,0.58,0.5754476114010437,0.5784825371336813,0.6102546689303905,0.6001697792869269,0.58,0.5957792207792207,0.6948051948051949,0.6962757470103146,0.4642857142857143,0.7272727272727273,,,,0.7272727272727273,0.4642857142857143,,
strict,selection,4,severity_binary,drop_gt70_missing,none,mice,none,rf,severity_binary|drop_gt70_missing|none|mice|none|rf,ok,,202,50,47,0.6931818181818181,0.7,0.6991432068543452,0.6940024479804161,0.6988505747126436,0.6954022988505747,0.7,0.6931818181818181,0.6964285714285714,0.7148295154715886,0.75,0.6363636363636364,,,,0.6363636363636364,0.75,,
strict,selection,4,severity_binary,drop_gt70_missing,none,mice,none,catboost,severity_binary|drop_gt70_missing|none|mice|none|catboost,ok,,202,50,47,0.6753246753246753,0.68,0.68,0.6753246753246753,0.68,0.6753246753246753,0.68,0.6753246753246753,0.6818181818181819,0.7318964635452001,0.7142857142857143,0.6363636363636364,,,,0.6363636363636364,0.7142857142857143,,
strict,selection,4,severity_binary,drop_gt70_missing,none,mice,none,stacking,severity_binary|drop_gt70_missing|none|mice|none|stacking,ok,,202,50,47,0.6623376623376623,0.66,0.6612284223203533,0.6587715776796468,0.6672,0.6599999999999999,0.66,0.6623376623376623,0.676948051948052,0.7151077009033546,0.6428571428571429,0.6818181818181818,,,,0.6818181818181818,0.6428571428571429,,
strict,selection,4,severity_binary,drop_gt70_missing,none,mice,tvae,rf,severity_binary|drop_gt70_missing|none|mice|tvae|rf,ok,,404,50,47,0.7418831168831169,0.76,0.7526655348047538,0.7453310696095077,0.7692647058823531,0.7738970588235294,0.76,0.7418831168831169,0.7288961038961039,0.7078033177648871,0.8928571428571429,0.5909090909090909,,,,0.5909090909090909,0.8928571428571429,,
strict,selection,4,severity_binary,drop_gt70_missing,none,mice,tvae,catboost,severity_binary|drop_gt70_missing|none|mice|tvae|catboost,ok,,404,50,47,0.6850649350649352,0.68,0.681025641025641,0.6794871794871795,0.6907692307692308,0.6826923076923077,0.68,0.6850649350649352,0.7435064935064934,0.7137975716639361,0.6428571428571429,0.7272727272727273,,,,0.7272727272727273,0.6428571428571429,,
strict,selection,4,severity_binary,drop_gt70_missing,none,mice,tvae,stacking,severity_binary|drop_gt70_missing|none|mice|tvae|stacking,ok,,404,50,47,0.6314935064935066,0.62,0.6189355742296919,0.6198479391756703,0.6427586206896553,0.6330049261083743,0.62,0.6314935064935066,0.7467532467532468,0.7299090154547004,0.5357142857142857,0.7272727272727273,,,,0.7272727272727273,0.5357142857142857,,
strict,selection,4,severity_binary,drop_gt70_missing,none,softimpute,none,rf,severity_binary|drop_gt70_missing|none|softimpute|none|rf,ok,,202,50,47,0.6396103896103896,0.64,0.641159420289855,0.6376811594202898,0.6443589743589743,0.6378205128205128,0.64,0.6396103896103896,0.6542207792207791,0.6974819729731708,0.6428571428571429,0.6363636363636364,,,,0.6363636363636364,0.6428571428571429,,
strict,selection,4,severity_binary,drop_gt70_missing,none,softimpute,none,catboost,severity_binary|drop_gt70_missing|none|softimpute|none|catboost,ok,,202,50,47,0.6525974025974026,0.66,0.6590289677682577,0.6532027743778049,0.6585878489326765,0.6543513957307061,0.66,0.6525974025974026,0.676948051948052,0.7032458744516592,0.7142857142857143,0.5909090909090909,,,,0.5909090909090909,0.7142857142857143,,
strict,selection,4,severity_binary,drop_gt70_missing,none,softimpute,none,stacking,severity_binary|drop_gt70_missing|none|softimpute|none|stacking,ok,,202,50,47,0.6444805194805194,0.64,0.6411538461538462,0.6394230769230769,0.6505128205128206,0.6426282051282051,0.64,0.6444805194805194,0.6688311688311688,0.7038186876357024,0.6071428571428571,0.6818181818181818,,,,0.6818181818181818,0.6071428571428571,,
strict,selection,4,severity_binary,drop_gt70_missing,none,softimpute,tvae,rf,severity_binary|drop_gt70_missing|none|softimpute|tvae|rf,ok,,404,50,47,0.6185064935064934,0.66,0.6079844584749878,0.587178241864983,0.7287707641196013,0.7425249169435215,0.66,0.6185064935064934,0.6931818181818182,0.7116380723836413,0.9642857142857143,0.2727272727272727,,,,0.2727272727272727,0.9642857142857143,,
strict,selection,4,severity_binary,drop_gt70_missing,none,softimpute,tvae,catboost,severity_binary|drop_gt70_missing|none|softimpute|tvae|catboost,ok,,404,50,47,0.6607142857142857,0.68,0.6702207130730051,0.6604414261460102,0.6813235294117647,0.6819852941176471,0.68,0.6607142857142857,0.6883116883116883,0.7253166487960745,0.8214285714285714,0.5,,,,0.5,0.8214285714285714,,
strict,selection,4,severity_binary,drop_gt70_missing,none,softimpute,tvae,stacking,severity_binary|drop_gt70_missing|none|softimpute|tvae|stacking,ok,,404,50,47,0.6168831168831169,0.62,0.6207676767676767,0.6161616161616161,0.6220289855072463,0.6159420289855072,0.62,0.6168831168831169,0.6850649350649352,0.716536186813693,0.6428571428571429,0.5909090909090909,,,,0.5909090909090909,0.6428571428571429,,
strict,selection,4,severity_binary,drop_gt70_missing,none,raw,none,catboost,severity_binary|drop_gt70_missing|none|raw|none|catboost,ok,,202,50,47,0.6574675324675325,0.66,0.6606868686868687,0.6565656565656566,0.6619001610305958,0.6561996779388084,0.66,0.6574675324675325,0.689935064935065,0.7418805627795605,0.6785714285714286,0.6363636363636364,,,,0.6363636363636364,0.6785714285714286,,
strict,selection,5,severity_binary,all,none,mean,none,rf,severity_binary|all|none|mean|none|rf,ok,,201,51,55,0.6065830721003135,0.6274509803921569,0.6183533242356771,0.6056166056166056,0.621683967704729,0.6176470588235294,0.6274509803921569,0.6065830721003135,0.7633228840125391,0.8416004317251323,0.7586206896551724,0.45454545454545453,,,,0.45454545454545453,0.7586206896551724,,
strict,selection,5,severity_binary,all,none,mean,none,catboost,severity_binary|all|none|mean|none|catboost,ok,,201,51,55,0.7029780564263323,0.7058823529411765,0.7065703474372205,0.7017543859649122,0.7078005115089514,0.7010869565217391,0.7058823529411765,0.7029780564263323,0.7821316614420063,0.8411859276221302,0.7241379310344828,0.6818181818181818,,,,0.6818181818181818,0.7241379310344828,,
strict,selection,5,severity_binary,all,none,mean,none,stacking,severity_binary|all|none|mean|none|stacking,ok,,201,51,55,0.7257053291536051,0.7254901960784313,0.7265558397271952,0.7228260869565217,0.7298474945533769,0.7222222222222222,0.7254901960784313,0.7257053291536051,0.7758620689655172,0.8488577489250226,0.7241379310344828,0.7272727272727273,,,,0.7272727272727273,0.7241379310344828,,
strict,selection,5,severity_binary,all,none,mean,tvae,rf,severity_binary|all|none|mean|tvae|rf,ok,,402,51,55,0.6010971786833856,0.6274509803921569,0.6122701887407771,0.5970893970893971,0.6221132897603485,0.6194444444444445,0.6274509803921569,0.6010971786833856,0.7037617554858935,0.790194442642875,0.7931034482758621,0.4090909090909091,,,,0.4090909090909091,0.7931034482758621,,
strict,selection,5,severity_binary,all,none,mean,tvae,catboost,severity_binary|all|none|mean|tvae|catboost,ok,,402,51,55,0.6684952978056427,0.6666666666666666,0.6682140554480981,0.6646034816247582,0.6743589743589743,0.6653846153846154,0.6666666666666666,0.6684952978056427,0.7178683385579938,0.7733128352089167,0.6551724137931034,0.6818181818181818,,,,0.6818181818181818,0.6551724137931034,,
strict,selection,5,severity_binary,all,none,mean,tvae,stacking,severity_binary|all|none|mean|tvae|stacking,ok,,402,51,55,0.6512539184952978,0.6470588235294118,0.6486928104575163,0.6458333333333333,0.6582805429864252,0.6484615384615384,0.6470588235294118,0.6512539184952978,0.7147335423197492,0.7843799346008187,0.6206896551724138,0.6818181818181818,,,,0.6818181818181818,0.6206896551724138,,
strict,selection,5,severity_binary,all,none,pmm,none,rf,severity_binary|all|none|pmm|none|rf,ok,,201,51,55,0.6293103448275862,0.6470588235294118,0.6407969639468692,0.6298387096774194,0.6427015250544662,0.6388888888888888,0.6470588235294118,0.6293103448275862,0.7163009404388715,0.8073966370365823,0.7586206896551724,0.5,,,,0.5,0.7586206896551724,,
strict,selection,5,severity_binary,all,none,pmm,none,catboost,severity_binary|all|none|pmm|none|catboost,ok,,201,51,55,0.640282131661442,0.6470588235294118,0.6470588235294118,0.640282131661442,0.6470588235294118,0.640282131661442,0.6470588235294118,0.640282131661442,0.7084639498432602,0.8102573232305953,0.6896551724137931,0.5909090909090909,,,,0.5909090909090909,0.6896551724137931,,
strict,selection,5,severity_binary,all,none,pmm,none,stacking,severity_binary|all|none|pmm|none|stacking,ok,,201,51,55,0.64576802507837,0.6470588235294118,0.6484289367921082,0.6436335403726708,0.6517792302106028,0.6435185185185186,0.6470588235294118,0.64576802507837,0.6974921630094044,0.8007502051763428,0.6551724137931034,0.6363636363636364,,,,0.6363636363636364,0.6551724137931034,,
strict,selection,5,severity_binary,all,none,pmm,tvae,rf,severity_binary|all|none|pmm|tvae|rf,ok,,402,51,55,0.7037617554858934,0.7254901960784313,0.7166860165118678,0.7064144736842105,0.7296918767507004,0.7321428571428572,0.7254901960784313,0.7037617554858934,0.7351097178683387,0.8042673168357377,0.8620689655172413,0.5454545454545454,,,,0.5454545454545454,0.8620689655172413,,
strict,selection,5,severity_binary,all,none,pmm,tvae,catboost,severity_binary|all|none|pmm|tvae|catboost,ok,,402,51,55,0.7084639498432602,0.7058823529411765,0.7072476959836159,0.7040618955512572,0.7134841628959276,0.7046153846153846,0.7058823529411765,0.7084639498432602,0.7163009404388715,0.7618295034802278,0.6896551724137931,0.7272727272727273,,,,0.7272727272727273,0.6896551724137931,,
strict,selection,5,severity_binary,all,none,pmm,tvae,stacking,severity_binary|all|none|pmm|tvae|stacking,ok,,402,51,55,0.6912225705329154,0.6862745098039216,0.6877269426289034,0.6851851851851851,0.6976168929110106,0.6876923076923077,0.6862745098039216,0.6912225705329154,0.7288401253918495,0.7801134746931911,0.6551724137931034,0.7272727272727273,,,,0.7272727272727273,0.6551724137931034,,
strict,selection,5,severity_binary,all,none,gain,none,rf,severity_binary|all|none|gain|none|rf,ok,,201,51,55,0.634796238244514,0.6470588235294118,0.6445378151260504,0.6357142857142857,0.644022770398482,0.6387096774193548,0.6470588235294118,0.634796238244514,0.7382445141065831,0.8268819445261764,0.7241379310344828,0.5454545454545454,,,,0.5454545454545454,0.7241379310344828,,
strict,selection,5,severity_binary,all,none,gain,none,catboost,severity_binary|all|none|gain|none|catboost,ok,,201,51,55,0.6857366771159874,0.6862745098039216,0.6874923882596518,0.6832298136645962,0.6908133623819899,0.6828703703703703,0.6862745098039216,0.6857366771159874,0.7163009404388715,0.8192109605596544,0.6896551724137931,0.6818181818181818,,,,0.6818181818181818,0.6896551724137931,,
strict,selection,5,severity_binary,all,none,gain,none,stacking,severity_binary|all|none|gain|none|stacking,ok,,201,51,55,0.6912225705329154,0.6862745098039216,0.6877269426289034,0.6851851851851851,0.6976168929110106,0.6876923076923077,0.6862745098039216,0.6912225705329154,0.725705329153605,0.826202666787143,0.6551724137931034,0.7272727272727273,,,,0.7272727272727273,0.6551724137931034,,
strict,selection,5,severity_binary,all,none,gain,tvae,rf,severity_binary|all|none|gain|tvae|rf,ok,,402,51,55,0.6246081504702194,0.6666666666666666,0.6272906254732696,0.6060881417537483,0.701058201058201,0.7103174603174603,0.6666666666666666,0.6246081504702194,0.7601880877742946,0.8329651916106342,0.9310344827586207,0.3181818181818182,,,,0.3181818181818182,0.9310344827586207,,
strict,selection,5,severity_binary,all,none,gain,tvae,catboost,severity_binary|all|none|gain|tvae|catboost,ok,,402,51,55,0.6575235109717869,0.6666666666666666,0.6656155564314807,0.6582577847851794,0.665079365079365,0.6595238095238095,0.6666666666666666,0.6575235109717869,0.738244514106583,0.8210495040685392,0.7241379310344828,0.5909090909090909,,,,0.5909090909090909,0.7241379310344828,,
strict,selection,5,severity_binary,all,none,gain,tvae,stacking,severity_binary|all|none|gain|tvae|stacking,ok,,402,51,55,0.6912225705329154,0.6862745098039216,0.6877269426289034,0.6851851851851851,0.6976168929110106,0.6876923076923077,0.6862745098039216,0.6912225705329154,0.7460815047021944,0.8263472654069131,0.6551724137931034,0.7272727272727273,,,,0.7272727272727273,0.6551724137931034,,
strict,selection,5,severity_binary,all,none,mice,none,rf,severity_binary|all|none|mice|none|rf,ok,,201,51,55,0.6747648902821317,0.6862745098039216,0.6840336134453782,0.6761904761904762,0.6839342188488299,0.6798387096774194,0.6862745098039216,0.6747648902821317,0.7163009404388716,0.8174246020808268,0.7586206896551724,0.5909090909090909,,,,0.5909090909090909,0.7586206896551724,,
strict,selection,5,severity_binary,all,none,mice,none,catboost,severity_binary|all|none|mice|none|catboost,ok,,201,51,55,0.6575235109717869,0.6666666666666666,0.6656155564314807,0.6582577847851794,0.665079365079365,0.6595238095238095,0.6666666666666666,0.6575235109717869,0.7210031347962382,0.8258420511560198,0.7241379310344828,0.5909090909090909,,,,0.5909090909090909,0.7241379310344828,,
strict,selection,5,severity_binary,all,none,mice,none,stacking,severity_binary|all|none|mice|none|stacking,ok,,201,51,55,0.64576802507837,0.6470588235294118,0.6484289367921082,0.6436335403726708,0.6517792302106028,0.6435185185185186,0.6470588235294118,0.64576802507837,0.7241379310344828,0.8259928674086056,0.6551724137931034,0.6363636363636364,,,,0.6363636363636364,0.6551724137931034,,
strict,selection,5,severity_binary,all,none,mice,tvae,rf,severity_binary|all|none|mice|tvae|rf,ok,,402,51,55,0.6010971786833856,0.6274509803921569,0.6122701887407771,0.5970893970893971,0.6221132897603485,0.6194444444444445,0.6274509803921569,0.6010971786833856,0.700626959247649,0.7733733145539599,0.7931034482758621,0.4090909090909091,,,,0.4090909090909091,0.7931034482758621,,
strict,selection,5,severity_binary,all,none,mice,tvae,catboost,severity_binary|all|none|mice|tvae|catboost,ok,,402,51,55,0.6630094043887147,0.6666666666666666,0.6674463937621833,0.6619883040935672,0.6687370600414079,0.6614906832298137,0.6666666666666666,0.6630094043887147,0.6833855799373042,0.7076324544462034,0.6896551724137931,0.6363636363636364,,,,0.6363636363636364,0.6896551724137931,,
strict,selection,5,severity_binary,all,none,mice,tvae,stacking,severity_binary|all|none|mice|tvae|stacking,ok,,402,51,55,0.6912225705329154,0.6862745098039216,0.6877269426289034,0.6851851851851851,0.6976168929110106,0.6876923076923077,0.6862745098039216,0.6912225705329154,0.6959247648902821,0.7405695851299344,0.6551724137931034,0.7272727272727273,,,,0.7272727272727273,0.6551724137931034,,
strict,selection,5,severity_binary,all,none,softimpute,none,rf,severity_binary|all|none|softimpute|none|rf,ok,,201,51,55,0.634796238244514,0.6470588235294118,0.6445378151260504,0.6357142857142857,0.644022770398482,0.6387096774193548,0.6470588235294118,0.634796238244514,0.731974921630094,0.8316426334051527,0.7241379310344828,0.5454545454545454,,,,0.5454545454545454,0.7241379310344828,,
strict,selection,5,severity_binary,all,none,softimpute,none,catboost,severity_binary|all|none|softimpute|none|catboost,ok,,201,51,55,0.6293103448275862,0.6470588235294118,0.6407969639468692,0.6298387096774194,0.6427015250544662,0.6388888888888888,0.6470588235294118,0.6293103448275862,0.7351097178683386,0.805502072618242,0.7586206896551724,0.5,,,,0.5,0.7586206896551724,,
strict,selection,5,severity_binary,all,none,softimpute,none,stacking,severity_binary|all|none|softimpute|none|stacking,ok,,201,51,55,0.6003134796238244,0.6078431372549019,0.6078431372549019,0.6003134796238244,0.6078431372549019,0.6003134796238244,0.6078431372549019,0.6003134796238244,0.7351097178683385,0.8228367483704417,0.6551724137931034,0.5454545454545454,,,,0.5454545454545454,0.6551724137931034,,
strict,selection,5,severity_binary,all,none,softimpute,tvae,rf,severity_binary|all|none|softimpute|tvae|rf,ok,,402,51,55,0.5963949843260188,0.6470588235294118,0.5843742902566432,0.556949806949807,0.7132897603485839,0.7277777777777779,0.6470588235294118,0.5963949843260188,0.7178683385579937,0.7201193709179571,0.9655172413793104,0.22727272727272727,,,,0.22727272727272727,0.9655172413793104,,
strict,selection,5,severity_binary,all,none,softimpute,tvae,catboost,severity_binary|all|none|softimpute|tvae|catboost,ok,,402,51,55,0.6293103448275862,0.6470588235294118,0.6407969639468692,0.6298387096774194,0.6427015250544662,0.6388888888888888,0.6470588235294118,0.6293103448275862,0.6818181818181818,0.6991546812202709,0.7586206896551724,0.5,,,,0.5,0.7586206896551724,,
strict,selection,5,severity_binary,all,none,softimpute,tvae,stacking,severity_binary|all|none|softimpute|tvae|stacking,ok,,402,51,55,0.6912225705329154,0.6862745098039216,0.6877269426289034,0.6851851851851851,0.6976168929110106,0.6876923076923077,0.6862745098039216,0.6912225705329154,0.6959247648902822,0.6996031659105705,0.6551724137931034,0.7272727272727273,,,,0.7272727272727273,0.6551724137931034,,
strict,selection,5,severity_binary,all,none,raw,none,catboost,severity_binary|all|none|raw|none|catboost,ok,,201,51,55,0.640282131661442,0.6470588235294118,0.6470588235294118,0.640282131661442,0.6470588235294118,0.640282131661442,0.6470588235294118,0.640282131661442,0.7507836990595612,0.8278670766648538,0.6896551724137931,0.5909090909090909,,,,0.5909090909090909,0.6896551724137931,,
strict,selection,5,severity_binary,drop_gt70_missing,none,mean,none,rf,severity_binary|drop_gt70_missing|none|mean|none|rf,ok,,201,51,47,0.6293103448275862,0.6470588235294118,0.6407969639468692,0.6298387096774194,0.6427015250544662,0.6388888888888888,0.6470588235294118,0.6293103448275862,0.7586206896551725,0.8292788268930801,0.7586206896551724,0.5,,,,0.5,0.7586206896551724,,
strict,selection,5,severity_binary,drop_gt70_missing,none,mean,none,catboost,severity_binary|drop_gt70_missing|none|mean|none|catboost,ok,,201,51,47,0.7656739811912225,0.7647058823529411,0.7656192911947387,0.7624223602484472,0.768881626724764,0.7615740740740741,0.7647058823529411,0.7656739811912225,0.7758620689655172,0.8367486558782523,0.7586206896551724,0.7727272727272727,,,,0.7727272727272727,0.7586206896551724,,
strict,selection,5,severity_binary,drop_gt70_missing,none,mean,none,stacking,severity_binary|drop_gt70_missing|none|mean|none|stacking,ok,,201,51,47,0.7884012539184952,0.7843137254901961,0.7853149770546517,0.7829787234042553,0.791734539969834,0.783076923076923,0.7843137254901961,0.7884012539184952,0.7633228840125391,0.8263996105304198,0.7586206896551724,0.8181818181818182,,,,0.8181818181818182,0.7586206896551724,,
strict,selection,5,severity_binary,drop_gt70_missing,none,mean,tvae,rf,severity_binary|drop_gt70_missing|none|mean|tvae|rf,ok,,402,51,47,0.6010971786833856,0.6274509803921569,0.6122701887407771,0.5970893970893971,0.6221132897603485,0.6194444444444445,0.6274509803921569,0.6010971786833856,0.6959247648902821,0.7627826899535336,0.7931034482758621,0.4090909090909091,,,,0.4090909090909091,0.7931034482758621,,
strict,selection,5,severity_binary,drop_gt70_missing,none,mean,tvae,catboost,severity_binary|drop_gt70_missing|none|mean|tvae|catboost,ok,,402,51,47,0.64576802507837,0.6470588235294118,0.6484289367921082,0.6436335403726708,0.6517792302106028,0.6435185185185186,0.6470588235294118,0.64576802507837,0.725705329153605,0.7816911525012564,0.6551724137931034,0.6363636363636364,,,,0.6363636363636364,0.6551724137931034,,
strict,selection,5,severity_binary,drop_gt70_missing,none,mean,tvae,stacking,severity_binary|drop_gt70_missing|none|mean|tvae|stacking,ok,,402,51,47,0.6567398119122256,0.6470588235294118,0.6478733031674209,0.6469230769230769,0.6667884545122397,0.65527950310559,0.6470588235294118,0.6567398119122256,0.7163009404388715,0.7773893283476547,0.5862068965517241,0.7272727272727273,,,,0.7272727272727273,0.5862068965517241,,
strict,selection,5,severity_binary,drop_gt70_missing,none,pmm,none,rf,severity_binary|drop_gt70_missing|none|pmm|none|rf,ok,,201,51,47,0.6630094043887147,0.6666666666666666,0.6674463937621833,0.6619883040935672,0.6687370600414079,0.6614906832298137,0.6666666666666666,0.6630094043887147,0.7382445141065831,0.8381999286415819,0.6896551724137931,0.6363636363636364,,,,0.6363636363636364,0.6896551724137931,,
strict,selection,5,severity_binary,drop_gt70_missing,none,pmm,none,catboost,severity_binary|drop_gt70_missing|none|pmm|none|catboost,ok,,201,51,47,0.6912225705329154,0.6862745098039216,0.6877269426289034,0.6851851851851851,0.6976168929110106,0.6876923076923077,0.6862745098039216,0.6912225705329154,0.7648902821316615,0.842895327015457,0.6551724137931034,0.7272727272727273,,,,0.7272727272727273,0.6551724137931034,,
strict,selection,5,severity_binary,drop_gt70_missing,none,pmm,none,stacking,severity_binary|drop_gt70_missing|none|pmm|none|stacking,ok,,201,51,47,0.6967084639498433,0.6862745098039216,0.686998491704374,0.6861538461538461,0.706917549628547,0.6948757763975155,0.6862745098039216,0.6967084639498433,0.750783699059561,0.8416092633484434,0.6206896551724138,0.7727272727272727,,,,0.7727272727272727,0.6206896551724138,,
strict,selection,5,severity_binary,drop_gt70_missing,none,pmm,tvae,rf,severity_binary|drop_gt70_missing|none|pmm|tvae|rf,ok,,402,51,47,0.5556426332288401,0.5882352941176471,0.5629499561018437,0.5432835820895523,0.5764467730412003,0.5718623481781376,0.5882352941176471,0.5556426332288401,0.7304075235109717,0.8111793846363484,0.7931034482758621,0.3181818181818182,,,,0.3181818181818182,0.7931034482758621,,
strict,selection,5,severity_binary,drop_gt70_missing,none,pmm,tvae,catboost,severity_binary|drop_gt70_missing|none|pmm|tvae|catboost,ok,,402,51,47,0.6912225705329154,0.6862745098039216,0.6877269426289034,0.6851851851851851,0.6976168929110106,0.6876923076923077,0.6862745098039216,0.6912225705329154,0.719435736677116,0.8099142152129762,0.6551724137931034,0.7272727272727273,,,,0.7272727272727273,0.6551724137931034,,
strict,selection,5,severity_binary,drop_gt70_missing,none,pmm,tvae,stacking,severity_binary|drop_gt70_missing|none|pmm|tvae|stacking,ok,,402,51,47,0.6794670846394983,0.6666666666666666,0.6666666666666666,0.6666666666666666,0.6922675026123303,0.6794670846394983,0.6666666666666666,0.6794670846394983,0.7241379310344827,0.8068185748184261,0.5862068965517241,0.7727272727272727,,,,0.7727272727272727,0.5862068965517241,,
strict,selection,5,severity_binary,drop_gt70_missing,none,gain,none,rf,severity_binary|drop_gt70_missing|none|gain|none|rf,ok,,201,51,47,0.7374608150470219,0.7450980392156863,0.7442942490358382,0.7386677177769019,0.7440709617180206,0.7404761904761905,0.7450980392156863,0.7374608150470219,0.7821316614420063,0.8491238528103028,0.7931034482758621,0.6818181818181818,,,,0.6818181818181818,0.7931034482758621,,
strict,selection,5,severity_binary,drop_gt70_missing,none,gain,none,catboost,severity_binary|drop_gt70_missing|none|gain|none|catboost,ok,,201,51,47,0.6575235109717869,0.6666666666666666,0.6656155564314807,0.6582577847851794,0.665079365079365,0.6595238095238095,0.6666666666666666,0.6575235109717869,0.7539184952978055,0.8471961627041502,0.7241379310344828,0.5909090909090909,,,,0.5909090909090909,0.7241379310344828,,
strict,selection,5,severity_binary,drop_gt70_missing,none,gain,none,stacking,severity_binary|drop_gt70_missing|none|gain|none|stacking,ok,,201,51,47,0.7029780564263323,0.7058823529411765,0.7065703474372205,0.7017543859649122,0.7078005115089514,0.7010869565217391,0.7058823529411765,0.7029780564263323,0.768025078369906,0.8545339254151766,0.7241379310344828,0.6818181818181818,,,,0.6818181818181818,0.7241379310344828,,
strict,selection,5,severity_binary,drop_gt70_missing,none,gain,tvae,rf,severity_binary|drop_gt70_missing|none|gain|tvae|rf,ok,,402,51,47,0.6128526645768024,0.6470588235294118,0.6211072664359862,0.6029411764705883,0.6520864756158874,0.6538461538461539,0.6470588235294118,0.6128526645768024,0.8040752351097179,0.8728259397730437,0.8620689655172413,0.36363636363636365,,,,0.36363636363636365,0.8620689655172413,,
strict,selection,5,severity_binary,drop_gt70_missing,none,gain,tvae,catboost,severity_binary|drop_gt70_missing|none|gain|tvae|catboost,ok,,402,51,47,0.7147335423197492,0.7254901960784313,0.7235294117647059,0.7166666666666667,0.7238456672991777,0.7209677419354839,0.7254901960784313,0.7147335423197492,0.786833855799373,0.8546363940173453,0.7931034482758621,0.6363636363636364,,,,0.6363636363636364,0.7931034482758621,,
strict,selection,5,severity_binary,drop_gt70_missing,none,gain,tvae,stacking,severity_binary|drop_gt70_missing|none|gain|tvae|stacking,ok,,402,51,47,0.7029780564263323,0.7058823529411765,0.7065703474372205,0.7017543859649122,0.7078005115089514,0.7010869565217391,0.7058823529411765,0.7029780564263323,0.7884012539184952,0.8600759299373956,0.7241379310344828,0.6818181818181818,,,,0.6818181818181818,0.7241379310344828,,
strict,selection,5,severity_binary,drop_gt70_missing,none,mice,none,rf,severity_binary|drop_gt70_missing|none|mice|none|rf,ok,,201,51,47,0.6747648902821317,0.6862745098039216,0.6840336134453782,0.6761904761904762,0.6839342188488299,0.6798387096774194,0.6862745098039216,0.6747648902821317,0.7742946708463949,0.8560797574121034,0.7586206896551724,0.5909090909090909,,,,0.5909090909090909,0.7586206896551724,,
strict,selection,5,severity_binary,drop_gt70_missing,none,mice,none,catboost,severity_binary|drop_gt70_missing|none|mice|none|catboost,ok,,201,51,47,0.7257053291536051,0.7254901960784313,0.7265558397271952,0.7228260869565217,0.7298474945533769,0.7222222222222222,0.7254901960784313,0.7257053291536051,0.7304075235109718,0.8197240349790167,0.7241379310344828,0.7272727272727273,,,,0.7272727272727273,0.7241379310344828,,
strict,selection,5,severity_binary,drop_gt70_missing,none,mice,none,stacking,severity_binary|drop_gt70_missing|none|mice|none|stacking,ok,,201,51,47,0.7257053291536051,0.7254901960784313,0.7265558397271952,0.7228260869565217,0.7298474945533769,0.7222222222222222,0.7254901960784313,0.7257053291536051,0.7476489028213166,0.8399130279181163,0.7241379310344828,0.7272727272727273,,,,0.7272727272727273,0.7241379310344828,,
strict,selection,5,severity_binary,drop_gt70_missing,none,mice,tvae,rf,severity_binary|drop_gt70_missing|none|mice|tvae|rf,ok,,402,51,47,0.6637931034482758,0.6862745098039216,0.6762125902992776,0.6644736842105263,0.686484593837535,0.6866071428571429,0.6862745098039216,0.6637931034482758,0.7742946708463949,0.8439241467675312,0.8275862068965517,0.5,,,,0.5,0.8275862068965517,,
strict,selection,5,severity_binary,drop_gt70_missing,none,mice,tvae,catboost,severity_binary|drop_gt70_missing|none|mice|tvae|catboost,ok,,402,51,47,0.7311912225705329,0.7254901960784313,0.7267610748002905,0.724537037037037,0.7369532428355958,0.726923076923077,0.7254901960784313,0.7311912225705329,0.7789968652037619,0.8224442480097681,0.6896551724137931,0.7727272727272727,,,,0.7727272727272727,0.6896551724137931,,
strict,selection,5,severity_binary,drop_gt70_missing,none,mice,tvae,stacking,severity_binary|drop_gt70_missing|none|mice|tvae|stacking,ok,,402,51,47,0.7311912225705329,0.7254901960784313,0.7267610748002905,0.724537037037037,0.7369532428355958,0.726923076923077,0.7254901960784313,0.7311912225705329,0.7836990595611285,0.829124175605644,0.6896551724137931,0.7727272727272727,,,,0.7727272727272727,0.6896551724137931,,
strict,selection,5,severity_binary,drop_gt70_missing,none,softimpute,none,rf,severity_binary|drop_gt70_missing|none|softimpute|none|rf,ok,,201,51,47,0.640282131661442,0.6470588235294118,0.6470588235294118,0.640282131661442,0.6470588235294118,0.640282131661442,0.6470588235294118,0.640282131661442,0.7288401253918496,0.8228506906071418,0.6896551724137931,0.5909090909090909,,,,0.5909090909090909,0.6896551724137931,,
strict,selection,5,severity_binary,drop_gt70_missing,none,softimpute,none,catboost,severity_binary|drop_gt70_missing|none|softimpute|none|catboost,ok,,201,51,47,0.64576802507837,0.6470588235294118,0.6484289367921082,0.6436335403726708,0.6517792302106028,0.6435185185185186,0.6470588235294118,0.64576802507837,0.7476489028213167,0.8067280340492385,0.6551724137931034,0.6363636363636364,,,,0.6363636363636364,0.6551724137931034,,
strict,selection,5,severity_binary,drop_gt70_missing,none,softimpute,none,stacking,severity_binary|drop_gt70_missing|none|softimpute|none|stacking,ok,,201,51,47,0.6512539184952978,0.6470588235294118,0.6486928104575163,0.6458333333333333,0.6582805429864252,0.6484615384615384,0.6470588235294118,0.6512539184952978,0.7460815047021943,0.8168805023323877,0.6206896551724138,0.6818181818181818,,,,0.6818181818181818,0.6206896551724138,,
strict,selection,5,severity_binary,drop_gt70_missing,none,softimpute,tvae,rf,severity_binary|drop_gt70_missing|none|softimpute|tvae|rf,ok,,402,51,47,0.5391849529780565,0.5882352941176471,0.5240490149767985,0.49409541804440243,0.5825057295645532,0.5811688311688312,0.5882352941176471,0.5391849529780565,0.7178683385579937,0.7616249682945677,0.896551724137931,0.18181818181818182,,,,0.18181818181818182,0.896551724137931,,
strict,selection,5,severity_binary,drop_gt70_missing,none,softimpute,tvae,catboost,severity_binary|drop_gt70_missing|none|softimpute|tvae|catboost,ok,,402,51,47,0.7264890282131662,0.7450980392156863,0.7388733271086213,0.7301587301587301,0.7479815455594001,0.75,0.7450980392156863,0.7264890282131662,0.7507836990595611,0.7447940553548076,0.8620689655172413,0.5909090909090909,,,,0.5909090909090909,0.8620689655172413,,
strict,selection,5,severity_binary,drop_gt70_missing,none,softimpute,tvae,stacking,severity_binary|drop_gt70_missing|none|softimpute|tvae|stacking,ok,,402,51,47,0.6857366771159874,0.6862745098039216,0.6874923882596518,0.6832298136645962,0.6908133623819899,0.6828703703703703,0.6862745098039216,0.6857366771159874,0.744514106583072,0.745194517002841,0.6896551724137931,0.6818181818181818,,,,0.6818181818181818,0.6896551724137931,,
strict,selection,5,severity_binary,drop_gt70_missing,none,raw,none,catboost,severity_binary|drop_gt70_missing|none|raw|none|catboost,ok,,201,51,47,0.634796238244514,0.6470588235294118,0.6445378151260504,0.6357142857142857,0.644022770398482,0.6387096774193548,0.6470588235294118,0.634796238244514,0.744514106583072,0.8269684949029675,0.7241379310344828,0.5454545454545454,,,,0.5454545454545454,0.7241379310344828,,
strict,selection,6,severity_binary,all,none,mean,none,rf,severity_binary|all|none|mean|none|rf,ok,,201,51,55,0.7029780564263323,0.7058823529411765,0.7065703474372205,0.7017543859649122,0.7078005115089514,0.7010869565217391,0.7058823529411765,0.7029780564263323,0.755485893416928,0.8070082017597798,0.7241379310344828,0.6818181818181818,,,,0.6818181818181818,0.7241379310344828,,
strict,selection,6,severity_binary,all,none,mean,none,catboost,severity_binary|all|none|mean|none|catboost,ok,,201,51,55,0.7084639498432602,0.7058823529411765,0.7072476959836159,0.7040618955512572,0.7134841628959276,0.7046153846153846,0.7058823529411765,0.7084639498432602,0.768025078369906,0.7976067775061655,0.6896551724137931,0.7272727272727273,,,,0.7272727272727273,0.6896551724137931,,
strict,selection,6,severity_binary,all,none,mean,none,stacking,severity_binary|all|none|mean|none|stacking,ok,,201,51,55,0.6739811912225706,0.6666666666666666,0.6679501989475035,0.6661532537543319,0.6820987654320988,0.6712962962962963,0.6666666666666666,0.6739811912225706,0.768025078369906,0.7993634802350624,0.6206896551724138,0.7272727272727273,,,,0.7272727272727273,0.6206896551724138,,
strict,selection,6,severity_binary,all,none,mean,tvae,rf,severity_binary|all|none|mean|tvae|rf,ok,,402,51,55,0.7029780564263323,0.7058823529411765,0.7065703474372205,0.7017543859649122,0.7078005115089514,0.7010869565217391,0.7058823529411765,0.7029780564263323,0.731974921630094,0.7909178081194658,0.7241379310344828,0.6818181818181818,,,,0.6818181818181818,0.7241379310344828,,
strict,selection,6,severity_binary,all,none,mean,tvae,catboost,severity_binary|all|none|mean|tvae|catboost,ok,,402,51,55,0.6967084639498433,0.6862745098039216,0.686998491704374,0.6861538461538461,0.706917549628547,0.6948757763975155,0.6862745098039216,0.6967084639498433,0.7366771159874609,0.7888526130428384,0.6206896551724138,0.7727272727272727,,,,0.7727272727272727,0.6206896551724138,,
strict,selection,6,severity_binary,all,none,mean,tvae,stacking,severity_binary|all|none|mean|tvae|stacking,ok,,402,51,55,0.6731974921630094,0.6470588235294118,0.6388381439532335,0.6436335403726708,0.7093425605536333,0.6911764705882353,0.6470588235294118,0.6731974921630094,0.731974921630094,0.7846067758822717,0.4827586206896552,0.8636363636363636,,,,0.8636363636363636,0.4827586206896552,,
strict,selection,6,severity_binary,all,none,pmm,none,rf,severity_binary|all|none|pmm|none|rf,ok,,201,51,55,0.6920062695924765,0.7058823529411765,0.7023543523766963,0.6941223510595762,0.7038506191950464,0.7014802631578947,0.7058823529411765,0.6920062695924765,0.7398119122257053,0.7854743838052789,0.7931034482758621,0.5909090909090909,,,,0.5909090909090909,0.7931034482758621,,
strict,selection,6,severity_binary,all,none,pmm,none,catboost,severity_binary|all|none|pmm|none|catboost,ok,,201,51,55,0.6802507836990596,0.6862745098039216,0.6862745098039216,0.6802507836990596,0.6862745098039216,0.6802507836990596,0.6862745098039216,0.6802507836990596,0.7382445141065831,0.7986098058532106,0.7241379310344828,0.6363636363636364,,,,0.6363636363636364,0.7241379310344828,,
strict,selection,6,severity_binary,all,none,pmm,none,stacking,severity_binary|all|none|pmm|none|stacking,ok,,201,51,55,0.5940438871473355,0.5882352941176471,0.589820833993975,0.5876010781671159,0.6027596223674655,0.5925925925925926,0.5882352941176471,0.5940438871473355,0.7507836990595611,0.8022634211516034,0.5517241379310345,0.6363636363636364,,,,0.6363636363636364,0.5517241379310345,,
strict,selection,6,severity_binary,all,none,pmm,tvae,rf,severity_binary|all|none|pmm|tvae|rf,ok,,402,51,55,0.658307210031348,0.6862745098039216,0.6704297880768468,0.6565656565656566,0.6923309864486334,0.6949806949806949,0.6862745098039216,0.658307210031348,0.7774294670846396,0.8184196888413429,0.8620689655172413,0.45454545454545453,,,,0.45454545454545453,0.8620689655172413,,
strict,selection,6,severity_binary,all,none,pmm,tvae,catboost,severity_binary|all|none|pmm|tvae|catboost,ok,,402,51,55,0.7594043887147335,0.7450980392156863,0.7450980392156863,0.7450980392156863,0.7737107382137809,0.7594043887147335,0.7450980392156863,0.7594043887147335,0.7915360501567398,0.8499006333332403,0.6551724137931034,0.8636363636363636,,,,0.8636363636363636,0.6551724137931034,,
strict,selection,6,severity_binary,all,none,pmm,tvae,stacking,severity_binary|all|none|pmm|tvae|stacking,ok,,402,51,55,0.6959247648902821,0.6666666666666666,0.6565302144249512,0.6619883040935672,0.744047619047619,0.7232142857142857,0.6666666666666666,0.6959247648902821,0.7884012539184952,0.8276507858594966,0.4827586206896552,0.9090909090909091,,,,0.9090909090909091,0.4827586206896552,,
strict,selection,6,severity_binary,all,none,gain,none,rf,severity_binary|all|none|gain|none|rf,ok,,201,51,55,0.7437304075235109,0.7647058823529411,0.7571594427244582,0.7483552631578947,0.7728991596638656,0.7776785714285714,0.7647058823529411,0.7437304075235109,0.7993730407523512,0.8329547923064881,0.896551724137931,0.5909090909090909,,,,0.5909090909090909,0.896551724137931,,
strict,selection,6,severity_binary,all,none,gain,none,catboost,severity_binary|all|none|gain|none|catboost,ok,,201,51,55,0.6974921630094044,0.7058823529411765,0.7049549027336595,0.6984627512810406,0.7045751633986927,0.7,0.7058823529411765,0.6974921630094044,0.8056426332288401,0.821199080617756,0.7586206896551724,0.6363636363636364,,,,0.6363636363636364,0.7586206896551724,,
strict,selection,6,severity_binary,all,none,gain,none,stacking,severity_binary|all|none|gain|none|stacking,ok,,201,51,55,0.7029780564263323,0.7058823529411765,0.7065703474372205,0.7017543859649122,0.7078005115089514,0.7010869565217391,0.7058823529411765,0.7029780564263323,0.8103448275862069,0.8271891789754228,0.7241379310344828,0.6818181818181818,,,,0.6818181818181818,0.7241379310344828,,
strict,selection,6,severity_binary,all,none,gain,tvae,rf,severity_binary|all|none|gain|tvae|rf,ok,,402,51,55,0.7155172413793103,0.7450980392156863,0.729445210920189,0.71727078891258,0.7690323092799873,0.7783400809716599,0.7450980392156863,0.7155172413793103,0.8307210031347962,0.8591286819645516,0.9310344827586207,0.5,,,,0.5,0.9310344827586207,,
strict,selection,6,severity_binary,all,none,gain,tvae,catboost,severity_binary|all|none|gain|tvae|catboost,ok,,402,51,55,0.7311912225705329,0.7254901960784313,0.7267610748002905,0.724537037037037,0.7369532428355958,0.726923076923077,0.7254901960784313,0.7311912225705329,0.7915360501567398,0.8341060488861908,0.6896551724137931,0.7727272727272727,,,,0.7727272727272727,0.6896551724137931,,
strict,selection,6,severity_binary,all,none,gain,tvae,stacking,severity_binary|all|none|gain|tvae|stacking,ok,,402,51,55,0.7021943573667712,0.6862745098039216,0.6853092006033182,0.6861538461538461,0.719140989729225,0.7047619047619047,0.6862745098039216,0.7021943573667712,0.8150470219435737,0.8503181865729448,0.5862068965517241,0.8181818181818182,,,,0.8181818181818182,0.5862068965517241,,
strict,selection,6,severity_binary,all,none,mice,none,rf,severity_binary|all|none|mice|none|rf,ok,,201,51,55,0.5893416927899686,0.6078431372549019,0.6008855154965211,0.5887096774193548,0.6015052485640721,0.595959595959596,0.6078431372549019,0.5893416927899686,0.6959247648902821,0.7907011439537573,0.7241379310344828,0.45454545454545453,,,,0.45454545454545453,0.7241379310344828,,
strict,selection,6,severity_binary,all,none,mice,none,catboost,severity_binary|all|none|mice|none|catboost,ok,,201,51,55,0.5658307210031348,0.5686274509803921,0.570302033857021,0.5644409937888198,0.5737109658678287,0.5648148148148149,0.5686274509803921,0.5658307210031348,0.6426332288401254,0.7555620817827945,0.5862068965517241,0.5454545454545454,,,,0.5454545454545454,0.5862068965517241,,
strict,selection,6,severity_binary,all,none,mice,none,stacking,severity_binary|all|none|mice|none|stacking,ok,,201,51,55,0.5658307210031348,0.5686274509803921,0.570302033857021,0.5644409937888198,0.5737109658678287,0.5648148148148149,0.5686274509803921,0.5658307210031348,0.664576802507837,0.7678434944257563,0.5862068965517241,0.5454545454545454,,,,0.5454545454545454,0.5862068965517241,,
strict,selection,6,severity_binary,all,none,mice,tvae,rf,severity_binary|all|none|mice|tvae|rf,ok,,402,51,55,0.5956112852664577,0.6274509803921569,0.6045737698064301,0.5867803837953092,0.624593157100897,0.6234817813765182,0.6274509803921569,0.5956112852664577,0.6567398119122257,0.7583855309436124,0.8275862068965517,0.36363636363636365,,,,0.36363636363636365,0.8275862068965517,,
strict,selection,6,severity_binary,all,none,mice,tvae,catboost,severity_binary|all|none|mice|tvae|catboost,ok,,402,51,55,0.5431034482758621,0.5490196078431373,0.5500745327370714,0.5426900584795321,0.5515467056387772,0.5427018633540373,0.5490196078431373,0.5431034482758621,0.6410658307210032,0.7473993295238083,0.5862068965517241,0.5,,,,0.5,0.5862068965517241,,
strict,selection,6,severity_binary,all,none,mice,tvae,stacking,severity_binary|all|none|mice|tvae|stacking,ok,,402,51,55,0.5995297805642633,0.5882352941176471,0.5882352941176471,0.5882352941176471,0.6108242670108796,0.5995297805642633,0.5882352941176471,0.5995297805642633,0.6442006269592476,0.7518532888577808,0.5172413793103449,0.6818181818181818,,,,0.6818181818181818,0.5172413793103449,,
strict,selection,6,severity_binary,all,none,softimpute,none,rf,severity_binary|all|none|softimpute|none|rf,ok,,201,51,55,0.5846394984326019,0.6274509803921569,0.5834424637642427,0.5597455701953657,0.6395891690009338,0.6428571428571428,0.6274509803921569,0.5846394984326019,0.6661442006269593,0.7554765880044639,0.896551724137931,0.2727272727272727,,,,0.2727272727272727,0.896551724137931,,
strict,selection,6,severity_binary,all,none,softimpute,none,catboost,severity_binary|all|none|softimpute|none|catboost,ok,,201,51,55,0.5384012539184952,0.5686274509803921,0.5468409586056644,0.5277777777777778,0.553789083200848,0.5472972972972974,0.5686274509803921,0.5384012539184952,0.6551724137931034,0.7545837140092944,0.7586206896551724,0.3181818181818182,,,,0.3181818181818182,0.7586206896551724,,
strict,selection,6,severity_binary,all,none,softimpute,none,stacking,severity_binary|all|none|softimpute|none|stacking,ok,,201,51,55,0.5721003134796239,0.5882352941176471,0.5832960933273749,0.5717712914834066,0.5824303405572755,0.575657894736842,0.5882352941176471,0.5721003134796239,0.6630094043887147,0.757961023177624,0.6896551724137931,0.45454545454545453,,,,0.45454545454545453,0.6896551724137931,,
strict,selection,6,severity_binary,all,none,softimpute,tvae,rf,severity_binary|all|none|softimpute|tvae|rf,ok,,402,51,55,0.505485893416928,0.5686274509803921,0.44419306184012064,0.40064102564102566,0.5406162464985994,0.5357142857142857,0.5686274509803921,0.505485893416928,0.6990595611285266,0.7869031318482512,0.9655172413793104,0.045454545454545456,,,,0.045454545454545456,0.9655172413793104,,
strict,selection,6,severity_binary,all,none,softimpute,tvae,catboost,severity_binary|all|none|softimpute|tvae|catboost,ok,,402,51,55,0.5619122257053292,0.6078431372549019,0.5544662309368191,0.5277777777777778,0.6134290925672594,0.6148255813953488,0.6078431372549019,0.5619122257053292,0.6755485893416928,0.7678130240148083,0.896551724137931,0.22727272727272727,,,,0.22727272727272727,0.896551724137931,,
strict,selection,6,severity_binary,all,none,softimpute,tvae,stacking,severity_binary|all|none|softimpute|tvae|stacking,ok,,402,51,55,0.6128526645768024,0.6470588235294118,0.6211072664359862,0.6029411764705883,0.6520864756158874,0.6538461538461539,0.6470588235294118,0.6128526645768024,0.6943573667711599,0.7838889006161059,0.8620689655172413,0.36363636363636365,,,,0.36363636363636365,0.8620689655172413,,
strict,selection,6,severity_binary,all,none,raw,none,catboost,severity_binary|all|none|raw|none|catboost,ok,,201,51,55,0.7147335423197492,0.7254901960784313,0.7235294117647059,0.7166666666666667,0.7238456672991777,0.7209677419354839,0.7254901960784313,0.7147335423197492,0.7884012539184952,0.8135793883780428,0.7931034482758621,0.6363636363636364,,,,0.6363636363636364,0.7931034482758621,,
strict,selection,6,severity_binary,drop_gt70_missing,none,mean,none,rf,severity_binary|drop_gt70_missing|none|mean|none|rf,ok,,201,51,47,0.7311912225705329,0.7254901960784313,0.7267610748002905,0.724537037037037,0.7369532428355958,0.726923076923077,0.7254901960784313,0.7311912225705329,0.7695924764890282,0.815950723488052,0.6896551724137931,0.7727272727272727,,,,0.7727272727272727,0.6896551724137931,,
strict,selection,6,severity_binary,drop_gt70_missing,none,mean,none,catboost,severity_binary|drop_gt70_missing|none|mean|none|catboost,ok,,201,51,47,0.7029780564263323,0.7058823529411765,0.7065703474372205,0.7017543859649122,0.7078005115089514,0.7010869565217391,0.7058823529411765,0.7029780564263323,0.7946708463949843,0.8174925734162665,0.7241379310344828,0.6818181818181818,,,,0.6818181818181818,0.7241379310344828,,
strict,selection,6,severity_binary,drop_gt70_missing,none,mean,none,stacking,severity_binary|drop_gt70_missing|none|mean|none|stacking,ok,,201,51,47,0.7311912225705329,0.7254901960784313,0.7267610748002905,0.724537037037037,0.7369532428355958,0.726923076923077,0.7254901960784313,0.7311912225705329,0.7931034482758621,0.8249244799120433,0.6896551724137931,0.7727272727272727,,,,0.7727272727272727,0.6896551724137931,,
strict,selection,6,severity_binary,drop_gt70_missing,none,mean,tvae,rf,severity_binary|drop_gt70_missing|none|mean|tvae|rf,ok,,402,51,47,0.7147335423197492,0.7254901960784313,0.7235294117647059,0.7166666666666667,0.7238456672991777,0.7209677419354839,0.7254901960784313,0.7147335423197492,0.780564263322884,0.8053287579354377,0.7931034482758621,0.6363636363636364,,,,0.6363636363636364,0.7931034482758621,,
strict,selection,6,severity_binary,drop_gt70_missing,none,mean,tvae,catboost,severity_binary|drop_gt70_missing|none|mean|tvae|catboost,ok,,402,51,47,0.719435736677116,0.7058823529411765,0.7058823529411765,0.7058823529411765,0.7329891204130555,0.719435736677116,0.7058823529411765,0.719435736677116,0.7601880877742947,0.8195451857577961,0.6206896551724138,0.8181818181818182,,,,0.8181818181818182,0.6206896551724138,,
strict,selection,6,severity_binary,drop_gt70_missing,none,mean,tvae,stacking,severity_binary|drop_gt70_missing|none|mean|tvae|stacking,ok,,402,51,47,0.6786833855799372,0.6470588235294118,0.6335054397934723,0.640282131661442,0.7324618736383443,0.7111111111111111,0.6470588235294118,0.6786833855799372,0.7711598746081504,0.8110642072992966,0.4482758620689655,0.9090909090909091,,,,0.9090909090909091,0.4482758620689655,,
strict,selection,6,severity_binary,drop_gt70_missing,none,pmm,none,rf,severity_binary|drop_gt70_missing|none|pmm|none|rf,ok,,201,51,47,0.6920062695924765,0.7058823529411765,0.7023543523766963,0.6941223510595762,0.7038506191950464,0.7014802631578947,0.7058823529411765,0.6920062695924765,0.780564263322884,0.7832648047639622,0.7931034482758621,0.5909090909090909,,,,0.5909090909090909,0.7931034482758621,,
strict,selection,6,severity_binary,drop_gt70_missing,none,pmm,none,catboost,severity_binary|drop_gt70_missing|none|pmm|none|catboost,ok,,201,51,47,0.7202194357366771,0.7254901960784313,0.7254901960784313,0.7202194357366771,0.7254901960784313,0.7202194357366771,0.7254901960784313,0.7202194357366771,0.7492163009404389,0.7943392820443246,0.7586206896551724,0.6818181818181818,,,,0.6818181818181818,0.7586206896551724,,
strict,selection,6,severity_binary,drop_gt70_missing,none,pmm,none,stacking,severity_binary|drop_gt70_missing|none|pmm|none|stacking,ok,,201,51,47,0.7021943573667712,0.6862745098039216,0.6853092006033182,0.6861538461538461,0.719140989729225,0.7047619047619047,0.6862745098039216,0.7021943573667712,0.768025078369906,0.7898012824830308,0.5862068965517241,0.8181818181818182,,,,0.8181818181818182,0.5862068965517241,,
strict,selection,6,severity_binary,drop_gt70_missing,none,pmm,tvae,rf,severity_binary|drop_gt70_missing|none|pmm|tvae|rf,ok,,402,51,47,0.6300940438871474,0.6666666666666666,0.6376811594202898,0.619235836627141,0.6833333333333333,0.6886363636363637,0.6666666666666666,0.6300940438871474,0.7476489028213166,0.7766355026361724,0.896551724137931,0.36363636363636365,,,,0.36363636363636365,0.896551724137931,,
strict,selection,6,severity_binary,drop_gt70_missing,none,pmm,tvae,catboost,severity_binary|drop_gt70_missing|none|pmm|tvae|catboost,ok,,402,51,47,0.6802507836990596,0.6862745098039216,0.6862745098039216,0.6802507836990596,0.6862745098039216,0.6802507836990596,0.6862745098039216,0.6802507836990596,0.7539184952978056,0.7854887164906804,0.7241379310344828,0.6363636363636364,,,,0.6363636363636364,0.7241379310344828,,
strict,selection,6,severity_binary,drop_gt70_missing,none,pmm,tvae,stacking,severity_binary|drop_gt70_missing|none|pmm|tvae|stacking,ok,,402,51,47,0.6504702194357367,0.6274509803921569,0.6211097204839383,0.6251450676982592,0.6775599128540305,0.6616161616161615,0.6274509803921569,0.6504702194357367,0.7601880877742946,0.7874542199529647,0.4827586206896552,0.8181818181818182,,,,0.8181818181818182,0.4827586206896552,,
strict,selection,6,severity_binary,drop_gt70_missing,none,gain,none,rf,severity_binary|drop_gt70_missing|none|gain|none|rf,ok,,201,51,47,0.6747648902821317,0.6862745098039216,0.6840336134453782,0.6761904761904762,0.6839342188488299,0.6798387096774194,0.6862745098039216,0.6747648902821317,0.7601880877742947,0.8118173705522015,0.7586206896551724,0.5909090909090909,,,,0.5909090909090909,0.7586206896551724,,
strict,selection,6,severity_binary,drop_gt70_missing,none,gain,none,catboost,severity_binary|drop_gt70_missing|none|gain|none|catboost,ok,,201,51,47,0.6802507836990596,0.6862745098039216,0.6862745098039216,0.6802507836990596,0.6862745098039216,0.6802507836990596,0.6862745098039216,0.6802507836990596,0.7460815047021945,0.8001377772138617,0.7241379310344828,0.6363636363636364,,,,0.6363636363636364,0.7241379310344828,,
strict,selection,6,severity_binary,drop_gt70_missing,none,gain,none,stacking,severity_binary|drop_gt70_missing|none|gain|none|stacking,ok,,201,51,47,0.6684952978056427,0.6666666666666666,0.6682140554480981,0.6646034816247582,0.6743589743589743,0.6653846153846154,0.6666666666666666,0.6684952978056427,0.7523510971786834,0.8049510235090775,0.6551724137931034,0.6818181818181818,,,,0.6818181818181818,0.6551724137931034,,
strict,selection,6,severity_binary,drop_gt70_missing,none,gain,tvae,rf,severity_binary|drop_gt70_missing|none|gain|tvae|rf,ok,,402,51,47,0.6692789968652038,0.6862745098039216,0.680708412397217,0.6709677419354838,0.6838978015448605,0.6818181818181819,0.6862745098039216,0.6692789968652038,0.7633228840125391,0.8026180125181658,0.7931034482758621,0.5454545454545454,,,,0.5454545454545454,0.7931034482758621,,
strict,selection,6,severity_binary,drop_gt70_missing,none,gain,tvae,catboost,severity_binary|drop_gt70_missing|none|gain|tvae|catboost,ok,,402,51,47,0.5948275862068966,0.6078431372549019,0.6050420168067226,0.5952380952380952,0.6041113219481341,0.5975806451612904,0.6078431372549019,0.5948275862068966,0.7053291536050157,0.7833295167941187,0.6896551724137931,0.5,,,,0.5,0.6896551724137931,,
strict,selection,6,severity_binary,drop_gt70_missing,none,gain,tvae,stacking,severity_binary|drop_gt70_missing|none|gain|tvae|stacking,ok,,402,51,47,0.6857366771159874,0.6862745098039216,0.6874923882596518,0.6832298136645962,0.6908133623819899,0.6828703703703703,0.6862745098039216,0.6857366771159874,0.7382445141065831,0.7981924136467058,0.6896551724137931,0.6818181818181818,,,,0.6818181818181818,0.6896551724137931,,
strict,selection,6,severity_binary,drop_gt70_missing,none,mice,none,rf,severity_binary|drop_gt70_missing|none|mice|none|rf,ok,,201,51,47,0.6692789968652038,0.6862745098039216,0.680708412397217,0.6709677419354838,0.6838978015448605,0.6818181818181819,0.6862745098039216,0.6692789968652038,0.719435736677116,0.7773941980977409,0.7931034482758621,0.5454545454545454,,,,0.5454545454545454,0.7931034482758621,,
strict,selection,6,severity_binary,drop_gt70_missing,none,mice,none,catboost,severity_binary|drop_gt70_missing|none|mice|none|catboost,ok,,201,51,47,0.6340125391849529,0.6274509803921569,0.6288855164707392,0.626877165960724,0.6424291938997823,0.6319444444444444,0.6274509803921569,0.6340125391849529,0.725705329153605,0.7877254328584947,0.5862068965517241,0.6818181818181818,,,,0.6818181818181818,0.5862068965517241,,
strict,selection,6,severity_binary,drop_gt70_missing,none,mice,none,stacking,severity_binary|drop_gt70_missing|none|mice|none|stacking,ok,,201,51,47,0.6167711598746082,0.6078431372549019,0.6087481146304675,0.6076923076923078,0.6266593593959323,0.6156832298136645,0.6078431372549019,0.6167711598746082,0.7241379310344828,0.783786103412971,0.5517241379310345,0.6818181818181818,,,,0.6818181818181818,0.5517241379310345,,
strict,selection,6,severity_binary,drop_gt70_missing,none,mice,tvae,rf,severity_binary|drop_gt70_missing|none|mice|tvae|rf,ok,,402,51,47,0.658307210031348,0.6862745098039216,0.6704297880768468,0.6565656565656566,0.6923309864486334,0.6949806949806949,0.6862745098039216,0.658307210031348,0.774294670846395,0.8156704842014125,0.8620689655172413,0.45454545454545453,,,,0.45454545454545453,0.8620689655172413,,
strict,selection,6,severity_binary,drop_gt70_missing,none,mice,tvae,catboost,severity_binary|drop_gt70_missing|none|mice|tvae|catboost,ok,,402,51,47,0.6912225705329154,0.6862745098039216,0.6877269426289034,0.6851851851851851,0.6976168929110106,0.6876923076923077,0.6862745098039216,0.6912225705329154,0.7633228840125392,0.804169860507182,0.6551724137931034,0.7272727272727273,,,,0.7272727272727273,0.6551724137931034,,
strict,selection,6,severity_binary,drop_gt70_missing,none,mice,tvae,stacking,severity_binary|drop_gt70_missing|none|mice|tvae|stacking,ok,,402,51,47,0.7249216300940439,0.7058823529411765,0.7038438016716121,0.7054293415479399,0.7477229601518026,0.7314516129032258,0.7058823529411765,0.7249216300940439,0.7789968652037618,0.8216710554334892,0.5862068965517241,0.8636363636363636,,,,0.8636363636363636,0.5862068965517241,,
strict,selection,6,severity_binary,drop_gt70_missing,none,softimpute,none,rf,severity_binary|drop_gt70_missing|none|softimpute|none|rf,ok,,201,51,47,0.6912225705329154,0.6862745098039216,0.6877269426289034,0.6851851851851851,0.6976168929110106,0.6876923076923077,0.6862745098039216,0.6912225705329154,0.7445141065830722,0.8109850526746764,0.6551724137931034,0.7272727272727273,,,,0.7272727272727273,0.6551724137931034,,
strict,selection,6,severity_binary,drop_gt70_missing,none,softimpute,none,catboost,severity_binary|drop_gt70_missing|none|softimpute|none|catboost,ok,,201,51,47,0.6230407523510972,0.6274509803921569,0.628322440087146,0.6222222222222222,0.6296736085738643,0.6218944099378882,0.6274509803921569,0.6230407523510972,0.6692789968652038,0.7686728412220715,0.6551724137931034,0.5909090909090909,,,,0.5909090909090909,0.6551724137931034,,
strict,selection,6,severity_binary,drop_gt70_missing,none,softimpute,none,stacking,severity_binary|drop_gt70_missing|none|softimpute|none|stacking,ok,,201,51,47,0.6394984326018809,0.6274509803921569,0.6274509803921569,0.6274509803921569,0.6515458848116049,0.6394984326018809,0.6274509803921569,0.6394984326018809,0.7100313479623824,0.7824120626980865,0.5517241379310345,0.7272727272727273,,,,0.7272727272727273,0.5517241379310345,,
strict,selection,6,severity_binary,drop_gt70_missing,none,softimpute,tvae,rf,severity_binary|drop_gt70_missing|none|softimpute|tvae|rf,ok,,402,51,47,0.6300940438871474,0.6666666666666666,0.6376811594202898,0.619235836627141,0.6833333333333333,0.6886363636363637,0.6666666666666666,0.6300940438871474,0.7445141065830722,0.7875479207201271,0.896551724137931,0.36363636363636365,,,,0.36363636363636365,0.896551724137931,,
strict,selection,6,severity_binary,drop_gt70_missing,none,softimpute,tvae,catboost,severity_binary|drop_gt70_missing|none|softimpute|tvae|catboost,ok,,402,51,47,0.6410658307210031,0.6666666666666666,0.6530838530838532,0.6395010395010395,0.6666666666666666,0.6666666666666666,0.6666666666666666,0.6410658307210031,0.677115987460815,0.7713587085849724,0.8275862068965517,0.45454545454545453,,,,0.45454545454545453,0.8275862068965517,,
strict,selection,6,severity_binary,drop_gt70_missing,none,softimpute,tvae,stacking,severity_binary|drop_gt70_missing|none|softimpute|tvae|stacking,ok,,402,51,47,0.6567398119122256,0.6470588235294118,0.6478733031674209,0.6469230769230769,0.6667884545122397,0.65527950310559,0.6470588235294118,0.6567398119122256,0.700626959247649,0.7811483956092344,0.5862068965517241,0.7272727272727273,,,,0.7272727272727273,0.5862068965517241,,
strict,selection,6,severity_binary,drop_gt70_missing,none,raw,none,catboost,severity_binary|drop_gt70_missing|none|raw|none|catboost,ok,,201,51,47,0.6974921630094044,0.7058823529411765,0.7049549027336595,0.6984627512810406,0.7045751633986927,0.7,0.7058823529411765,0.6974921630094044,0.780564263322884,0.8202515168644499,0.7586206896551724,0.6363636363636364,,,,0.6363636363636364,0.7586206896551724,,
strict,selection,7,severity_binary,all,none,mean,none,rf,severity_binary|all|none|mean|none|rf,ok,,202,50,55,0.6371100164203612,0.64,0.6417532467532467,0.6347402597402598,0.6455394524959742,0.6344605475040257,0.64,0.6371100164203612,0.6141215106732348,0.6949692087837633,0.6551724137931034,0.6190476190476191,,,,0.6190476190476191,0.6551724137931034,,
strict,selection,7,severity_binary,all,none,mean,none,catboost,severity_binary|all|none|mean|none|catboost,ok,,202,50,55,0.6133004926108374,0.62,0.6210852713178294,0.6124031007751938,0.6226623376623377,0.612012987012987,0.62,0.6133004926108374,0.6157635467980296,0.6810424898415068,0.6551724137931034,0.5714285714285714,,,,0.5714285714285714,0.6551724137931034,,
strict,selection,7,severity_binary,all,none,mean,none,stacking,severity_binary|all|none|mean|none|stacking,ok,,202,50,55,0.6026272577996716,0.6,0.6025764895330112,0.5974235104669887,0.6128,0.6000000000000001,0.6,0.6026272577996716,0.614121510673235,0.6804221521939805,0.5862068965517241,0.6190476190476191,,,,0.6190476190476191,0.5862068965517241,,
strict,selection,7,severity_binary,all,none,mean,tvae,rf,severity_binary|all|none|mean|tvae|rf,ok,,404,50,55,0.548440065681445,0.56,0.56,0.548440065681445,0.56,0.548440065681445,0.56,0.548440065681445,0.5533661740558292,0.6401620950578465,0.6206896551724138,0.47619047619047616,,,,0.47619047619047616,0.6206896551724138,,
strict,selection,7,severity_binary,all,none,mean,tvae,catboost,severity_binary|all|none|mean|tvae|catboost,ok,,404,50,55,0.5853858784893268,0.58,0.582529104777198,0.5784825371336813,0.5966666666666667,0.5833333333333333,0.58,0.5853858784893268,0.5960591133004927,0.6411743932349491,0.5517241379310345,0.6190476190476191,,,,0.6190476190476191,0.5517241379310345,,
strict,selection,7,severity_binary,all,none,mean,tvae,stacking,severity_binary|all|none|mean|tvae|stacking,ok,,404,50,55,0.5853858784893268,0.58,0.582529104777198,0.5784825371336813,0.5966666666666667,0.5833333333333333,0.58,0.5853858784893268,0.5648604269293924,0.6252383876564518,0.5517241379310345,0.6190476190476191,,,,0.6190476190476191,0.5517241379310345,,
strict,selection,7,severity_binary,all,none,pmm,none,rf,severity_binary|all|none|pmm|none|rf,ok,,202,50,55,0.5829228243021347,0.6,0.5966666666666667,0.5833333333333333,0.5952461799660442,0.5857385398981324,0.6,0.5829228243021347,0.5878489326765188,0.6722855277212508,0.6896551724137931,0.47619047619047616,,,,0.47619047619047616,0.6896551724137931,,
strict,selection,7,severity_binary,all,none,pmm,none,catboost,severity_binary|all|none|pmm|none|catboost,ok,,202,50,55,0.6198686371100164,0.62,0.6223030303030302,0.6161616161616161,0.6290384615384615,0.6169871794871795,0.62,0.6198686371100164,0.6190476190476191,0.6939853245203663,0.6206896551724138,0.6190476190476191,,,,0.6190476190476191,0.6206896551724138,,
strict,selection,7,severity_binary,all,none,pmm,none,stacking,severity_binary|all|none|pmm|none|stacking,ok,,202,50,55,0.6198686371100164,0.62,0.6223030303030302,0.6161616161616161,0.6290384615384615,0.6169871794871795,0.62,0.6198686371100164,0.6042692939244664,0.6788992020023049,0.6206896551724138,0.6190476190476191,,,,0.6190476190476191,0.6206896551724138,,
strict,selection,7,severity_binary,all,none,pmm,tvae,rf,severity_binary|all|none|pmm|tvae|rf,ok,,404,50,55,0.5763546798029556,0.6,0.5918505942275043,0.5755517826825127,0.5914438502673797,0.5828877005347594,0.6,0.5763546798029556,0.5714285714285714,0.6368349908352082,0.7241379310344828,0.42857142857142855,,,,0.42857142857142855,0.7241379310344828,,
strict,selection,7,severity_binary,all,none,pmm,tvae,catboost,severity_binary|all|none|pmm|tvae|catboost,ok,,404,50,55,0.5615763546798029,0.56,0.5628341384863124,0.5571658615136876,0.5728,0.56,0.56,0.5615763546798029,0.5862068965517241,0.6977808720715912,0.5517241379310345,0.5714285714285714,,,,0.5714285714285714,0.5517241379310345,,
strict,selection,7,severity_binary,all,none,pmm,tvae,stacking,severity_binary|all|none|pmm|tvae|stacking,ok,,404,50,55,0.5681444991789819,0.56,0.5621153846153846,0.5592948717948718,0.5804830917874396,0.5668276972624798,0.56,0.5681444991789819,0.5977011494252874,0.6998054707666415,0.5172413793103449,0.6190476190476191,,,,0.6190476190476191,0.5172413793103449,,
strict,selection,7,severity_binary,all,none,gain,none,rf,severity_binary|all|none|gain|none|rf,ok,,202,50,55,0.5311986863711001,0.54,0.541313749490004,0.5308037535699714,0.543051948051948,0.5308441558441558,0.54,0.5311986863711001,0.5779967159277505,0.6482264319880894,0.5862068965517241,0.47619047619047616,,,,0.47619047619047616,0.5862068965517241,,
strict,selection,7,severity_binary,all,none,gain,none,catboost,severity_binary|all|none|gain|none|catboost,ok,,202,50,55,0.5205254515599343,0.52,0.5230917874396135,0.5169082125603865,0.5328,0.52,0.52,0.5205254515599343,0.5977011494252874,0.6786663558321825,0.5172413793103449,0.5238095238095238,,,,0.5238095238095238,0.5172413793103449,,
strict,selection,7,severity_binary,all,none,gain,none,stacking,severity_binary|all|none|gain|none|stacking,ok,,202,50,55,0.5270935960591133,0.52,0.5223076923076923,0.5192307692307692,0.5397101449275362,0.5265700483091788,0.52,0.5270935960591133,0.5894909688013137,0.6591040386348958,0.4827586206896552,0.5714285714285714,,,,0.5714285714285714,0.4827586206896552,,
strict,selection,7,severity_binary,all,none,gain,tvae,rf,severity_binary|all|none|gain|tvae|rf,ok,,404,50,55,0.5591133004926109,0.58,0.5741740226986128,0.5586380832282472,0.5725,0.5625,0.58,0.5591133004926109,0.5878489326765188,0.6822160859431313,0.6896551724137931,0.42857142857142855,,,,0.42857142857142855,0.6896551724137931,,
strict,selection,7,severity_binary,all,none,gain,tvae,catboost,severity_binary|all|none|gain|tvae|catboost,ok,,404,50,55,0.5853858784893268,0.58,0.582529104777198,0.5784825371336813,0.5966666666666667,0.5833333333333333,0.58,0.5853858784893268,0.6206896551724138,0.6905816382862716,0.5517241379310345,0.6190476190476191,,,,0.6190476190476191,0.5517241379310345,,
strict,selection,7,severity_binary,all,none,gain,tvae,stacking,severity_binary|all|none|gain|tvae|stacking,ok,,404,50,55,0.5336617405582923,0.52,0.52,0.52,0.5473234811165846,0.5336617405582923,0.52,0.5336617405582923,0.6026272577996716,0.6766738432274372,0.4482758620689655,0.6190476190476191,,,,0.6190476190476191,0.4482758620689655,,
strict,selection,7,severity_binary,all,none,mice,none,rf,severity_binary|all|none|mice|none|rf,ok,,202,50,55,0.5180623973727422,0.54,0.5336191677175283,0.5166036149642708,0.5310416666666666,0.5190972222222222,0.54,0.5180623973727422,0.5697865353037767,0.6685450309114438,0.6551724137931034,0.38095238095238093,,,,0.38095238095238093,0.6551724137931034,,
strict,selection,7,severity_binary,all,none,mice,none,catboost,severity_binary|all|none|mice|none|catboost,ok,,202,50,55,0.548440065681445,0.56,0.56,0.548440065681445,0.56,0.548440065681445,0.56,0.548440065681445,0.5944170771756979,0.68648428429948,0.6206896551724138,0.47619047619047616,,,,0.47619047619047616,0.6206896551724138,,
strict,selection,7,severity_binary,all,none,mice,none,stacking,severity_binary|all|none|mice|none|stacking,ok,,202,50,55,0.548440065681445,0.56,0.56,0.548440065681445,0.56,0.548440065681445,0.56,0.548440065681445,0.568144499178982,0.6670312381715297,0.6206896551724138,0.47619047619047616,,,,0.47619047619047616,0.6206896551724138,,
strict,selection,7,severity_binary,all,none,mice,tvae,rf,severity_binary|all|none|mice|tvae|rf,ok,,404,50,55,0.4745484400656814,0.52,0.4802941176470588,0.4485294117647059,0.4799067599067599,0.46386946386946387,0.52,0.4745484400656814,0.5303776683087028,0.6385666671132594,0.7586206896551724,0.19047619047619047,,,,0.19047619047619047,0.7586206896551724,,
strict,selection,7,severity_binary,all,none,mice,tvae,catboost,severity_binary|all|none|mice|tvae|catboost,ok,,404,50,55,0.5894909688013137,0.6,0.6,0.5894909688013137,0.6,0.5894909688013137,0.6,0.5894909688013137,0.5763546798029557,0.6890078646691559,0.6551724137931034,0.5238095238095238,,,,0.5238095238095238,0.6551724137931034,,
strict,selection,7,severity_binary,all,none,mice,tvae,stacking,severity_binary|all|none|mice|tvae|stacking,ok,,404,50,55,0.5615763546798029,0.56,0.5628341384863124,0.5571658615136876,0.5728,0.56,0.56,0.5615763546798029,0.5369458128078818,0.6505461075185422,0.5517241379310345,0.5714285714285714,,,,0.5714285714285714,0.5517241379310345,,
strict,selection,7,severity_binary,all,none,softimpute,none,rf,severity_binary|all|none|softimpute|none|rf,ok,,202,50,55,0.6174055829228242,0.64,0.6326655348047538,0.6179966044142615,0.6337254901960785,0.6274509803921569,0.64,0.6174055829228242,0.625615763546798,0.6968861747977495,0.7586206896551724,0.47619047619047616,,,,0.47619047619047616,0.7586206896551724,,
strict,selection,7,severity_binary,all,none,softimpute,none,catboost,severity_binary|all|none|softimpute|none|catboost,ok,,202,50,55,0.5763546798029556,0.6,0.5918505942275043,0.5755517826825127,0.5914438502673797,0.5828877005347594,0.6,0.5763546798029556,0.5894909688013137,0.6645504657546372,0.7241379310344828,0.42857142857142855,,,,0.42857142857142855,0.7241379310344828,,
strict,selection,7,severity_binary,all,none,softimpute,none,stacking,severity_binary|all|none|softimpute|none|stacking,ok,,202,50,55,0.6001642036124795,0.62,0.6147288776796974,0.6006725514922235,0.6139583333333334,0.6059027777777778,0.62,0.6001642036124795,0.6141215106732348,0.683175884979183,0.7241379310344828,0.47619047619047616,,,,0.47619047619047616,0.7241379310344828,,
strict,selection,7,severity_binary,all,none,softimpute,tvae,rf,severity_binary|all|none|softimpute|tvae|rf,ok,,404,50,55,0.5607553366174056,0.62,0.5534855403348553,0.5180111618467782,0.635909090909091,0.6401515151515151,0.62,0.5607553366174056,0.6009852216748769,0.6549083772645963,0.9310344827586207,0.19047619047619047,,,,0.19047619047619047,0.9310344827586207,,
strict,selection,7,severity_binary,all,none,softimpute,tvae,catboost,severity_binary|all|none|softimpute|tvae|catboost,ok,,404,50,55,0.5435139573070608,0.6,0.5388888888888889,0.503968253968254,0.5906976744186047,0.5880398671096345,0.6,0.5435139573070608,0.574712643678161,0.6476393908898492,0.896551724137931,0.19047619047619047,,,,0.19047619047619047,0.896551724137931,,
strict,selection,7,severity_binary,all,none,softimpute,tvae,stacking,severity_binary|all|none|softimpute|tvae|stacking,ok,,404,50,55,0.5328407224958949,0.58,0.5389621318373071,0.5091164095371669,0.5579999999999999,0.55,0.58,0.5328407224958949,0.5894909688013136,0.6460966636739085,0.8275862068965517,0.23809523809523808,,,,0.23809523809523808,0.8275862068965517,,
strict,selection,7,severity_binary,all,none,raw,none,catboost,severity_binary|all|none|raw|none|catboost,ok,,202,50,55,0.6436781609195402,0.64,0.6423188405797101,0.6376811594202898,0.6528,0.64,0.64,0.6436781609195402,0.6403940886699507,0.6670786934733287,0.6206896551724138,0.6666666666666666,,,,0.6666666666666666,0.6206896551724138,,
strict,selection,7,severity_binary,drop_gt70_missing,none,mean,none,rf,severity_binary|drop_gt70_missing|none|mean|none|rf,ok,,202,50,47,0.6543513957307061,0.66,0.6609710322317421,0.6532027743778049,0.6624675324675325,0.6525974025974026,0.66,0.6543513957307061,0.6157635467980296,0.6678650193871681,0.6896551724137931,0.6190476190476191,,,,0.6190476190476191,0.6896551724137931,,
strict,selection,7,severity_binary,drop_gt70_missing,none,mean,none,catboost,severity_binary|drop_gt70_missing|none|mean|none|catboost,ok,,202,50,47,0.5960591133004927,0.6,0.601948051948052,0.5941558441558441,0.6057971014492753,0.5942028985507246,0.6,0.5960591133004927,0.6223316912972087,0.6705394267876652,0.6206896551724138,0.5714285714285714,,,,0.5714285714285714,0.6206896551724138,,
strict,selection,7,severity_binary,drop_gt70_missing,none,mean,none,stacking,severity_binary|drop_gt70_missing|none|mean|none|stacking,ok,,202,50,47,0.6026272577996716,0.6,0.6025764895330112,0.5974235104669887,0.6128,0.6000000000000001,0.6,0.6026272577996716,0.6239737274220033,0.6704352229630868,0.5862068965517241,0.6190476190476191,,,,0.6190476190476191,0.5862068965517241,,
strict,selection,7,severity_binary,drop_gt70_missing,none,mean,tvae,rf,severity_binary|drop_gt70_missing|none|mean|tvae|rf,ok,,404,50,47,0.5697865353037767,0.6,0.5854166666666667,0.5659722222222222,0.5885714285714285,0.5809523809523809,0.6,0.5697865353037767,0.6009852216748769,0.6537902763688268,0.7586206896551724,0.38095238095238093,,,,0.38095238095238093,0.7586206896551724,,
strict,selection,7,severity_binary,drop_gt70_missing,none,mean,tvae,catboost,severity_binary|drop_gt70_missing|none|mean|tvae|catboost,ok,,404,50,47,0.6264367816091954,0.62,0.62228823765556,0.6186270574066639,0.6369871794871795,0.6233974358974359,0.62,0.6264367816091954,0.6469622331691298,0.6772804927379893,0.5862068965517241,0.6666666666666666,,,,0.6666666666666666,0.5862068965517241,,
strict,selection,7,severity_binary,drop_gt70_missing,none,mean,tvae,stacking,severity_binary|drop_gt70_missing|none|mean|tvae|stacking,ok,,404,50,47,0.5919540229885057,0.58,0.5811764705882353,0.5798319327731092,0.6054545454545454,0.5909090909090908,0.58,0.5919540229885057,0.6206896551724138,0.6601615249933345,0.5172413793103449,0.6666666666666666,,,,0.6666666666666666,0.5172413793103449,,
strict,selection,7,severity_binary,drop_gt70_missing,none,pmm,none,rf,severity_binary|drop_gt70_missing|none|pmm|none|rf,ok,,202,50,47,0.5829228243021347,0.6,0.5966666666666667,0.5833333333333333,0.5952461799660442,0.5857385398981324,0.6,0.5829228243021347,0.5779967159277504,0.6676745701518904,0.6896551724137931,0.47619047619047616,,,,0.47619047619047616,0.6896551724137931,,
strict,selection,7,severity_binary,drop_gt70_missing,none,pmm,none,catboost,severity_binary|drop_gt70_missing|none|pmm|none|catboost,ok,,202,50,47,0.5829228243021347,0.6,0.5966666666666667,0.5833333333333333,0.5952461799660442,0.5857385398981324,0.6,0.5829228243021347,0.5862068965517242,0.6670709481716353,0.6896551724137931,0.47619047619047616,,,,0.47619047619047616,0.6896551724137931,,
strict,selection,7,severity_binary,drop_gt70_missing,none,pmm,none,stacking,severity_binary|drop_gt70_missing|none|pmm|none|stacking,ok,,202,50,47,0.548440065681445,0.56,0.56,0.548440065681445,0.56,0.548440065681445,0.56,0.548440065681445,0.5697865353037768,0.654311464146034,0.6206896551724138,0.47619047619047616,,,,0.47619047619047616,0.6206896551724138,,
strict,selection,7,severity_binary,drop_gt70_missing,none,pmm,tvae,rf,severity_binary|drop_gt70_missing|none|pmm|tvae|rf,ok,,404,50,47,0.5697865353037767,0.6,0.5854166666666667,0.5659722222222222,0.5885714285714285,0.5809523809523809,0.6,0.5697865353037767,0.5582922824302136,0.6592666249946812,0.7586206896551724,0.38095238095238093,,,,0.38095238095238093,0.7586206896551724,,
strict,selection,7,severity_binary,drop_gt70_missing,none,pmm,tvae,catboost,severity_binary|drop_gt70_missing|none|pmm|tvae|catboost,ok,,404,50,47,0.49425287356321834,0.52,0.5102207130730051,0.49066213921901525,0.5068805704099821,0.49376114081996436,0.52,0.49425287356321834,0.5303776683087028,0.6558512632880994,0.6551724137931034,0.3333333333333333,,,,0.3333333333333333,0.6551724137931034,,
strict,selection,7,severity_binary,drop_gt70_missing,none,pmm,tvae,stacking,severity_binary|drop_gt70_missing|none|pmm|tvae|stacking,ok,,404,50,47,0.5311986863711001,0.54,0.541313749490004,0.5308037535699714,0.543051948051948,0.5308441558441558,0.54,0.5311986863711001,0.5451559934318555,0.6536627213648764,0.5862068965517241,0.47619047619047616,,,,0.47619047619047616,0.5862068965517241,,
strict,selection,7,severity_binary,drop_gt70_missing,none,gain,none,rf,severity_binary|drop_gt70_missing|none|gain|none|rf,ok,,202,50,47,0.6001642036124795,0.62,0.6147288776796974,0.6006725514922235,0.6139583333333334,0.6059027777777778,0.62,0.6001642036124795,0.5894909688013137,0.6580152865129648,0.7241379310344828,0.47619047619047616,,,,0.47619047619047616,0.7241379310344828,,
strict,selection,7,severity_binary,drop_gt70_missing,none,gain,none,catboost,severity_binary|drop_gt70_missing|none|gain|none|catboost,ok,,202,50,47,0.5722495894909688,0.58,0.5811995104039167,0.5716034271725826,0.582857142857143,0.5714285714285714,0.58,0.5722495894909688,0.6190476190476191,0.706417955862372,0.6206896551724138,0.5238095238095238,,,,0.5238095238095238,0.6206896551724138,,
strict,selection,7,severity_binary,drop_gt70_missing,none,gain,none,stacking,severity_binary|drop_gt70_missing|none|gain|none|stacking,ok,,202,50,47,0.5788177339901477,0.58,0.5825454545454545,0.5757575757575757,0.5892307692307692,0.5769230769230769,0.58,0.5788177339901477,0.6059113300492611,0.6752169508904245,0.5862068965517241,0.5714285714285714,,,,0.5714285714285714,0.5862068965517241,,
strict,selection,7,severity_binary,drop_gt70_missing,none,gain,tvae,rf,severity_binary|drop_gt70_missing|none|gain|tvae|rf,ok,,404,50,47,0.5804597701149425,0.62,0.5937042062415196,0.5703301673450927,0.6113157894736841,0.6074561403508771,0.62,0.5804597701149425,0.5796387520525452,0.6451167740700244,0.8275862068965517,0.3333333333333333,,,,0.3333333333333333,0.8275862068965517,,
strict,selection,7,severity_binary,drop_gt70_missing,none,gain,tvae,catboost,severity_binary|drop_gt70_missing|none|gain|tvae|catboost,ok,,404,50,47,0.6067323481116584,0.62,0.6185861926415874,0.6072757337742869,0.6176666666666667,0.6083333333333334,0.62,0.6067323481116584,0.5862068965517241,0.6194103275689238,0.6896551724137931,0.5238095238095238,,,,0.5238095238095238,0.6896551724137931,,
strict,selection,7,severity_binary,drop_gt70_missing,none,gain,tvae,stacking,severity_binary|drop_gt70_missing|none|gain|tvae|stacking,ok,,404,50,47,0.5960591133004927,0.6,0.601948051948052,0.5941558441558441,0.6057971014492753,0.5942028985507246,0.6,0.5960591133004927,0.5829228243021347,0.6375916920349668,0.6206896551724138,0.5714285714285714,,,,0.5714285714285714,0.6206896551724138,,
strict,selection,7,severity_binary,drop_gt70_missing,none,mice,none,rf,severity_binary|drop_gt70_missing|none|mice|none|rf,ok,,202,50,47,0.5894909688013137,0.6,0.6,0.5894909688013137,0.6,0.5894909688013137,0.6,0.5894909688013137,0.5878489326765189,0.6436961908065508,0.6551724137931034,0.5238095238095238,,,,0.5238095238095238,0.6551724137931034,,
strict,selection,7,severity_binary,drop_gt70_missing,none,mice,none,catboost,severity_binary|drop_gt70_missing|none|mice|none|catboost,ok,,202,50,47,0.6133004926108374,0.62,0.6210852713178294,0.6124031007751938,0.6226623376623377,0.612012987012987,0.62,0.6133004926108374,0.6059113300492611,0.6707816564034623,0.6551724137931034,0.5714285714285714,,,,0.5714285714285714,0.6551724137931034,,
strict,selection,7,severity_binary,drop_gt70_missing,none,mice,none,stacking,severity_binary|drop_gt70_missing|none|mice|none|stacking,ok,,202,50,47,0.6198686371100164,0.62,0.6223030303030302,0.6161616161616161,0.6290384615384615,0.6169871794871795,0.62,0.6198686371100164,0.6009852216748769,0.6613514261007112,0.6206896551724138,0.6190476190476191,,,,0.6190476190476191,0.6206896551724138,,
strict,selection,7,severity_binary,drop_gt70_missing,none,mice,tvae,rf,severity_binary|drop_gt70_missing|none|mice|tvae|rf,ok,,404,50,47,0.5500821018062397,0.6,0.5542857142857143,0.5238095238095238,0.5869918699186992,0.5826558265582655,0.6,0.5500821018062397,0.5517241379310346,0.6211129793002479,0.8620689655172413,0.23809523809523808,,,,0.23809523809523808,0.8620689655172413,,
strict,selection,7,severity_binary,drop_gt70_missing,none,mice,tvae,catboost,severity_binary|drop_gt70_missing|none|mice|tvae|catboost,ok,,404,50,47,0.5829228243021347,0.6,0.5966666666666667,0.5833333333333333,0.5952461799660442,0.5857385398981324,0.6,0.5829228243021347,0.5763546798029557,0.6712450854238398,0.6896551724137931,0.47619047619047616,,,,0.47619047619047616,0.6896551724137931,,
strict,selection,7,severity_binary,drop_gt70_missing,none,mice,tvae,stacking,severity_binary|drop_gt70_missing|none|mice|tvae|stacking,ok,,404,50,47,0.5443349753694582,0.54,0.5427699718988357,0.5383380168606985,0.5563461538461538,0.5432692307692308,0.54,0.5443349753694582,0.5615763546798029,0.6352787101807046,0.5172413793103449,0.5714285714285714,,,,0.5714285714285714,0.5172413793103449,,
strict,selection,7,severity_binary,drop_gt70_missing,none,softimpute,none,rf,severity_binary|drop_gt70_missing|none|softimpute|none|rf,ok,,202,50,47,0.6371100164203612,0.64,0.6417532467532467,0.6347402597402598,0.6455394524959742,0.6344605475040257,0.64,0.6371100164203612,0.5993431855500821,0.6708070444255728,0.6551724137931034,0.6190476190476191,,,,0.6190476190476191,0.6551724137931034,,
strict,selection,7,severity_binary,drop_gt70_missing,none,softimpute,none,catboost,severity_binary|drop_gt70_missing|none|softimpute|none|catboost,ok,,202,50,47,0.6026272577996716,0.6,0.6025764895330112,0.5974235104669887,0.6128,0.6000000000000001,0.6,0.6026272577996716,0.6091954022988506,0.6597180107486929,0.5862068965517241,0.6190476190476191,,,,0.6190476190476191,0.5862068965517241,,
strict,selection,7,severity_binary,drop_gt70_missing,none,softimpute,none,stacking,severity_binary|drop_gt70_missing|none|softimpute|none|stacking,ok,,202,50,47,0.6091954022988506,0.6,0.6019230769230769,0.5993589743589745,0.621256038647343,0.607085346215781,0.6,0.6091954022988506,0.6108374384236454,0.6802077712593998,0.5517241379310345,0.6666666666666666,,,,0.6666666666666666,0.5517241379310345,,
strict,selection,7,severity_binary,drop_gt70_missing,none,softimpute,tvae,rf,severity_binary|drop_gt70_missing|none|softimpute|tvae|rf,ok,,404,50,47,0.5197044334975369,0.58,0.5064840182648402,0.4672754946727549,0.5527272727272727,0.5454545454545454,0.58,0.5197044334975369,0.5829228243021347,0.6482048356911166,0.896551724137931,0.14285714285714285,,,,0.14285714285714285,0.896551724137931,,
strict,selection,7,severity_binary,drop_gt70_missing,none,softimpute,tvae,catboost,severity_binary|drop_gt70_missing|none|softimpute|tvae|catboost,ok,,404,50,47,0.5656814449917897,0.58,0.5784373708143861,0.565936337329475,0.5773333333333334,0.5666666666666667,0.58,0.5656814449917897,0.5878489326765188,0.6439766718011525,0.6551724137931034,0.47619047619047616,,,,0.47619047619047616,0.6551724137931034,,
strict,selection,7,severity_binary,drop_gt70_missing,none,softimpute,tvae,stacking,severity_binary|drop_gt70_missing|none|softimpute|tvae|stacking,ok,,404,50,47,0.5443349753694582,0.54,0.5427699718988357,0.5383380168606985,0.5563461538461538,0.5432692307692308,0.54,0.5443349753694582,0.5862068965517241,0.6595685284192835,0.5172413793103449,0.5714285714285714,,,,0.5714285714285714,0.5172413793103449,,
strict,selection,7,severity_binary,drop_gt70_missing,none,raw,none,catboost,severity_binary|drop_gt70_missing|none|raw|none|catboost,ok,,202,50,47,0.6198686371100164,0.62,0.6223030303030302,0.6161616161616161,0.6290384615384615,0.6169871794871795,0.62,0.6198686371100164,0.625615763546798,0.676415239161257,0.6206896551724138,0.6190476190476191,,,,0.6190476190476191,0.6206896551724138,,
strict,selection,8,severity_binary,all,none,mean,none,rf,severity_binary|all|none|mean|none|rf,ok,,202,50,55,0.7418831168831169,0.76,0.7526655348047538,0.7453310696095077,0.7692647058823531,0.7738970588235294,0.76,0.7418831168831169,0.7532467532467533,0.7668007868192948,0.8928571428571429,0.5909090909090909,,,,0.5909090909090909,0.8928571428571429,,
strict,selection,8,severity_binary,all,none,mean,none,catboost,severity_binary|all|none|mean|none|catboost,ok,,202,50,55,0.7012987012987013,0.72,0.7114431239388794,0.7028862478777589,0.7252941176470589,0.7279411764705883,0.72,0.7012987012987013,0.7435064935064936,0.7750424607827866,0.8571428571428571,0.5454545454545454,,,,0.5454545454545454,0.8571428571428571,,
strict,selection,8,severity_binary,all,none,mean,none,stacking,severity_binary|all|none|mean|none|stacking,ok,,202,50,55,0.7694805194805194,0.78,0.7775444398511783,0.7726333195535345,0.7809168081494058,0.7818336162988115,0.78,0.7694805194805194,0.7516233766233766,0.7664682118452648,0.8571428571428571,0.6818181818181818,,,,0.6818181818181818,0.8571428571428571,,
strict,selection,8,severity_binary,all,none,mean,tvae,rf,severity_binary|all|none|mean|tvae|rf,ok,,404,50,55,0.5876623376623377,0.62,0.5878606965174129,0.5703301673450927,0.6246153846153847,0.6258741258741258,0.62,0.5876623376623377,0.7305194805194806,0.7660471612344402,0.8571428571428571,0.3181818181818182,,,,0.3181818181818182,0.8571428571428571,,
strict,selection,8,severity_binary,all,none,mean,tvae,catboost,severity_binary|all|none|mean|tvae|catboost,ok,,404,50,55,0.6298701298701299,0.64,0.6376354679802955,0.6305418719211823,0.6373333333333333,0.6333333333333333,0.64,0.6298701298701299,0.685064935064935,0.7364762882230458,0.7142857142857143,0.5454545454545454,,,,0.5454545454545454,0.7142857142857143,,
strict,selection,8,severity_binary,all,none,mean,tvae,stacking,severity_binary|all|none|mean|tvae|stacking,ok,,404,50,55,0.702922077922078,0.7,0.7010839020473705,0.6989160979526294,0.7071999999999999,0.7,0.7,0.702922077922078,0.6996753246753247,0.7445824851027252,0.6785714285714286,0.7272727272727273,,,,0.7272727272727273,0.6785714285714286,,
strict,selection,8,severity_binary,all,none,pmm,none,rf,severity_binary|all|none|pmm|none|rf,ok,,202,50,55,0.6964285714285714,0.72,0.7063888888888888,0.6961805555555556,0.7346031746031746,0.7400793650793651,0.72,0.6964285714285714,0.7532467532467533,0.7805590669322963,0.8928571428571429,0.5,,,,0.5,0.8928571428571429,,
strict,selection,8,severity_binary,all,none,pmm,none,catboost,severity_binary|all|none|pmm|none|catboost,ok,,202,50,55,0.711038961038961,0.72,0.7181609195402298,0.7126436781609196,0.7186666666666666,0.7166666666666666,0.72,0.711038961038961,0.7597402597402597,0.7765155666954439,0.7857142857142857,0.6363636363636364,,,,0.6363636363636364,0.7857142857142857,,
strict,selection,8,severity_binary,all,none,pmm,none,stacking,severity_binary|all|none|pmm|none|stacking,ok,,202,50,55,0.7792207792207793,0.78,0.7804444444444445,0.7777777777777778,0.781513687600644,0.7769726247987117,0.78,0.7792207792207793,0.7646103896103897,0.7852945512801082,0.7857142857142857,0.7727272727272727,,,,0.7727272727272727,0.7857142857142857,,
strict,selection,8,severity_binary,all,none,pmm,tvae,rf,severity_binary|all|none|pmm|tvae|rf,ok,,404,50,55,0.7191558441558441,0.74,0.7298498498498498,0.7211497211497211,0.752,0.7571428571428571,0.74,0.7191558441558441,0.797077922077922,0.8147374774765577,0.8928571428571429,0.5454545454545454,,,,0.5454545454545454,0.8928571428571429,,
strict,selection,8,severity_binary,all,none,pmm,tvae,catboost,severity_binary|all|none|pmm|tvae|catboost,ok,,404,50,55,0.6834415584415584,0.7,0.693064312736444,0.6847414880201765,0.700891265597148,0.7014260249554367,0.7,0.6834415584415584,0.7483766233766234,0.7885202168076069,0.8214285714285714,0.5454545454545454,,,,0.5454545454545454,0.8214285714285714,,
strict,selection,8,severity_binary,all,none,pmm,tvae,stacking,severity_binary|all|none|pmm|tvae|stacking,ok,,404,50,55,0.7792207792207793,0.78,0.7804444444444445,0.7777777777777778,0.781513687600644,0.7769726247987117,0.78,0.7792207792207793,0.775974025974026,0.8025695966740233,0.7857142857142857,0.7727272727272727,,,,0.7727272727272727,0.7857142857142857,,
strict,selection,8,severity_binary,all,none,gain,none,rf,severity_binary|all|none|gain|none|rf,ok,,202,50,55,0.7646103896103896,0.78,0.7749138293400588,0.7688104245481295,0.7865953654188949,0.7905525846702317,0.78,0.7646103896103896,0.8230519480519481,0.8536282082550222,0.8928571428571429,0.6363636363636364,,,,0.6363636363636364,0.8928571428571429,,
strict,selection,8,severity_binary,all,none,gain,none,catboost,severity_binary|all|none|gain|none|catboost,ok,,202,50,55,0.7467532467532467,0.76,0.7559999999999999,0.75,0.7622222222222222,0.7638888888888888,0.76,0.7467532467532467,0.8084415584415585,0.8411106248499702,0.8571428571428571,0.6363636363636364,,,,0.6363636363636364,0.8571428571428571,,
strict,selection,8,severity_binary,all,none,gain,none,stacking,severity_binary|all|none|gain|none|stacking,ok,,202,50,55,0.7694805194805194,0.78,0.7775444398511783,0.7726333195535345,0.7809168081494058,0.7818336162988115,0.78,0.7694805194805194,0.8068181818181819,0.8302138512659847,0.8571428571428571,0.6818181818181818,,,,0.6818181818181818,0.8571428571428571,,
strict,selection,8,severity_binary,all,none,gain,tvae,rf,severity_binary|all|none|gain|tvae|rf,ok,,404,50,55,0.6233766233766234,0.66,0.6207386629266013,0.6026180458158018,0.6973441734417344,0.7059620596205962,0.66,0.6233766233766234,0.7727272727272728,0.779601702560661,0.9285714285714286,0.3181818181818182,,,,0.3181818181818182,0.9285714285714286,,
strict,selection,8,severity_binary,all,none,gain,tvae,catboost,severity_binary|all|none|gain|tvae|catboost,ok,,404,50,55,0.6931818181818181,0.7,0.6991432068543452,0.6940024479804161,0.6988505747126436,0.6954022988505747,0.7,0.6931818181818181,0.7646103896103896,0.8344759223535285,0.75,0.6363636363636364,,,,0.6363636363636364,0.75,,
strict,selection,8,severity_binary,all,none,gain,tvae,stacking,severity_binary|all|none|gain|tvae|stacking,ok,,404,50,55,0.7207792207792207,0.72,0.720901771336554,0.7181964573268921,0.7241025641025641,0.717948717948718,0.72,0.7207792207792207,0.775974025974026,0.8289663189066067,0.7142857142857143,0.7272727272727273,,,,0.7272727272727273,0.7142857142857143,,
strict,selection,8,severity_binary,all,none,mice,none,rf,severity_binary|all|none|mice|none|rf,ok,,202,50,55,0.724025974025974,0.74,0.7339890710382514,0.7267759562841529,0.7437433155080214,0.7459893048128342,0.74,0.724025974025974,0.8035714285714286,0.8612713402646717,0.8571428571428571,0.5909090909090909,,,,0.5909090909090909,0.8571428571428571,,
strict,selection,8,severity_binary,all,none,mice,none,catboost,severity_binary|all|none|mice|none|catboost,ok,,202,50,55,0.7061688311688312,0.72,0.7153333333333333,0.7083333333333334,0.7202777777777777,0.7204861111111112,0.72,0.7061688311688312,0.75,0.832543734583416,0.8214285714285714,0.5909090909090909,,,,0.5909090909090909,0.8214285714285714,,
strict,selection,8,severity_binary,all,none,mice,none,stacking,severity_binary|all|none|mice|none|stacking,ok,,202,50,55,0.7516233766233766,0.76,0.758423645320197,0.7536945812807883,0.7593333333333334,0.7583333333333333,0.76,0.7516233766233766,0.7743506493506493,0.8465521923799224,0.8214285714285714,0.6818181818181818,,,,0.6818181818181818,0.8214285714285714,,
strict,selection,8,severity_binary,all,none,mice,tvae,rf,severity_binary|all|none|mice|tvae|rf,ok,,404,50,55,0.6233766233766234,0.66,0.6207386629266013,0.6026180458158018,0.6973441734417344,0.7059620596205962,0.66,0.6233766233766234,0.7743506493506493,0.824323928213264,0.9285714285714286,0.3181818181818182,,,,0.3181818181818182,0.9285714285714286,,
strict,selection,8,severity_binary,all,none,mice,tvae,catboost,severity_binary|all|none|mice|tvae|catboost,ok,,404,50,55,0.6298701298701299,0.64,0.6376354679802955,0.6305418719211823,0.6373333333333333,0.6333333333333333,0.64,0.6298701298701299,0.7207792207792207,0.7717158701682623,0.7142857142857143,0.5454545454545454,,,,0.5454545454545454,0.7142857142857143,,
strict,selection,8,severity_binary,all,none,mice,tvae,stacking,severity_binary|all|none|mice|tvae|stacking,ok,,404,50,55,0.676948051948052,0.66,0.6563147330389402,0.6587715776796468,0.6975891341256367,0.6850594227504245,0.66,0.676948051948052,0.7353896103896104,0.7844237939868431,0.5357142857142857,0.8181818181818182,,,,0.8181818181818182,0.5357142857142857,,
strict,selection,8,severity_binary,all,none,softimpute,none,rf,severity_binary|all|none|softimpute|none|rf,ok,,202,50,55,0.7564935064935066,0.76,0.76,0.7564935064935066,0.76,0.7564935064935066,0.76,0.7564935064935066,0.7662337662337662,0.8234292460829192,0.7857142857142857,0.7272727272727273,,,,0.7272727272727273,0.7857142857142857,,
strict,selection,8,severity_binary,all,none,softimpute,none,catboost,severity_binary|all|none|softimpute|none|catboost,ok,,202,50,55,0.6542207792207793,0.64,0.6376923076923078,0.6394230769230769,0.6693333333333333,0.6583333333333333,0.64,0.6542207792207793,0.7094155844155845,0.750654430913166,0.5357142857142857,0.7727272727272727,,,,0.7727272727272727,0.5357142857142857,,
strict,selection,8,severity_binary,all,none,softimpute,none,stacking,severity_binary|all|none|softimpute|none|stacking,ok,,202,50,55,0.6542207792207793,0.64,0.6376923076923078,0.6394230769230769,0.6693333333333333,0.6583333333333333,0.64,0.6542207792207793,0.7435064935064934,0.7822614342659895,0.5357142857142857,0.7727272727272727,,,,0.7727272727272727,0.5357142857142857,,
strict,selection,8,severity_binary,all,none,softimpute,tvae,rf,severity_binary|all|none|softimpute|tvae|rf,ok,,404,50,55,0.5649350649350648,0.6,0.5602941176470588,0.5404411764705883,0.6,0.6,0.6,0.5649350649350648,0.7159090909090909,0.751978319694871,0.8571428571428571,0.2727272727272727,,,,0.2727272727272727,0.8571428571428571,,
strict,selection,8,severity_binary,all,none,softimpute,tvae,catboost,severity_binary|all|none|softimpute|tvae|catboost,ok,,404,50,55,0.698051948051948,0.7,0.7006060606060607,0.696969696969697,0.7017713365539453,0.6964573268921095,0.7,0.698051948051948,0.7305194805194806,0.7623796622265682,0.7142857142857143,0.6818181818181818,,,,0.6818181818181818,0.7142857142857143,,
strict,selection,8,severity_binary,all,none,softimpute,tvae,stacking,severity_binary|all|none|softimpute|tvae|stacking,ok,,404,50,55,0.6818181818181819,0.66,0.6524444444444444,0.6565656565656566,0.7145098039215686,0.6996434937611409,0.66,0.6818181818181819,0.7305194805194805,0.764306577656283,0.5,0.8636363636363636,,,,0.8636363636363636,0.5,,
strict,selection,8,severity_binary,all,none,raw,none,catboost,severity_binary|all|none|raw|none|catboost,ok,,202,50,55,0.7288961038961039,0.74,0.7370979743695742,0.7312939231087227,0.7396943972835314,0.7393887945670627,0.74,0.7288961038961039,0.7678571428571429,0.8254597223947607,0.8214285714285714,0.6363636363636364,,,,0.6363636363636364,0.8214285714285714,,
strict,selection,8,severity_binary,drop_gt70_missing,none,mean,none,rf,severity_binary|drop_gt70_missing|none|mean|none|rf,ok,,202,50,47,0.7418831168831169,0.76,0.7526655348047538,0.7453310696095077,0.7692647058823531,0.7738970588235294,0.76,0.7418831168831169,0.7548701298701299,0.7872329219670557,0.8928571428571429,0.5909090909090909,,,,0.5909090909090909,0.8928571428571429,,
strict,selection,8,severity_binary,drop_gt70_missing,none,mean,none,catboost,severity_binary|drop_gt70_missing|none|mean|none|catboost,ok,,202,50,47,0.6558441558441558,0.68,0.6644444444444444,0.6527777777777778,0.6876190476190476,0.6904761904761905,0.68,0.6558441558441558,0.7337662337662337,0.7566025781077734,0.8571428571428571,0.45454545454545453,,,,0.45454545454545453,0.8571428571428571,,
strict,selection,8,severity_binary,drop_gt70_missing,none,mean,none,stacking,severity_binary|drop_gt70_missing|none|mean|none|stacking,ok,,202,50,47,0.7922077922077921,0.8,0.798686371100164,0.7947454844006567,0.8,0.8,0.8,0.7922077922077921,0.7564935064935064,0.7694581069447753,0.8571428571428571,0.7272727272727273,,,,0.7272727272727273,0.8571428571428571,,
strict,selection,8,severity_binary,drop_gt70_missing,none,mean,tvae,rf,severity_binary|drop_gt70_missing|none|mean|tvae|rf,ok,,404,50,47,0.5876623376623377,0.62,0.5878606965174129,0.5703301673450927,0.6246153846153847,0.6258741258741258,0.62,0.5876623376623377,0.7256493506493505,0.757320425679467,0.8571428571428571,0.3181818181818182,,,,0.3181818181818182,0.8571428571428571,,
strict,selection,8,severity_binary,drop_gt70_missing,none,mean,tvae,catboost,severity_binary|drop_gt70_missing|none|mean|tvae|catboost,ok,,404,50,47,0.6071428571428572,0.62,0.6157585779247623,0.6072757337742869,0.6160271646859082,0.6120543293718166,0.62,0.6071428571428572,0.6964285714285714,0.7522125622551952,0.7142857142857143,0.5,,,,0.5,0.7142857142857143,,
strict,selection,8,severity_binary,drop_gt70_missing,none,mean,tvae,stacking,severity_binary|drop_gt70_missing|none|mean|tvae|stacking,ok,,404,50,47,0.6396103896103896,0.64,0.641159420289855,0.6376811594202898,0.6443589743589743,0.6378205128205128,0.64,0.6396103896103896,0.7207792207792207,0.7630642839092538,0.6428571428571429,0.6363636363636364,,,,0.6363636363636364,0.6428571428571429,,
strict,selection,8,severity_binary,drop_gt70_missing,none,pmm,none,rf,severity_binary|drop_gt70_missing|none|pmm|none|rf,ok,,202,50,47,0.724025974025974,0.74,0.7339890710382514,0.7267759562841529,0.7437433155080214,0.7459893048128342,0.74,0.724025974025974,0.7613636363636365,0.785709416033749,0.8571428571428571,0.5909090909090909,,,,0.5909090909090909,0.8571428571428571,,
strict,selection,8,severity_binary,drop_gt70_missing,none,pmm,none,catboost,severity_binary|drop_gt70_missing|none|pmm|none|catboost,ok,,202,50,47,0.6558441558441558,0.68,0.6644444444444444,0.6527777777777778,0.6876190476190476,0.6904761904761905,0.68,0.6558441558441558,0.7678571428571429,0.780326474671328,0.8571428571428571,0.45454545454545453,,,,0.45454545454545453,0.8571428571428571,,
strict,selection,8,severity_binary,drop_gt70_missing,none,pmm,none,stacking,severity_binary|drop_gt70_missing|none|pmm|none|stacking,ok,,202,50,47,0.7516233766233766,0.76,0.758423645320197,0.7536945812807883,0.7593333333333334,0.7583333333333333,0.76,0.7516233766233766,0.7678571428571428,0.7849939297060178,0.8214285714285714,0.6818181818181818,,,,0.6818181818181818,0.8214285714285714,,
strict,selection,8,severity_binary,drop_gt70_missing,none,pmm,tvae,rf,severity_binary|drop_gt70_missing|none|pmm|tvae|rf,ok,,404,50,47,0.6737012987012987,0.7,0.6821978021978022,0.6703296703296704,0.7168399168399168,0.7224532224532225,0.7,0.6737012987012987,0.7564935064935064,0.7463555882472158,0.8928571428571429,0.45454545454545453,,,,0.45454545454545453,0.8928571428571429,,
strict,selection,8,severity_binary,drop_gt70_missing,none,pmm,tvae,catboost,severity_binary|drop_gt70_missing|none|pmm|tvae|catboost,ok,,404,50,47,0.724025974025974,0.74,0.7339890710382514,0.7267759562841529,0.7437433155080214,0.7459893048128342,0.74,0.724025974025974,0.7516233766233766,0.7861516193265488,0.8571428571428571,0.5909090909090909,,,,0.5909090909090909,0.8571428571428571,,
strict,selection,8,severity_binary,drop_gt70_missing,none,pmm,tvae,stacking,severity_binary|drop_gt70_missing|none|pmm|tvae|stacking,ok,,404,50,47,0.698051948051948,0.7,0.7006060606060607,0.696969696969697,0.7017713365539453,0.6964573268921095,0.7,0.698051948051948,0.762987012987013,0.7579212833086356,0.7142857142857143,0.6818181818181818,,,,0.6818181818181818,0.7142857142857143,,
strict,selection,8,severity_binary,drop_gt70_missing,none,gain,none,rf,severity_binary|drop_gt70_missing|none|gain|none|rf,ok,,202,50,47,0.6737012987012987,0.7,0.6821978021978022,0.6703296703296704,0.7168399168399168,0.7224532224532225,0.7,0.6737012987012987,0.7840909090909092,0.8159561289244179,0.8928571428571429,0.45454545454545453,,,,0.45454545454545453,0.8928571428571429,,
strict,selection,8,severity_binary,drop_gt70_missing,none,gain,none,catboost,severity_binary|drop_gt70_missing|none|gain|none|catboost,ok,,202,50,47,0.7012987012987013,0.72,0.7114431239388794,0.7028862478777589,0.7252941176470589,0.7279411764705883,0.72,0.7012987012987013,0.7905844155844156,0.8233264187904838,0.8571428571428571,0.5454545454545454,,,,0.5454545454545454,0.8571428571428571,,
strict,selection,8,severity_binary,drop_gt70_missing,none,gain,none,stacking,severity_binary|drop_gt70_missing|none|gain|none|stacking,ok,,202,50,47,0.7467532467532467,0.76,0.7559999999999999,0.75,0.7622222222222222,0.7638888888888888,0.76,0.7467532467532467,0.7873376623376623,0.8231260207721715,0.8571428571428571,0.6363636363636364,,,,0.6363636363636364,0.8571428571428571,,
strict,selection,8,severity_binary,drop_gt70_missing,none,gain,tvae,rf,severity_binary|drop_gt70_missing|none|gain|tvae|rf,ok,,404,50,47,0.577922077922078,0.62,0.561864983001457,0.5386109762020399,0.6528903654485049,0.6594684385382059,0.62,0.577922077922078,0.7305194805194806,0.7443474491116671,0.9285714285714286,0.22727272727272727,,,,0.22727272727272727,0.9285714285714286,,
strict,selection,8,severity_binary,drop_gt70_missing,none,gain,tvae,catboost,severity_binary|drop_gt70_missing|none|gain|tvae|catboost,ok,,404,50,47,0.6655844155844155,0.68,0.6746666666666666,0.6666666666666666,0.6783333333333332,0.6770833333333333,0.68,0.6655844155844155,0.7353896103896104,0.7712921141401564,0.7857142857142857,0.5454545454545454,,,,0.5454545454545454,0.7857142857142857,,
strict,selection,8,severity_binary,drop_gt70_missing,none,gain,tvae,stacking,severity_binary|drop_gt70_missing|none|gain|tvae|stacking,ok,,404,50,47,0.6217532467532467,0.62,0.621372942593336,0.6186270574066639,0.6272000000000001,0.6200000000000001,0.62,0.6217532467532467,0.7321428571428571,0.7502772584147868,0.6071428571428571,0.6363636363636364,,,,0.6363636363636364,0.6071428571428571,,
strict,selection,8,severity_binary,drop_gt70_missing,none,mice,none,rf,severity_binary|drop_gt70_missing|none|mice|none|rf,ok,,202,50,47,0.7061688311688312,0.72,0.7153333333333333,0.7083333333333334,0.7202777777777777,0.7204861111111112,0.72,0.7061688311688312,0.7629870129870131,0.8065846324694625,0.8214285714285714,0.5909090909090909,,,,0.5909090909090909,0.8214285714285714,,
strict,selection,8,severity_binary,drop_gt70_missing,none,mice,none,catboost,severity_binary|drop_gt70_missing|none|mice|none|catboost,ok,,202,50,47,0.7288961038961039,0.74,0.7370979743695742,0.7312939231087227,0.7396943972835314,0.7393887945670627,0.74,0.7288961038961039,0.7581168831168831,0.807302436019821,0.8214285714285714,0.6363636363636364,,,,0.6363636363636364,0.8214285714285714,,
strict,selection,8,severity_binary,drop_gt70_missing,none,mice,none,stacking,severity_binary|drop_gt70_missing|none|mice|none|stacking,ok,,202,50,47,0.7159090909090908,0.72,0.72,0.7159090909090908,0.72,0.7159090909090908,0.72,0.7159090909090908,0.7581168831168832,0.8049416304400209,0.75,0.6818181818181818,,,,0.6818181818181818,0.75,,
strict,selection,8,severity_binary,drop_gt70_missing,none,mice,tvae,rf,severity_binary|drop_gt70_missing|none|mice|tvae|rf,ok,,404,50,47,0.5827922077922079,0.62,0.5761196820944366,0.5558672276764843,0.6347967479674798,0.6382113821138211,0.62,0.5827922077922079,0.7061688311688311,0.7082128066161743,0.8928571428571429,0.2727272727272727,,,,0.2727272727272727,0.8928571428571429,,
strict,selection,8,severity_binary,drop_gt70_missing,none,mice,tvae,catboost,severity_binary|drop_gt70_missing|none|mice|tvae|catboost,ok,,404,50,47,0.6883116883116883,0.7,0.6966515088879703,0.6899545266639107,0.698471986417657,0.6969439728353142,0.7,0.6883116883116883,0.7402597402597403,0.7670339392881225,0.7857142857142857,0.5909090909090909,,,,0.5909090909090909,0.7857142857142857,,
strict,selection,8,severity_binary,drop_gt70_missing,none,mice,tvae,stacking,severity_binary|drop_gt70_missing|none|mice|tvae|stacking,ok,,404,50,47,0.6444805194805194,0.64,0.6411538461538462,0.6394230769230769,0.6505128205128206,0.6426282051282051,0.64,0.6444805194805194,0.728896103896104,0.7244103388580448,0.6071428571428571,0.6818181818181818,,,,0.6818181818181818,0.6071428571428571,,
strict,selection,8,severity_binary,drop_gt70_missing,none,softimpute,none,rf,severity_binary|drop_gt70_missing|none|softimpute|none|rf,ok,,202,50,47,0.7516233766233766,0.76,0.758423645320197,0.7536945812807883,0.7593333333333334,0.7583333333333333,0.76,0.7516233766233766,0.7305194805194805,0.7675080272191264,0.8214285714285714,0.6818181818181818,,,,0.6818181818181818,0.8214285714285714,,
strict,selection,8,severity_binary,drop_gt70_missing,none,softimpute,none,catboost,severity_binary|drop_gt70_missing|none|softimpute|none|catboost,ok,,202,50,47,0.7792207792207793,0.78,0.7804444444444445,0.7777777777777778,0.781513687600644,0.7769726247987117,0.78,0.7792207792207793,0.7402597402597402,0.7659707959836084,0.7857142857142857,0.7727272727272727,,,,0.7727272727272727,0.7857142857142857,,
strict,selection,8,severity_binary,drop_gt70_missing,none,softimpute,none,stacking,severity_binary|drop_gt70_missing|none|softimpute|none|stacking,ok,,202,50,47,0.7077922077922079,0.7,0.7006002400960384,0.6998799519807923,0.7152979066022545,0.7061191626409018,0.7,0.7077922077922079,0.7451298701298701,0.770783668506551,0.6428571428571429,0.7727272727272727,,,,0.7727272727272727,0.6428571428571429,,
strict,selection,8,severity_binary,drop_gt70_missing,none,softimpute,tvae,rf,severity_binary|drop_gt70_missing|none|softimpute|tvae|rf,ok,,404,50,47,0.7191558441558441,0.74,0.7298498498498498,0.7211497211497211,0.752,0.7571428571428571,0.74,0.7191558441558441,0.7321428571428571,0.7342664526332507,0.8928571428571429,0.5454545454545454,,,,0.5454545454545454,0.8928571428571429,,
strict,selection,8,severity_binary,drop_gt70_missing,none,softimpute,tvae,catboost,severity_binary|drop_gt70_missing|none|softimpute|tvae|catboost,ok,,404,50,47,0.7061688311688312,0.72,0.7153333333333333,0.7083333333333334,0.7202777777777777,0.7204861111111112,0.72,0.7061688311688312,0.702922077922078,0.6925850328495763,0.8214285714285714,0.5909090909090909,,,,0.5909090909090909,0.8214285714285714,,
strict,selection,8,severity_binary,drop_gt70_missing,none,softimpute,tvae,stacking,severity_binary|drop_gt70_missing|none|softimpute|tvae|stacking,ok,,404,50,47,0.7386363636363636,0.74,0.7405252525252526,0.7373737373737375,0.7416425120772948,0.7367149758454106,0.74,0.7386363636363636,0.711038961038961,0.6990264555439082,0.75,0.7272727272727273,,,,0.7272727272727273,0.75,,
strict,selection,8,severity_binary,drop_gt70_missing,none,raw,none,catboost,severity_binary|drop_gt70_missing|none|raw|none|catboost,ok,,202,50,47,0.7061688311688312,0.72,0.7153333333333333,0.7083333333333334,0.7202777777777777,0.7204861111111112,0.72,0.7061688311688312,0.7288961038961039,0.7808998648812995,0.8214285714285714,0.5909090909090909,,,,0.5909090909090909,0.8214285714285714,,
strict,selection,9,severity_binary,all,none,mean,none,rf,severity_binary|all|none|mean|none|rf,ok,,202,50,55,0.612012987012987,0.62,0.6189147286821705,0.6124031007751938,0.6183251231527094,0.6133004926108374,0.62,0.612012987012987,0.6672077922077922,0.7011598864837917,0.6785714285714286,0.5454545454545454,,,,0.5454545454545454,0.6785714285714286,,
strict,selection,9,severity_binary,all,none,mean,none,catboost,severity_binary|all|none|mean|none|catboost,ok,,202,50,55,0.5811688311688312,0.58,0.5815174628663188,0.5784825371336813,0.5872,0.5800000000000001,0.58,0.5811688311688312,0.6688311688311688,0.7138586935172253,0.5714285714285714,0.5909090909090909,,,,0.5909090909090909,0.5714285714285714,,
strict,selection,9,severity_binary,all,none,mean,none,stacking,severity_binary|all|none|mean|none|stacking,ok,,202,50,55,0.5811688311688312,0.58,0.5815174628663188,0.5784825371336813,0.5872,0.5800000000000001,0.58,0.5811688311688312,0.6704545454545454,0.7141816195795924,0.5714285714285714,0.5909090909090909,,,,0.5909090909090909,0.5714285714285714,,
strict,selection,9,severity_binary,all,none,mean,tvae,rf,severity_binary|all|none|mean|tvae|rf,ok,,404,50,55,0.5487012987012987,0.56,0.5571100164203613,0.548440065681445,0.556,0.55,0.56,0.5487012987012987,0.6558441558441559,0.7115228461559225,0.6428571428571429,0.45454545454545453,,,,0.45454545454545453,0.6428571428571429,,
strict,selection,9,severity_binary,all,none,mean,tvae,catboost,severity_binary|all|none|mean|tvae|catboost,ok,,404,50,55,0.6136363636363636,0.6,0.5974358974358975,0.5993589743589745,0.6266666666666666,0.6166666666666667,0.6,0.6136363636363636,0.6704545454545454,0.7567989019901691,0.5,0.7272727272727273,,,,0.7272727272727273,0.5,,
strict,selection,9,severity_binary,all,none,mean,tvae,stacking,severity_binary|all|none|mean|tvae|stacking,ok,,404,50,55,0.5909090909090908,0.58,0.5788235294117647,0.5798319327731092,0.600919540229885,0.5919540229885057,0.58,0.5909090909090908,0.6704545454545454,0.7432486966448137,0.5,0.6818181818181818,,,,0.6818181818181818,0.5,,
strict,selection,9,severity_binary,all,none,pmm,none,rf,severity_binary|all|none|pmm|none|rf,ok,,202,50,55,0.6347402597402598,0.64,0.64,0.6347402597402598,0.64,0.6347402597402598,0.64,0.6347402597402598,0.7159090909090908,0.734191125514999,0.6785714285714286,0.5909090909090909,,,,0.5909090909090909,0.6785714285714286,,
strict,selection,9,severity_binary,all,none,pmm,none,catboost,severity_binary|all|none|pmm|none|catboost,ok,,202,50,55,0.6217532467532467,0.62,0.621372942593336,0.6186270574066639,0.6272000000000001,0.6200000000000001,0.62,0.6217532467532467,0.6996753246753247,0.7280984599481337,0.6071428571428571,0.6363636363636364,,,,0.6363636363636364,0.6071428571428571,,
strict,selection,9,severity_binary,all,none,pmm,none,stacking,severity_binary|all|none|pmm|none|stacking,ok,,202,50,55,0.6217532467532467,0.62,0.621372942593336,0.6186270574066639,0.6272000000000001,0.6200000000000001,0.62,0.6217532467532467,0.7094155844155844,0.7353254058134534,0.6071428571428571,0.6363636363636364,,,,0.6363636363636364,0.6071428571428571,,
strict,selection,9,severity_binary,all,none,pmm,tvae,rf,severity_binary|all|none|pmm|tvae|rf,ok,,404,50,55,0.6477272727272727,0.66,0.6562050434063663,0.6486151302190988,0.6572495755517826,0.6544991511035654,0.66,0.6477272727272727,0.685064935064935,0.7391768304626889,0.75,0.5454545454545454,,,,0.5454545454545454,0.75,,
strict,selection,9,severity_binary,all,none,pmm,tvae,catboost,severity_binary|all|none|pmm|tvae|catboost,ok,,404,50,55,0.5909090909090908,0.58,0.5788235294117647,0.5798319327731092,0.600919540229885,0.5919540229885057,0.58,0.5909090909090908,0.6542207792207791,0.725718097153885,0.5,0.6818181818181818,,,,0.6818181818181818,0.5,,
strict,selection,9,severity_binary,all,none,pmm,tvae,stacking,severity_binary|all|none|pmm|tvae|stacking,ok,,404,50,55,0.6136363636363636,0.6,0.5974358974358975,0.5993589743589745,0.6266666666666666,0.6166666666666667,0.6,0.6136363636363636,0.6623376623376623,0.7284560181263147,0.5,0.7272727272727273,,,,0.7272727272727273,0.5,,
strict,selection,9,severity_binary,all,none,gain,none,rf,severity_binary|all|none|gain|none|rf,ok,,202,50,55,0.6298701298701299,0.64,0.6376354679802955,0.6305418719211823,0.6373333333333333,0.6333333333333333,0.64,0.6298701298701299,0.7094155844155844,0.7480355722726225,0.7142857142857143,0.5454545454545454,,,,0.5454545454545454,0.7142857142857143,,
strict,selection,9,severity_binary,all,none,gain,none,catboost,severity_binary|all|none|gain|none|catboost,ok,,202,50,55,0.6168831168831169,0.62,0.6207676767676767,0.6161616161616161,0.6220289855072463,0.6159420289855072,0.62,0.6168831168831169,0.7045454545454546,0.7325038459638018,0.6428571428571429,0.5909090909090909,,,,0.5909090909090909,0.6428571428571429,,
strict,selection,9,severity_binary,all,none,gain,none,stacking,severity_binary|all|none|gain|none|stacking,ok,,202,50,55,0.6168831168831169,0.62,0.6207676767676767,0.6161616161616161,0.6220289855072463,0.6159420289855072,0.62,0.6168831168831169,0.7012987012987012,0.7358853206921184,0.6428571428571429,0.5909090909090909,,,,0.5909090909090909,0.6428571428571429,,
strict,selection,9,severity_binary,all,none,gain,tvae,rf,severity_binary|all|none|gain|tvae|rf,ok,,404,50,55,0.6428571428571428,0.66,0.6521395544346364,0.6427070197562001,0.6580392156862744,0.6568627450980392,0.66,0.6428571428571428,0.6866883116883116,0.7386503605639686,0.7857142857142857,0.5,,,,0.5,0.7857142857142857,,
strict,selection,9,severity_binary,all,none,gain,tvae,catboost,severity_binary|all|none|gain|tvae|catboost,ok,,404,50,55,0.6444805194805194,0.64,0.6411538461538462,0.6394230769230769,0.6505128205128206,0.6426282051282051,0.64,0.6444805194805194,0.6720779220779222,0.7219993250208008,0.6071428571428571,0.6818181818181818,,,,0.6818181818181818,0.6071428571428571,,
strict,selection,9,severity_binary,all,none,gain,tvae,stacking,severity_binary|all|none|gain|tvae|stacking,ok,,404,50,55,0.6363636363636364,0.62,0.615881172219992,0.6186270574066639,0.6539219015280137,0.6426146010186757,0.62,0.6363636363636364,0.6737012987012987,0.7286799270510401,0.5,0.7727272727272727,,,,0.7727272727272727,0.5,,
strict,selection,9,severity_binary,all,none,mice,none,rf,severity_binary|all|none|mice|none|rf,ok,,202,50,55,0.6347402597402598,0.64,0.64,0.6347402597402598,0.64,0.6347402597402598,0.64,0.6347402597402598,0.6818181818181819,0.7136936810356931,0.6785714285714286,0.5909090909090909,,,,0.5909090909090909,0.6785714285714286,,
strict,selection,9,severity_binary,all,none,mice,none,catboost,severity_binary|all|none|mice|none|catboost,ok,,202,50,55,0.6396103896103896,0.64,0.641159420289855,0.6376811594202898,0.6443589743589743,0.6378205128205128,0.64,0.6396103896103896,0.7029220779220778,0.7534350769262943,0.6428571428571429,0.6363636363636364,,,,0.6363636363636364,0.6428571428571429,,
strict,selection,9,severity_binary,all,none,mice,none,stacking,severity_binary|all|none|mice|none|stacking,ok,,202,50,55,0.6217532467532467,0.62,0.621372942593336,0.6186270574066639,0.6272000000000001,0.6200000000000001,0.62,0.6217532467532467,0.6931818181818182,0.7291815538599781,0.6071428571428571,0.6363636363636364,,,,0.6363636363636364,0.6071428571428571,,
strict,selection,9,severity_binary,all,none,mice,tvae,rf,severity_binary|all|none|mice|tvae|rf,ok,,404,50,55,0.6022727272727273,0.62,0.6112147961328289,0.6006725514922235,0.615187165775401,0.6122994652406417,0.62,0.6022727272727273,0.6607142857142858,0.730838831988684,0.75,0.45454545454545453,,,,0.45454545454545453,0.75,,
strict,selection,9,severity_binary,all,none,mice,tvae,catboost,severity_binary|all|none|mice|tvae|catboost,ok,,404,50,55,0.586038961038961,0.58,0.5808403361344538,0.5798319327731092,0.5933655394524959,0.5853462157809983,0.58,0.586038961038961,0.6672077922077921,0.7509904745967262,0.5357142857142857,0.6363636363636364,,,,0.6363636363636364,0.5357142857142857,,
strict,selection,9,severity_binary,all,none,mice,tvae,stacking,severity_binary|all|none|mice|tvae|stacking,ok,,404,50,55,0.5551948051948051,0.54,0.5350140505820956,0.5383380168606985,0.5665874363327673,0.5577249575551783,0.54,0.5551948051948051,0.6607142857142858,0.7509139887981906,0.42857142857142855,0.6818181818181818,,,,0.6818181818181818,0.42857142857142855,,
strict,selection,9,severity_binary,all,none,softimpute,none,rf,severity_binary|all|none|softimpute|none|rf,ok,,202,50,55,0.6753246753246753,0.68,0.68,0.6753246753246753,0.68,0.6753246753246753,0.68,0.6753246753246753,0.737012987012987,0.7708721427748325,0.7142857142857143,0.6363636363636364,,,,0.6363636363636364,0.7142857142857143,,
strict,selection,9,severity_binary,all,none,softimpute,none,catboost,severity_binary|all|none|softimpute|none|catboost,ok,,202,50,55,0.6444805194805194,0.64,0.6411538461538462,0.6394230769230769,0.6505128205128206,0.6426282051282051,0.64,0.6444805194805194,0.6996753246753247,0.7801104910700981,0.6071428571428571,0.6818181818181818,,,,0.6818181818181818,0.6071428571428571,,
strict,selection,9,severity_binary,all,none,softimpute,none,stacking,severity_binary|all|none|softimpute|none|stacking,ok,,202,50,55,0.6948051948051948,0.68,0.6779487179487179,0.6794871794871795,0.7120000000000001,0.7,0.68,0.6948051948051948,0.7159090909090909,0.7845156197889334,0.5714285714285714,0.8181818181818182,,,,0.8181818181818182,0.5714285714285714,,
strict,selection,9,severity_binary,all,none,softimpute,tvae,rf,severity_binary|all|none|softimpute|tvae|rf,ok,,404,50,55,0.6428571428571428,0.66,0.6521395544346364,0.6427070197562001,0.6580392156862744,0.6568627450980392,0.66,0.6428571428571428,0.7305194805194805,0.809041167979249,0.7857142857142857,0.5,,,,0.5,0.7857142857142857,,
strict,selection,9,severity_binary,all,none,softimpute,tvae,catboost,severity_binary|all|none|softimpute|tvae|catboost,ok,,404,50,55,0.6266233766233766,0.62,0.6207603041216487,0.6198479391756703,0.6340096618357488,0.6256038647342995,0.62,0.6266233766233766,0.698051948051948,0.7881657871457632,0.5714285714285714,0.6818181818181818,,,,0.6818181818181818,0.5714285714285714,,
strict,selection,9,severity_binary,all,none,softimpute,tvae,stacking,severity_binary|all|none|softimpute|tvae|stacking,ok,,404,50,55,0.676948051948052,0.66,0.6563147330389402,0.6587715776796468,0.6975891341256367,0.6850594227504245,0.66,0.676948051948052,0.7142857142857143,0.7948937927689138,0.5357142857142857,0.8181818181818182,,,,0.8181818181818182,0.5357142857142857,,
strict,selection,9,severity_binary,all,none,raw,none,catboost,severity_binary|all|none|raw|none|catboost,ok,,202,50,55,0.6753246753246753,0.68,0.68,0.6753246753246753,0.68,0.6753246753246753,0.68,0.6753246753246753,0.672077922077922,0.723980075340143,0.7142857142857143,0.6363636363636364,,,,0.6363636363636364,0.7142857142857143,,
strict,selection,9,severity_binary,drop_gt70_missing,none,mean,none,rf,severity_binary|drop_gt70_missing|none|mean|none|rf,ok,,202,50,47,0.5941558441558441,0.6,0.6,0.5941558441558441,0.6,0.5941558441558441,0.6,0.5941558441558441,0.6704545454545454,0.7236155060107681,0.6428571428571429,0.5454545454545454,,,,0.5454545454545454,0.6428571428571429,,
strict,selection,9,severity_binary,drop_gt70_missing,none,mean,none,catboost,severity_binary|drop_gt70_missing|none|mean|none|catboost,ok,,202,50,47,0.6444805194805194,0.64,0.6411538461538462,0.6394230769230769,0.6505128205128206,0.6426282051282051,0.64,0.6444805194805194,0.6558441558441558,0.7210046605662563,0.6071428571428571,0.6818181818181818,,,,0.6818181818181818,0.6071428571428571,,
strict,selection,9,severity_binary,drop_gt70_missing,none,mean,none,stacking,severity_binary|drop_gt70_missing|none|mean|none|stacking,ok,,202,50,47,0.6217532467532467,0.62,0.621372942593336,0.6186270574066639,0.6272000000000001,0.6200000000000001,0.62,0.6217532467532467,0.672077922077922,0.7178980376143026,0.6071428571428571,0.6363636363636364,,,,0.6363636363636364,0.6071428571428571,,
strict,selection,9,severity_binary,drop_gt70_missing,none,mean,tvae,rf,severity_binary|drop_gt70_missing|none|mean|tvae|rf,ok,,404,50,47,0.6071428571428572,0.62,0.6157585779247623,0.6072757337742869,0.6160271646859082,0.6120543293718166,0.62,0.6071428571428572,0.698051948051948,0.7266408319239076,0.7142857142857143,0.5,,,,0.5,0.7142857142857143,,
strict,selection,9,severity_binary,drop_gt70_missing,none,mean,tvae,catboost,severity_binary|drop_gt70_missing|none|mean|tvae|catboost,ok,,404,50,47,0.6266233766233766,0.62,0.6207603041216487,0.6198479391756703,0.6340096618357488,0.6256038647342995,0.62,0.6266233766233766,0.6590909090909091,0.7133383943800309,0.5714285714285714,0.6818181818181818,,,,0.6818181818181818,0.5714285714285714,,
strict,selection,9,severity_binary,drop_gt70_missing,none,mean,tvae,stacking,severity_binary|drop_gt70_missing|none|mean|tvae|stacking,ok,,404,50,47,0.672077922077922,0.66,0.659047619047619,0.6598639455782312,0.6845977011494253,0.674055829228243,0.66,0.672077922077922,0.6850649350649352,0.7144527065357323,0.5714285714285714,0.7727272727272727,,,,0.7727272727272727,0.5714285714285714,,
strict,selection,9,severity_binary,drop_gt70_missing,none,pmm,none,rf,severity_binary|drop_gt70_missing|none|pmm|none|rf,ok,,202,50,47,0.6525974025974026,0.66,0.6590289677682577,0.6532027743778049,0.6585878489326765,0.6543513957307061,0.66,0.6525974025974026,0.676948051948052,0.7010244901792928,0.7142857142857143,0.5909090909090909,,,,0.5909090909090909,0.7142857142857143,,
strict,selection,9,severity_binary,drop_gt70_missing,none,pmm,none,catboost,severity_binary|drop_gt70_missing|none|pmm|none|catboost,ok,,202,50,47,0.6396103896103896,0.64,0.641159420289855,0.6376811594202898,0.6443589743589743,0.6378205128205128,0.64,0.6396103896103896,0.702922077922078,0.726933950321556,0.6428571428571429,0.6363636363636364,,,,0.6363636363636364,0.6428571428571429,,
strict,selection,9,severity_binary,drop_gt70_missing,none,pmm,none,stacking,severity_binary|drop_gt70_missing|none|pmm|none|stacking,ok,,202,50,47,0.6396103896103896,0.64,0.641159420289855,0.6376811594202898,0.6443589743589743,0.6378205128205128,0.64,0.6396103896103896,0.702922077922078,0.7245142197151672,0.6428571428571429,0.6363636363636364,,,,0.6363636363636364,0.6428571428571429,,
strict,selection,9,severity_binary,drop_gt70_missing,none,pmm,tvae,rf,severity_binary|drop_gt70_missing|none|pmm|tvae|rf,ok,,404,50,47,0.6022727272727273,0.62,0.6112147961328289,0.6006725514922235,0.615187165775401,0.6122994652406417,0.62,0.6022727272727273,0.6964285714285714,0.740625507836173,0.75,0.45454545454545453,,,,0.45454545454545453,0.75,,
strict,selection,9,severity_binary,drop_gt70_missing,none,pmm,tvae,catboost,severity_binary|drop_gt70_missing|none|pmm|tvae|catboost,ok,,404,50,47,0.5957792207792207,0.58,0.5754476114010437,0.5784825371336813,0.6102546689303905,0.6001697792869269,0.58,0.5957792207792207,0.672077922077922,0.7240723850100816,0.4642857142857143,0.7272727272727273,,,,0.7272727272727273,0.4642857142857143,,
strict,selection,9,severity_binary,drop_gt70_missing,none,pmm,tvae,stacking,severity_binary|drop_gt70_missing|none|pmm|tvae|stacking,ok,,404,50,47,0.6136363636363636,0.6,0.5974358974358975,0.5993589743589745,0.6266666666666666,0.6166666666666667,0.6,0.6136363636363636,0.6704545454545454,0.7114003637951981,0.5,0.7272727272727273,,,,0.7272727272727273,0.5,,
strict,selection,9,severity_binary,drop_gt70_missing,none,gain,none,rf,severity_binary|drop_gt70_missing|none|gain|none|rf,ok,,202,50,47,0.6753246753246753,0.68,0.68,0.6753246753246753,0.68,0.6753246753246753,0.68,0.6753246753246753,0.7045454545454546,0.759304787950571,0.7142857142857143,0.6363636363636364,,,,0.6363636363636364,0.7142857142857143,,
strict,selection,9,severity_binary,drop_gt70_missing,none,gain,none,catboost,severity_binary|drop_gt70_missing|none|gain|none|catboost,ok,,202,50,47,0.599025974025974,0.6,0.6012882447665057,0.5974235104669887,0.6044871794871794,0.5977564102564102,0.6,0.599025974025974,0.663961038961039,0.7101591020564296,0.6071428571428571,0.5909090909090909,,,,0.5909090909090909,0.6071428571428571,,
strict,selection,9,severity_binary,drop_gt70_missing,none,gain,none,stacking,severity_binary|drop_gt70_missing|none|gain|none|stacking,ok,,202,50,47,0.6266233766233766,0.62,0.6207603041216487,0.6198479391756703,0.6340096618357488,0.6256038647342995,0.62,0.6266233766233766,0.6834415584415584,0.7391561833139725,0.5714285714285714,0.6818181818181818,,,,0.6818181818181818,0.5714285714285714,,
strict,selection,9,severity_binary,drop_gt70_missing,none,gain,tvae,rf,severity_binary|drop_gt70_missing|none|gain|tvae|rf,ok,,404,50,47,0.637987012987013,0.66,0.6467267267267267,0.6353496353496353,0.6613333333333332,0.6619047619047619,0.66,0.637987012987013,0.676948051948052,0.7365509209848351,0.8214285714285714,0.45454545454545453,,,,0.45454545454545453,0.8214285714285714,,
strict,selection,9,severity_binary,drop_gt70_missing,none,gain,tvae,catboost,severity_binary|drop_gt70_missing|none|gain|tvae|catboost,ok,,404,50,47,0.5633116883116883,0.56,0.5614102564102563,0.5592948717948718,0.57,0.5625,0.56,0.5633116883116883,0.663961038961039,0.7129771936951013,0.5357142857142857,0.5909090909090909,,,,0.5909090909090909,0.5357142857142857,,
strict,selection,9,severity_binary,drop_gt70_missing,none,gain,tvae,stacking,severity_binary|drop_gt70_missing|none|gain|tvae|stacking,ok,,404,50,47,0.5957792207792207,0.58,0.5754476114010437,0.5784825371336813,0.6102546689303905,0.6001697792869269,0.58,0.5957792207792207,0.663961038961039,0.7201936832060731,0.4642857142857143,0.7272727272727273,,,,0.7272727272727273,0.4642857142857143,,
strict,selection,9,severity_binary,drop_gt70_missing,none,mice,none,rf,severity_binary|drop_gt70_missing|none|mice|none|rf,ok,,202,50,47,0.6347402597402598,0.64,0.64,0.6347402597402598,0.64,0.6347402597402598,0.64,0.6347402597402598,0.6785714285714286,0.7250308630965154,0.6785714285714286,0.5909090909090909,,,,0.5909090909090909,0.6785714285714286,,
strict,selection,9,severity_binary,drop_gt70_missing,none,mice,none,catboost,severity_binary|drop_gt70_missing|none|mice|none|catboost,ok,,202,50,47,0.6217532467532467,0.62,0.621372942593336,0.6186270574066639,0.6272000000000001,0.6200000000000001,0.62,0.6217532467532467,0.6607142857142857,0.7397349325269476,0.6071428571428571,0.6363636363636364,,,,0.6363636363636364,0.6071428571428571,,
strict,selection,9,severity_binary,drop_gt70_missing,none,mice,none,stacking,severity_binary|drop_gt70_missing|none|mice|none|stacking,ok,,202,50,47,0.6038961038961039,0.6,0.6012820512820514,0.5993589743589745,0.6102564102564102,0.6025641025641025,0.6,0.6038961038961039,0.685064935064935,0.7479271176819362,0.5714285714285714,0.6363636363636364,,,,0.6363636363636364,0.5714285714285714,,
strict,selection,9,severity_binary,drop_gt70_missing,none,mice,tvae,rf,severity_binary|drop_gt70_missing|none|mice|tvae|rf,ok,,404,50,47,0.6525974025974026,0.66,0.6590289677682577,0.6532027743778049,0.6585878489326765,0.6543513957307061,0.66,0.6525974025974026,0.672077922077922,0.7259434502825545,0.7142857142857143,0.5909090909090909,,,,0.5909090909090909,0.7142857142857143,,
strict,selection,9,severity_binary,drop_gt70_missing,none,mice,tvae,catboost,severity_binary|drop_gt70_missing|none|mice|tvae|catboost,ok,,404,50,47,0.6801948051948052,0.68,0.6810305958132045,0.677938808373591,0.6842307692307692,0.6778846153846154,0.68,0.6801948051948052,0.7061688311688311,0.7491637727044095,0.6785714285714286,0.6818181818181818,,,,0.6818181818181818,0.6785714285714286,,
strict,selection,9,severity_binary,drop_gt70_missing,none,mice,tvae,stacking,severity_binary|drop_gt70_missing|none|mice|tvae|stacking,ok,,404,50,47,0.6672077922077921,0.66,0.6606802721088434,0.6598639455782312,0.6746537842190016,0.6658615136876006,0.66,0.6672077922077921,0.702922077922078,0.740210942702297,0.6071428571428571,0.7272727272727273,,,,0.7272727272727273,0.6071428571428571,,
strict,selection,9,severity_binary,drop_gt70_missing,none,softimpute,none,rf,severity_binary|drop_gt70_missing|none|softimpute|none|rf,ok,,202,50,47,0.6753246753246753,0.68,0.68,0.6753246753246753,0.68,0.6753246753246753,0.68,0.6753246753246753,0.6883116883116883,0.7661747078498728,0.7142857142857143,0.6363636363636364,,,,0.6363636363636364,0.7142857142857143,,
strict,selection,9,severity_binary,drop_gt70_missing,none,softimpute,none,catboost,severity_binary|drop_gt70_missing|none|softimpute|none|catboost,ok,,202,50,47,0.6038961038961039,0.6,0.6012820512820514,0.5993589743589745,0.6102564102564102,0.6025641025641025,0.6,0.6038961038961039,0.6542207792207791,0.7408792643926165,0.5714285714285714,0.6363636363636364,,,,0.6363636363636364,0.5714285714285714,,
strict,selection,9,severity_binary,drop_gt70_missing,none,softimpute,none,stacking,severity_binary|drop_gt70_missing|none|softimpute|none|stacking,ok,,202,50,47,0.6087662337662337,0.6,0.6,0.6,0.6175324675324675,0.6087662337662337,0.6,0.6087662337662337,0.6672077922077922,0.747883380855509,0.5357142857142857,0.6818181818181818,,,,0.6818181818181818,0.5357142857142857,,
strict,selection,9,severity_binary,drop_gt70_missing,none,softimpute,tvae,rf,severity_binary|drop_gt70_missing|none|softimpute|tvae|rf,ok,,404,50,47,0.5795454545454546,0.6,0.5877758913412563,0.5755517826825127,0.5933823529411765,0.5900735294117647,0.6,0.5795454545454546,0.6688311688311688,0.762318279918526,0.75,0.4090909090909091,,,,0.4090909090909091,0.75,,
strict,selection,9,severity_binary,drop_gt70_missing,none,softimpute,tvae,catboost,severity_binary|drop_gt70_missing|none|softimpute|tvae|catboost,ok,,404,50,47,0.5633116883116883,0.56,0.5614102564102563,0.5592948717948718,0.57,0.5625,0.56,0.5633116883116883,0.6412337662337662,0.735715846270381,0.5357142857142857,0.5909090909090909,,,,0.5909090909090909,0.5357142857142857,,
strict,selection,9,severity_binary,drop_gt70_missing,none,softimpute,tvae,stacking,severity_binary|drop_gt70_missing|none|softimpute|tvae|stacking,ok,,404,50,47,0.6314935064935066,0.62,0.6189355742296919,0.6198479391756703,0.6427586206896553,0.6330049261083743,0.62,0.6314935064935066,0.6607142857142857,0.7572635549548554,0.5357142857142857,0.7272727272727273,,,,0.7272727272727273,0.5357142857142857,,
strict,selection,9,severity_binary,drop_gt70_missing,none,raw,none,catboost,severity_binary|drop_gt70_missing|none|raw|none|catboost,ok,,202,50,47,0.6444805194805194,0.64,0.6411538461538462,0.6394230769230769,0.6505128205128206,0.6426282051282051,0.64,0.6444805194805194,0.6704545454545454,0.7065747496595559,0.6071428571428571,0.6818181818181818,,,,0.6818181818181818,0.6071428571428571,,
